strategy,model_name,target,fold,n_test,rmse
LOSO,RF,T_C,0,4,166.28054254698418
LOSO,RF,T_C,1,1,7.369318181818244
LOSO,RF,T_C,2,4,160.71778972426506
LOSO,RF,T_C,3,4,56.954091238812424
LOSO,RF,T_C,4,34,18.733501637071367
LOSO,RF,T_C,5,3,32.5025028119768
LOSO,RF,T_C,6,17,61.585109175404185
LOSO,RF,T_C,7,10,72.80645044788517
LOSO,RF,T_C,8,23,52.33573293525917
LOSO,RF,T_C,9,4,65.47606259865913
LOSO,RF,T_C,10,3,170.329147778115
LOSO,RF,T_C,11,4,61.90469923302694
LOSO,RF,T_C,12,13,79.1337503537625
LOSO,RF,T_C,13,9,18.127257899841673
LOSO,RF,T_C,14,6,20.86474639106006
LOSO,RF,T_C,15,1,184.3888888888889
LOSO,RF,T_C,16,1,20.868480725623613
LOSO,RF,T_C,17,7,88.3389767792437
LOSO,RF,T_C,18,4,25.881762774009875
LOSO,RF,T_C,19,1,71.859375
LOSO,RF,T_C,20,3,28.838354436767354
LOSO,RF,T_C,21,23,55.817750817809745
LOSO,RF,T_C,22,12,17.493628002087164
LOSO,RF,T_C,23,9,79.97679446777775
LOSO,RF,T_C,24,8,37.04312013819469
LOSO,RF,T_C,25,9,32.985451711910294
LOSO,RF,T_C,26,3,56.935636175129076
LOSO,RF,T_C,27,2,43.42439883243254
LOSO,RF,T_C,28,3,6.745415179573644
LOSO,RF,T_C,29,3,63.24237931655596
LOSO,RF,T_C,30,1,35.29166666666674
LOSO,RF,T_C,31,21,83.72666794534808
LOSO,RF,T_C,32,7,83.04769271623738
LOSO,RF,T_C,33,1,278.2833333333333
LOSO,RF,T_C,34,2,63.533657072970065
LOSO,RF,T_C,35,7,52.539564551430836
LOSO,RF,T_C,36,2,16.743855278541936
LOSO,RF,T_C,37,5,65.36413702444648
LOSO,RF,T_C,38,3,86.6817337342356
LOSO,RF,T_C,39,16,43.31936648278324
LOSO,RF,T_C,40,1,175.0
LOSO,RF,T_C,41,2,108.1359263015709
LOSO,RF,T_C,42,1,52.5
LOSO,RF,T_C,43,6,49.247951158626535
LOSO,RF,T_C,44,17,32.28056731659758
LOSO,RF,T_C,45,6,20.39358814676814
LOSO,RF,T_C,46,10,17.272195016239593
LOSO,RF,T_C,47,1,20.409523809523762
LOSO,RF,T_C,48,1,10.35714285714289
LOSO,RF,T_C,49,5,72.80421811948061
LOSO,RF,T_C,50,5,67.75741977482262
LOSO,RF,T_C,51,10,63.716807714753934
LOSO,RF,T_C,52,1,31.291666666666515
LOSO,RF,T_C,53,7,48.4156107865482
LOSO,RF,T_C,54,2,22.93395951765703
LOSO,RF,T_C,55,1,90.0
LOSO,RF,T_C,56,3,96.56336491282308
LOSO,RF,T_C,57,3,130.86547489797206
LOSO,RF,T_C,58,6,27.01721906244796
LOSO,RF,T_C,59,6,87.58869406422832
LOSO,RF,T_C,60,19,31.4251129387942
LOSO,RF,T_C,61,2,11.722235978111522
LOSO,RF,T_C,62,17,102.29689293609086
LOSO,RF,T_C,63,3,198.14949766337097
LOSO,RF,T_C,64,16,72.21825142501392
LOSO,RF,T_C,65,1,26.897435897436026
LOSO,RF,T_C,66,3,96.17308928755551
LOSO,RF,T_C,67,11,79.60231552324221
LOSO,RF,T_C,68,14,56.36847182635986
LOSO,RF,T_C,69,1,40.176923076923
LOSO,RF,T_C,70,10,23.250609810925386
LOSO,RF,T_C,71,17,37.462522979531194
LOSO,RF,T_C,72,5,128.89911702723896
LOSO,RF,T_C,73,10,89.32931951100086
LOSO,RF,T_C,74,1,254.56944444444434
LOSO,RF,T_C,75,1,78.09999999999991
LOSO,RF,T_C,76,12,28.655614796937833
LOSO,RF,T_C,77,6,45.518731071296315
LOSO,RF,T_C,78,1,47.928571428571445
LOSO,RF,T_C,79,1,30.74155844155848
LOSO,RF,T_C,80,3,56.53034449082216
LOSO,RF,T_C,81,6,60.64132371929286
LOSO,RF,T_C,82,2,73.43299115978371
LOSO,RF,T_C,83,10,59.980165567258915
LOSO,RF,T_C,84,1,38.08999999999992
LOSO,RF,T_C,85,5,67.31096292371556
LOSO,RF,T_C,86,2,64.94921393384989
LOSO,RF,T_C,87,2,258.9605668994333
LOSO,RF,T_C,88,6,109.96131710828877
LOSO,RF,T_C,89,8,37.323130356699885
LOSO,RF,T_C,90,8,236.71574098120865
LOSO,RF,T_C,91,5,136.2040762921468
LOSO,RF,T_C,92,4,16.834506456647027
LOSO,RF,P_kbar,0,4,21.67872217641833
LOSO,RF,P_kbar,1,1,1.3250028132420029e-05
LOSO,RF,P_kbar,2,4,1.2799586439808956
LOSO,RF,P_kbar,3,4,3.9362959562782796
LOSO,RF,P_kbar,4,34,7.601398925079144
LOSO,RF,P_kbar,5,3,1.2171615218392822
LOSO,RF,P_kbar,6,17,0.8248148763442524
LOSO,RF,P_kbar,7,10,4.801708843527487
LOSO,RF,P_kbar,8,23,9.691823200937584
LOSO,RF,P_kbar,9,4,4.3304237199843065
LOSO,RF,P_kbar,10,3,15.445227460763927
LOSO,RF,P_kbar,11,4,9.733264142869766
LOSO,RF,P_kbar,12,13,2.8201390052924205
LOSO,RF,P_kbar,13,9,4.557777048026884
LOSO,RF,P_kbar,14,6,3.3433664359114177
LOSO,RF,P_kbar,15,1,3.169173179147643
LOSO,RF,P_kbar,16,1,2.000000476837
LOSO,RF,P_kbar,17,7,3.0428659118231836
LOSO,RF,P_kbar,18,4,1.5498158043477197
LOSO,RF,P_kbar,19,1,7.999999523163002
LOSO,RF,P_kbar,20,3,6.155742077520339
LOSO,RF,P_kbar,21,23,4.766875582969485
LOSO,RF,P_kbar,22,12,2.2417131912167956
LOSO,RF,P_kbar,23,9,1.740051084818425
LOSO,RF,P_kbar,24,8,2.157834628553011
LOSO,RF,P_kbar,25,9,3.5504860941342042
LOSO,RF,P_kbar,26,3,5.876311254938443
LOSO,RF,P_kbar,27,2,0.0
LOSO,RF,P_kbar,28,3,4.767766925871345
LOSO,RF,P_kbar,29,3,2.2449512308124118
LOSO,RF,P_kbar,30,1,0.0
LOSO,RF,P_kbar,31,21,2.7898130230364457
LOSO,RF,P_kbar,32,7,0.5292700775501473
LOSO,RF,P_kbar,33,1,2.5999996513129435
LOSO,RF,P_kbar,34,2,1.808567944933186
LOSO,RF,P_kbar,35,7,2.6666536712549864
LOSO,RF,P_kbar,36,2,1.3250004020532415e-05
LOSO,RF,P_kbar,37,5,4.28081161703751
LOSO,RF,P_kbar,38,3,4.167850661533305
LOSO,RF,P_kbar,39,16,3.18841694672305
LOSO,RF,P_kbar,40,1,13.414361680120095
LOSO,RF,P_kbar,41,2,4.326368710911893
LOSO,RF,P_kbar,42,1,9.333333253860499
LOSO,RF,P_kbar,43,6,1.3158577662840536
LOSO,RF,P_kbar,44,17,2.680487325360959
LOSO,RF,P_kbar,45,6,2.9790940692698564
LOSO,RF,P_kbar,46,10,1.612451560749277
LOSO,RF,P_kbar,47,1,9.99
LOSO,RF,P_kbar,48,1,1.506570605268891
LOSO,RF,P_kbar,49,5,9.723296853469005
LOSO,RF,P_kbar,50,5,1.6666663487753668
LOSO,RF,P_kbar,51,10,6.640296722099982
LOSO,RF,P_kbar,52,1,7.705223222187209
LOSO,RF,P_kbar,53,7,2.518564651556781
LOSO,RF,P_kbar,54,2,2.915475939244946
LOSO,RF,P_kbar,55,1,3.0000002097628737
LOSO,RF,P_kbar,56,3,5.231448685720363
LOSO,RF,P_kbar,57,3,6.644766569616796
LOSO,RF,P_kbar,58,6,3.351085821266349
LOSO,RF,P_kbar,59,6,6.968897212439127
LOSO,RF,P_kbar,60,19,4.345343235250044
LOSO,RF,P_kbar,61,2,0.7516648553952029
LOSO,RF,P_kbar,62,17,5.576025648035711
LOSO,RF,P_kbar,63,3,2.1984846076626203
LOSO,RF,P_kbar,64,16,3.3169708212266102
LOSO,RF,P_kbar,65,1,4.749697708280388
LOSO,RF,P_kbar,66,3,5.492584870343099
LOSO,RF,P_kbar,67,11,1.9294959518845967
LOSO,RF,P_kbar,68,14,1.9278165850159048
LOSO,RF,P_kbar,69,1,25.94999999118348
LOSO,RF,P_kbar,70,10,0.31622776601683794
LOSO,RF,P_kbar,71,17,5.791687826124668
LOSO,RF,P_kbar,72,5,7.227208791345367
LOSO,RF,P_kbar,73,10,3.847484147952996
LOSO,RF,P_kbar,74,1,3.693111189312406
LOSO,RF,P_kbar,75,1,0.0
LOSO,RF,P_kbar,76,12,3.227486121839514
LOSO,RF,P_kbar,77,6,1.5999764811539365
LOSO,RF,P_kbar,78,1,8.511416657517358
LOSO,RF,P_kbar,79,1,1.8594424706459964
LOSO,RF,P_kbar,80,3,4.898979372010096
LOSO,RF,P_kbar,81,6,7.2498960588531425
LOSO,RF,P_kbar,82,2,6.368324712338705
LOSO,RF,P_kbar,83,10,2.3219949593325486
LOSO,RF,P_kbar,84,1,2.8740000724792
LOSO,RF,P_kbar,85,5,1.7888547662518475
LOSO,RF,P_kbar,86,2,0.9219549543118694
LOSO,RF,P_kbar,87,2,6.4844721432712005
LOSO,RF,P_kbar,88,6,19.592249128199413
LOSO,RF,P_kbar,89,8,5.266188957434031
LOSO,RF,P_kbar,90,8,2.5
LOSO,RF,P_kbar,91,5,11.038019814844999
LOSO,RF,P_kbar,92,4,2.015564355750984
LOSO,ERT,T_C,0,4,197.78874708278155
LOSO,ERT,T_C,1,1,1.381249999999909
LOSO,ERT,T_C,2,4,159.59101822383235
LOSO,ERT,T_C,3,4,47.50042703054671
LOSO,ERT,T_C,4,34,15.78952332924077
LOSO,ERT,T_C,5,3,41.61117407294163
LOSO,ERT,T_C,6,17,64.21128707392262
LOSO,ERT,T_C,7,10,76.46758061653196
LOSO,ERT,T_C,8,23,58.81970608676339
LOSO,ERT,T_C,9,4,59.30441704480972
LOSO,ERT,T_C,10,3,162.7526935545438
LOSO,ERT,T_C,11,4,80.22616684861754
LOSO,ERT,T_C,12,13,76.337472025886
LOSO,ERT,T_C,13,9,13.957280169201756
LOSO,ERT,T_C,14,6,18.984608428985542
LOSO,ERT,T_C,15,1,215.96509971509977
LOSO,ERT,T_C,16,1,48.13919413919416
LOSO,ERT,T_C,17,7,89.06248765632087
LOSO,ERT,T_C,18,4,12.40345818199296
LOSO,ERT,T_C,19,1,93.5
LOSO,ERT,T_C,20,3,24.494019075935398
LOSO,ERT,T_C,21,23,57.50766931373795
LOSO,ERT,T_C,22,12,17.948437696655176
LOSO,ERT,T_C,23,9,78.83611411026706
LOSO,ERT,T_C,24,8,34.32317121678443
LOSO,ERT,T_C,25,9,38.57883655546984
LOSO,ERT,T_C,26,3,44.870873781229086
LOSO,ERT,T_C,27,2,47.92253188741173
LOSO,ERT,T_C,28,3,16.118669124390063
LOSO,ERT,T_C,29,3,64.52172526822316
LOSO,ERT,T_C,30,1,56.25
LOSO,ERT,T_C,31,21,79.7176363455078
LOSO,ERT,T_C,32,7,76.0732214425754
LOSO,ERT,T_C,33,1,310.5833333333335
LOSO,ERT,T_C,34,2,40.4417274940634
LOSO,ERT,T_C,35,7,44.49165841345718
LOSO,ERT,T_C,36,2,14.932247898255424
LOSO,ERT,T_C,37,5,59.860527201459995
LOSO,ERT,T_C,38,3,48.33093936953281
LOSO,ERT,T_C,39,16,46.80780306748582
LOSO,ERT,T_C,40,1,178.33333333333326
LOSO,ERT,T_C,41,2,103.31022927194682
LOSO,ERT,T_C,42,1,45.77380952380963
LOSO,ERT,T_C,43,6,54.03459615367672
LOSO,ERT,T_C,44,17,27.180842087393742
LOSO,ERT,T_C,45,6,28.609965933205313
LOSO,ERT,T_C,46,10,19.57526471952004
LOSO,ERT,T_C,47,1,26.09999999999991
LOSO,ERT,T_C,48,1,40.833333333333485
LOSO,ERT,T_C,49,5,103.87869719128528
LOSO,ERT,T_C,50,5,51.45041567884634
LOSO,ERT,T_C,51,10,76.21678627658122
LOSO,ERT,T_C,52,1,53.59999999999991
LOSO,ERT,T_C,53,7,63.55416606019673
LOSO,ERT,T_C,54,2,30.153326355110025
LOSO,ERT,T_C,55,1,90.0
LOSO,ERT,T_C,56,3,87.05675104625625
LOSO,ERT,T_C,57,3,126.29872086494552
LOSO,ERT,T_C,58,6,39.08287736201666
LOSO,ERT,T_C,59,6,97.87294555726227
LOSO,ERT,T_C,60,19,23.472169172572602
LOSO,ERT,T_C,61,2,33.654705486586735
LOSO,ERT,T_C,62,17,100.63800590462652
LOSO,ERT,T_C,63,3,196.28178921791528
LOSO,ERT,T_C,64,16,94.80744388380849
LOSO,ERT,T_C,65,1,58.23076923076928
LOSO,ERT,T_C,66,3,98.70402980926144
LOSO,ERT,T_C,67,11,76.04718465386227
LOSO,ERT,T_C,68,14,41.24748216949566
LOSO,ERT,T_C,69,1,11.830128205128176
LOSO,ERT,T_C,70,10,27.74831685003987
LOSO,ERT,T_C,71,17,30.43093907532904
LOSO,ERT,T_C,72,5,157.52047676341397
LOSO,ERT,T_C,73,10,77.65128264509592
LOSO,ERT,T_C,74,1,254.44444444444434
LOSO,ERT,T_C,75,1,62.916666666666515
LOSO,ERT,T_C,76,12,24.66002849126712
LOSO,ERT,T_C,77,6,46.74640909750138
LOSO,ERT,T_C,78,1,26.78571428571422
LOSO,ERT,T_C,79,1,56.66666666666674
LOSO,ERT,T_C,80,3,57.813204172110055
LOSO,ERT,T_C,81,6,88.59825762905821
LOSO,ERT,T_C,82,2,68.48635651008937
LOSO,ERT,T_C,83,10,58.74435562798011
LOSO,ERT,T_C,84,1,41.39499999999998
LOSO,ERT,T_C,85,5,79.70453941710505
LOSO,ERT,T_C,86,2,44.77423967802839
LOSO,ERT,T_C,87,2,268.80198786570674
LOSO,ERT,T_C,88,6,101.2634425871396
LOSO,ERT,T_C,89,8,30.974809022518166
LOSO,ERT,T_C,90,8,239.48123290085636
LOSO,ERT,T_C,91,5,140.66514057994766
LOSO,ERT,T_C,92,4,20.093844500382534
LOSO,ERT,P_kbar,0,4,26.564518818631505
LOSO,ERT,P_kbar,1,1,1.3250028132420029e-05
LOSO,ERT,P_kbar,2,4,1.3530956671916345
LOSO,ERT,P_kbar,3,4,3.719531079125739
LOSO,ERT,P_kbar,4,34,8.74528181132337
LOSO,ERT,P_kbar,5,3,1.1547005383792515
LOSO,ERT,P_kbar,6,17,1.599822353236476
LOSO,ERT,P_kbar,7,10,4.724807533353329
LOSO,ERT,P_kbar,8,23,10.98126839784849
LOSO,ERT,P_kbar,9,4,4.353407966579739
LOSO,ERT,P_kbar,10,3,16.525339861596983
LOSO,ERT,P_kbar,11,4,10.013845442435919
LOSO,ERT,P_kbar,12,13,2.9961946252101717
LOSO,ERT,P_kbar,13,9,4.115070369699885
LOSO,ERT,P_kbar,14,6,3.855056007358736
LOSO,ERT,P_kbar,15,1,8.588666639318074
LOSO,ERT,P_kbar,16,1,2.000000476837
LOSO,ERT,P_kbar,17,7,3.0857062570352336
LOSO,ERT,P_kbar,18,4,1.7349186370183154
LOSO,ERT,P_kbar,19,1,8.099999532699762
LOSO,ERT,P_kbar,20,3,4.596793355405419
LOSO,ERT,P_kbar,21,23,4.5276237386346505
LOSO,ERT,P_kbar,22,12,1.434738188519613
LOSO,ERT,P_kbar,23,9,0.9651917036204718
LOSO,ERT,P_kbar,24,8,2.0171164732710434
LOSO,ERT,P_kbar,25,9,2.0288964049757157
LOSO,ERT,P_kbar,26,3,5.726054575738985
LOSO,ERT,P_kbar,27,2,0.0
LOSO,ERT,P_kbar,28,3,8.877511022092063
LOSO,ERT,P_kbar,29,3,1.7566012910501259
LOSO,ERT,P_kbar,30,1,0.0
LOSO,ERT,P_kbar,31,21,2.605179903784286
LOSO,ERT,P_kbar,32,7,0.6886563273626026
LOSO,ERT,P_kbar,33,1,3.099999764561682
LOSO,ERT,P_kbar,34,2,2.0779850722572117
LOSO,ERT,P_kbar,35,7,3.2925831562420615
LOSO,ERT,P_kbar,36,2,1.3343147704269838
LOSO,ERT,P_kbar,37,5,4.630660300053972
LOSO,ERT,P_kbar,38,3,4.362723633600228
LOSO,ERT,P_kbar,39,16,3.5137279415944245
LOSO,ERT,P_kbar,40,1,13.139999508857882
LOSO,ERT,P_kbar,41,2,3.7545172259980824
LOSO,ERT,P_kbar,42,1,1.5500000000000007
LOSO,ERT,P_kbar,43,6,0.7216558693709598
LOSO,ERT,P_kbar,44,17,1.6863613268342497
LOSO,ERT,P_kbar,45,6,2.4715331224074206
LOSO,ERT,P_kbar,46,10,0.7905694150420949
LOSO,ERT,P_kbar,47,1,11.632234958816385
LOSO,ERT,P_kbar,48,1,3.5000001788138757
LOSO,ERT,P_kbar,49,5,9.551783007648094
LOSO,ERT,P_kbar,50,5,2.74750813600729e-07
LOSO,ERT,P_kbar,51,10,7.311883817907575
LOSO,ERT,P_kbar,52,1,10.373999940420662
LOSO,ERT,P_kbar,53,7,2.3488143715065215
LOSO,ERT,P_kbar,54,2,1.5002893206659227
LOSO,ERT,P_kbar,55,1,3.1000002145771006
LOSO,ERT,P_kbar,56,3,6.085962945096436
LOSO,ERT,P_kbar,57,3,6.560212838279942
LOSO,ERT,P_kbar,58,6,5.912641183131216
LOSO,ERT,P_kbar,59,6,6.1273795396037745
LOSO,ERT,P_kbar,60,19,4.365946932430131
LOSO,ERT,P_kbar,61,2,1.6897489918620758
LOSO,ERT,P_kbar,62,17,6.040637297934837
LOSO,ERT,P_kbar,63,3,2.1990484606583633
LOSO,ERT,P_kbar,64,16,3.0037831117268983
LOSO,ERT,P_kbar,65,1,4.630615386150675
LOSO,ERT,P_kbar,66,3,5.497609662753356
LOSO,ERT,P_kbar,67,11,1.9159176713298014
LOSO,ERT,P_kbar,68,14,2.715567428171115
LOSO,ERT,P_kbar,69,1,22.984727325108636
LOSO,ERT,P_kbar,70,10,0.5597013399417703
LOSO,ERT,P_kbar,71,17,5.639361180042784
LOSO,ERT,P_kbar,72,5,9.487083542894903
LOSO,ERT,P_kbar,73,10,4.089230578332938
LOSO,ERT,P_kbar,74,1,4.374834221472027
LOSO,ERT,P_kbar,75,1,5.0
LOSO,ERT,P_kbar,76,12,2.6886951482706642
LOSO,ERT,P_kbar,77,6,2.171238137276873
LOSO,ERT,P_kbar,78,1,8.942800015211118
LOSO,ERT,P_kbar,79,1,2.0000003661426966
LOSO,ERT,P_kbar,80,3,1.6329935353902674
LOSO,ERT,P_kbar,81,6,5.172127601782512
LOSO,ERT,P_kbar,82,2,8.439326123513522
LOSO,ERT,P_kbar,83,10,2.8178907928141412
LOSO,ERT,P_kbar,84,1,0.11975001598202617
LOSO,ERT,P_kbar,85,5,1.7888547883422594
LOSO,ERT,P_kbar,86,2,5.369801590173934
LOSO,ERT,P_kbar,87,2,5.258365278369731
LOSO,ERT,P_kbar,88,6,16.325504079351223
LOSO,ERT,P_kbar,89,8,4.78809350511723
LOSO,ERT,P_kbar,90,8,2.5
LOSO,ERT,P_kbar,91,5,10.929340155518116
LOSO,ERT,P_kbar,92,4,1.1029081554618025
LOSO,XGB,T_C,0,4,162.01216053206332
LOSO,XGB,T_C,1,1,12.4388427734375
LOSO,XGB,T_C,2,4,163.932259439167
LOSO,XGB,T_C,3,4,71.11778745767604
LOSO,XGB,T_C,4,34,31.333090736297542
LOSO,XGB,T_C,5,3,20.097739349430697
LOSO,XGB,T_C,6,17,49.54504705344677
LOSO,XGB,T_C,7,10,65.73659493421418
LOSO,XGB,T_C,8,23,81.75143325431182
LOSO,XGB,T_C,9,4,42.609201283548316
LOSO,XGB,T_C,10,3,150.73248877842354
LOSO,XGB,T_C,11,4,86.97803351552398
LOSO,XGB,T_C,12,13,85.04826919347204
LOSO,XGB,T_C,13,9,25.788785499250498
LOSO,XGB,T_C,14,6,25.552682118337007
LOSO,XGB,T_C,15,1,221.50634765625
LOSO,XGB,T_C,16,1,73.114990234375
LOSO,XGB,T_C,17,7,87.97820929416835
LOSO,XGB,T_C,18,4,12.19084050082905
LOSO,XGB,T_C,19,1,2.9130859375
LOSO,XGB,T_C,20,3,41.13683960946029
LOSO,XGB,T_C,21,23,48.17733593261667
LOSO,XGB,T_C,22,12,25.468053352544416
LOSO,XGB,T_C,23,9,85.16204444360325
LOSO,XGB,T_C,24,8,28.38612269339013
LOSO,XGB,T_C,25,9,38.32139588277486
LOSO,XGB,T_C,26,3,43.7525722715915
LOSO,XGB,T_C,27,2,60.02885601340422
LOSO,XGB,T_C,28,3,34.12590203982318
LOSO,XGB,T_C,29,3,60.70254119623408
LOSO,XGB,T_C,30,1,73.8760986328125
LOSO,XGB,T_C,31,21,64.88433158452646
LOSO,XGB,T_C,32,7,56.71980347060834
LOSO,XGB,T_C,33,1,319.3675537109375
LOSO,XGB,T_C,34,2,46.1634317198183
LOSO,XGB,T_C,35,7,39.775655126513385
LOSO,XGB,T_C,36,2,22.438877043699108
LOSO,XGB,T_C,37,5,60.460146022426514
LOSO,XGB,T_C,38,3,90.40470198924469
LOSO,XGB,T_C,39,16,55.2704267217899
LOSO,XGB,T_C,40,1,169.22509765625
LOSO,XGB,T_C,41,2,127.61682953204884
LOSO,XGB,T_C,42,1,63.2496337890625
LOSO,XGB,T_C,43,6,43.62270442360538
LOSO,XGB,T_C,44,17,28.212033366041954
LOSO,XGB,T_C,45,6,28.241317077183645
LOSO,XGB,T_C,46,10,48.92790505692133
LOSO,XGB,T_C,47,1,16.69580078125
LOSO,XGB,T_C,48,1,9.1856689453125
LOSO,XGB,T_C,49,5,92.24353368299764
LOSO,XGB,T_C,50,5,58.719883210513245
LOSO,XGB,T_C,51,10,53.59967984600541
LOSO,XGB,T_C,52,1,47.7938232421875
LOSO,XGB,T_C,53,7,26.190041668834493
LOSO,XGB,T_C,54,2,24.77816040891941
LOSO,XGB,T_C,55,1,95.057861328125
LOSO,XGB,T_C,56,3,86.09210408158243
LOSO,XGB,T_C,57,3,116.65092412982827
LOSO,XGB,T_C,58,6,27.27422483500975
LOSO,XGB,T_C,59,6,117.6837017654137
LOSO,XGB,T_C,60,19,25.224397340305398
LOSO,XGB,T_C,61,2,64.65223950942669
LOSO,XGB,T_C,62,17,103.98468170544368
LOSO,XGB,T_C,63,3,166.8260689764739
LOSO,XGB,T_C,64,16,113.31603942154865
LOSO,XGB,T_C,65,1,93.06475360576928
LOSO,XGB,T_C,66,3,116.0891043707948
LOSO,XGB,T_C,67,11,71.46554970619461
LOSO,XGB,T_C,68,14,52.37542960247491
LOSO,XGB,T_C,69,1,27.6717529296875
LOSO,XGB,T_C,70,10,24.439752611654256
LOSO,XGB,T_C,71,17,56.41688615972347
LOSO,XGB,T_C,72,5,122.33417801365479
LOSO,XGB,T_C,73,10,69.04082345837308
LOSO,XGB,T_C,74,1,255.9080064561631
LOSO,XGB,T_C,75,1,65.1519775390625
LOSO,XGB,T_C,76,12,68.90146243981123
LOSO,XGB,T_C,77,6,46.36655442449218
LOSO,XGB,T_C,78,1,58.8743896484375
LOSO,XGB,T_C,79,1,60.5994873046875
LOSO,XGB,T_C,80,3,79.32020100594154
LOSO,XGB,T_C,81,6,56.47348167471639
LOSO,XGB,T_C,82,2,81.10373490521519
LOSO,XGB,T_C,83,10,76.16312133563098
LOSO,XGB,T_C,84,1,63.12060546875
LOSO,XGB,T_C,85,5,81.06148085918602
LOSO,XGB,T_C,86,2,44.94670929073587
LOSO,XGB,T_C,87,2,281.065859268545
LOSO,XGB,T_C,88,6,73.95347441665554
LOSO,XGB,T_C,89,8,36.13169838226433
LOSO,XGB,T_C,90,8,225.72579935202995
LOSO,XGB,T_C,91,5,129.71737680801309
LOSO,XGB,T_C,92,4,9.171160491799943
LOSO,XGB,P_kbar,0,4,17.464370123454696
LOSO,XGB,P_kbar,1,1,1.725682186151971
LOSO,XGB,P_kbar,2,4,1.719138987084173
LOSO,XGB,P_kbar,3,4,6.038214736622538
LOSO,XGB,P_kbar,4,34,6.628428602907167
LOSO,XGB,P_kbar,5,3,1.5463169902489295
LOSO,XGB,P_kbar,6,17,1.5458841748838559
LOSO,XGB,P_kbar,7,10,5.2520132373509325
LOSO,XGB,P_kbar,8,23,9.953607682286268
LOSO,XGB,P_kbar,9,4,3.8065427514187533
LOSO,XGB,P_kbar,10,3,11.161509578139086
LOSO,XGB,P_kbar,11,4,8.618001465219718
LOSO,XGB,P_kbar,12,13,2.906156308156077
LOSO,XGB,P_kbar,13,9,5.239613455714278
LOSO,XGB,P_kbar,14,6,3.7238991740193494
LOSO,XGB,P_kbar,15,1,4.5007500648498535
LOSO,XGB,P_kbar,16,1,0.5853495597837775
LOSO,XGB,P_kbar,17,7,2.2996444525473887
LOSO,XGB,P_kbar,18,4,2.8364265206108437
LOSO,XGB,P_kbar,19,1,7.538266658783119
LOSO,XGB,P_kbar,20,3,4.622210823036261
LOSO,XGB,P_kbar,21,23,8.503307094507518
LOSO,XGB,P_kbar,22,12,2.6352430672727243
LOSO,XGB,P_kbar,23,9,1.7810474506139466
LOSO,XGB,P_kbar,24,8,1.763568755598188
LOSO,XGB,P_kbar,25,9,2.1674078323844794
LOSO,XGB,P_kbar,26,3,5.176577531203026
LOSO,XGB,P_kbar,27,2,0.8228099412984605
LOSO,XGB,P_kbar,28,3,6.13982549106428
LOSO,XGB,P_kbar,29,3,1.731180684383708
LOSO,XGB,P_kbar,30,1,0.07763671875
LOSO,XGB,P_kbar,31,21,2.0202568382312327
LOSO,XGB,P_kbar,32,7,1.7690531403197673
LOSO,XGB,P_kbar,33,1,3.0343299955129606
LOSO,XGB,P_kbar,34,2,4.69220837136609
LOSO,XGB,P_kbar,35,7,2.5557366346365633
LOSO,XGB,P_kbar,36,2,1.8938971744646995
LOSO,XGB,P_kbar,37,5,4.8883292401969705
LOSO,XGB,P_kbar,38,3,3.494272179090589
LOSO,XGB,P_kbar,39,16,2.0648344625877693
LOSO,XGB,P_kbar,40,1,13.360813617706459
LOSO,XGB,P_kbar,41,2,2.784645267172465
LOSO,XGB,P_kbar,42,1,8.426786422729492
LOSO,XGB,P_kbar,43,6,1.918882953543207
LOSO,XGB,P_kbar,44,17,2.396724159493005
LOSO,XGB,P_kbar,45,6,1.977864171517436
LOSO,XGB,P_kbar,46,10,2.7973504737233705
LOSO,XGB,P_kbar,47,1,7.505748023986817
LOSO,XGB,P_kbar,48,1,1.1238698959350586
LOSO,XGB,P_kbar,49,5,4.838315105373379
LOSO,XGB,P_kbar,50,5,1.5175905117172974
LOSO,XGB,P_kbar,51,10,5.209537970253812
LOSO,XGB,P_kbar,52,1,4.492770122553338
LOSO,XGB,P_kbar,53,7,2.875882873384914
LOSO,XGB,P_kbar,54,2,3.5362152044680166
LOSO,XGB,P_kbar,55,1,5.224979400634766
LOSO,XGB,P_kbar,56,3,5.151707922864177
LOSO,XGB,P_kbar,57,3,5.958644530486622
LOSO,XGB,P_kbar,58,6,3.25497829449095
LOSO,XGB,P_kbar,59,6,6.873487093088783
LOSO,XGB,P_kbar,60,19,3.61590967814111
LOSO,XGB,P_kbar,61,2,1.3344923033240608
LOSO,XGB,P_kbar,62,17,3.832356923036484
LOSO,XGB,P_kbar,63,3,1.9415298902746978
LOSO,XGB,P_kbar,64,16,3.6273324241041687
LOSO,XGB,P_kbar,65,1,5.262836608074503
LOSO,XGB,P_kbar,66,3,3.868303066298478
LOSO,XGB,P_kbar,67,11,1.987700763468244
LOSO,XGB,P_kbar,68,14,2.7577456147665047
LOSO,XGB,P_kbar,69,1,21.230874061584473
LOSO,XGB,P_kbar,70,10,1.0953317715041786
LOSO,XGB,P_kbar,71,17,5.29679208550013
LOSO,XGB,P_kbar,72,5,7.028562728778076
LOSO,XGB,P_kbar,73,10,3.0497728442804095
LOSO,XGB,P_kbar,74,1,3.1559001883930584
LOSO,XGB,P_kbar,75,1,1.1520156860351562
LOSO,XGB,P_kbar,76,12,1.9194401292986143
LOSO,XGB,P_kbar,77,6,2.4455982923569057
LOSO,XGB,P_kbar,78,1,7.914926052093506
LOSO,XGB,P_kbar,79,1,1.035893440246582
LOSO,XGB,P_kbar,80,3,4.1872813962825655
LOSO,XGB,P_kbar,81,6,3.6131291266532184
LOSO,XGB,P_kbar,82,2,6.19442796501307
LOSO,XGB,P_kbar,83,10,1.6288797346736068
LOSO,XGB,P_kbar,84,1,1.9185404777526855
LOSO,XGB,P_kbar,85,5,0.7024121112222171
LOSO,XGB,P_kbar,86,2,0.975900843144987
LOSO,XGB,P_kbar,87,2,6.017589356007511
LOSO,XGB,P_kbar,88,6,15.125812997242372
LOSO,XGB,P_kbar,89,8,5.465927535895455
LOSO,XGB,P_kbar,90,8,2.8044173679596205
LOSO,XGB,P_kbar,91,5,10.418247347943012
LOSO,XGB,P_kbar,92,4,1.0234198633053504
LOSO,GB,T_C,0,4,198.48175440075082
LOSO,GB,T_C,1,1,4.769142443987903
LOSO,GB,T_C,2,4,178.0375774813666
LOSO,GB,T_C,3,4,70.17703427275795
LOSO,GB,T_C,4,34,31.810683498413347
LOSO,GB,T_C,5,3,28.895834540328796
LOSO,GB,T_C,6,17,44.75410355826977
LOSO,GB,T_C,7,10,73.97894154982868
LOSO,GB,T_C,8,23,62.821440878478874
LOSO,GB,T_C,9,4,61.33548664826807
LOSO,GB,T_C,10,3,162.35345675371573
LOSO,GB,T_C,11,4,90.54665744037086
LOSO,GB,T_C,12,13,89.51482789867013
LOSO,GB,T_C,13,9,10.419163887540105
LOSO,GB,T_C,14,6,20.45373609862332
LOSO,GB,T_C,15,1,162.31807188417906
LOSO,GB,T_C,16,1,80.15471223388181
LOSO,GB,T_C,17,7,83.52993835573746
LOSO,GB,T_C,18,4,25.828132304867836
LOSO,GB,T_C,19,1,42.156054400490575
LOSO,GB,T_C,20,3,47.78858236718415
LOSO,GB,T_C,21,23,75.59388761154489
LOSO,GB,T_C,22,12,37.00986512372646
LOSO,GB,T_C,23,9,75.729398998512
LOSO,GB,T_C,24,8,43.98487813527655
LOSO,GB,T_C,25,9,37.291041758347944
LOSO,GB,T_C,26,3,45.25651649358077
LOSO,GB,T_C,27,2,77.2817613466029
LOSO,GB,T_C,28,3,44.87412794553609
LOSO,GB,T_C,29,3,61.27647150030505
LOSO,GB,T_C,30,1,44.193624254251745
LOSO,GB,T_C,31,21,68.33871190506188
LOSO,GB,T_C,32,7,64.03626162518269
LOSO,GB,T_C,33,1,330.4620423923002
LOSO,GB,T_C,34,2,33.13534671529936
LOSO,GB,T_C,35,7,54.019695417110725
LOSO,GB,T_C,36,2,21.53218535863182
LOSO,GB,T_C,37,5,55.43255191490769
LOSO,GB,T_C,38,3,81.82495617769301
LOSO,GB,T_C,39,16,42.562145746414295
LOSO,GB,T_C,40,1,169.46980643915572
LOSO,GB,T_C,41,2,142.39821663605338
LOSO,GB,T_C,42,1,50.87120315154948
LOSO,GB,T_C,43,6,47.30209823205537
LOSO,GB,T_C,44,17,31.110201507004156
LOSO,GB,T_C,45,6,12.48480992873604
LOSO,GB,T_C,46,10,28.269029588898483
LOSO,GB,T_C,47,1,31.38978879653132
LOSO,GB,T_C,48,1,45.68437031993267
LOSO,GB,T_C,49,5,69.13585956251634
LOSO,GB,T_C,50,5,51.142711196556206
LOSO,GB,T_C,51,10,63.93625279183914
LOSO,GB,T_C,52,1,23.59948069023517
LOSO,GB,T_C,53,7,26.395923769995136
LOSO,GB,T_C,54,2,38.640227433955246
LOSO,GB,T_C,55,1,117.45945810738476
LOSO,GB,T_C,56,3,82.08127783773025
LOSO,GB,T_C,57,3,137.564020923513
LOSO,GB,T_C,58,6,33.68362011686804
LOSO,GB,T_C,59,6,128.90603888153638
LOSO,GB,T_C,60,19,22.49859840446277
LOSO,GB,T_C,61,2,46.57221758101859
LOSO,GB,T_C,62,17,101.40089069609348
LOSO,GB,T_C,63,3,176.65924022132106
LOSO,GB,T_C,64,16,78.15042202933537
LOSO,GB,T_C,65,1,86.14710267920009
LOSO,GB,T_C,66,3,131.50865221646802
LOSO,GB,T_C,67,11,74.41844654116169
LOSO,GB,T_C,68,14,55.722168359392626
LOSO,GB,T_C,69,1,24.92186494694556
LOSO,GB,T_C,70,10,24.020545895279742
LOSO,GB,T_C,71,17,45.17915604118491
LOSO,GB,T_C,72,5,126.23556153488795
LOSO,GB,T_C,73,10,78.71139464794943
LOSO,GB,T_C,74,1,232.15092899378294
LOSO,GB,T_C,75,1,44.615891399475004
LOSO,GB,T_C,76,12,47.02501125285234
LOSO,GB,T_C,77,6,45.07134843947591
LOSO,GB,T_C,78,1,53.981385754912935
LOSO,GB,T_C,79,1,79.09846005651912
LOSO,GB,T_C,80,3,56.181219653739106
LOSO,GB,T_C,81,6,47.77718041117643
LOSO,GB,T_C,82,2,60.68433616930602
LOSO,GB,T_C,83,10,69.70721043067857
LOSO,GB,T_C,84,1,57.47570299819199
LOSO,GB,T_C,85,5,84.54263643288404
LOSO,GB,T_C,86,2,21.411006515531728
LOSO,GB,T_C,87,2,255.75812123563256
LOSO,GB,T_C,88,6,86.52002353826047
LOSO,GB,T_C,89,8,36.09239543009479
LOSO,GB,T_C,90,8,228.54747936150832
LOSO,GB,T_C,91,5,124.05991728234108
LOSO,GB,T_C,92,4,11.67970893929863
LOSO,GB,P_kbar,0,4,16.736608261382482
LOSO,GB,P_kbar,1,1,0.157822440473183
LOSO,GB,P_kbar,2,4,1.6369203287005158
LOSO,GB,P_kbar,3,4,6.007836426445243
LOSO,GB,P_kbar,4,34,7.418392023373582
LOSO,GB,P_kbar,5,3,1.587301954811761
LOSO,GB,P_kbar,6,17,1.4298272397770577
LOSO,GB,P_kbar,7,10,5.335971819831243
LOSO,GB,P_kbar,8,23,11.52902062480353
LOSO,GB,P_kbar,9,4,3.9649253652989147
LOSO,GB,P_kbar,10,3,10.511494000821578
LOSO,GB,P_kbar,11,4,8.579953462356555
LOSO,GB,P_kbar,12,13,2.991783670031582
LOSO,GB,P_kbar,13,9,4.490869460782816
LOSO,GB,P_kbar,14,6,4.280903460997037
LOSO,GB,P_kbar,15,1,4.16600991835996
LOSO,GB,P_kbar,16,1,0.37960041069272066
LOSO,GB,P_kbar,17,7,3.0659723374330166
LOSO,GB,P_kbar,18,4,3.294576924344488
LOSO,GB,P_kbar,19,1,6.108233081119259
LOSO,GB,P_kbar,20,3,4.071245525320541
LOSO,GB,P_kbar,21,23,13.14352404206321
LOSO,GB,P_kbar,22,12,2.05936598026238
LOSO,GB,P_kbar,23,9,1.593641814802872
LOSO,GB,P_kbar,24,8,1.4981654154575268
LOSO,GB,P_kbar,25,9,2.8425961452986446
LOSO,GB,P_kbar,26,3,5.138885608800858
LOSO,GB,P_kbar,27,2,0.7804121008601335
LOSO,GB,P_kbar,28,3,4.947583464620908
LOSO,GB,P_kbar,29,3,1.736250025743305
LOSO,GB,P_kbar,30,1,0.9297910500498361
LOSO,GB,P_kbar,31,21,2.2492446183907417
LOSO,GB,P_kbar,32,7,1.2245670780484275
LOSO,GB,P_kbar,33,1,4.064974456405427
LOSO,GB,P_kbar,34,2,5.448382218773479
LOSO,GB,P_kbar,35,7,2.700005052001665
LOSO,GB,P_kbar,36,2,2.0839834935022665
LOSO,GB,P_kbar,37,5,5.272541936302082
LOSO,GB,P_kbar,38,3,3.9510420433409337
LOSO,GB,P_kbar,39,16,2.4433019270238647
LOSO,GB,P_kbar,40,1,12.030745211208203
LOSO,GB,P_kbar,41,2,3.0558793291027624
LOSO,GB,P_kbar,42,1,10.140377867882282
LOSO,GB,P_kbar,43,6,2.6927815251713385
LOSO,GB,P_kbar,44,17,2.3531048128270684
LOSO,GB,P_kbar,45,6,1.9568755844700487
LOSO,GB,P_kbar,46,10,3.088574324314702
LOSO,GB,P_kbar,47,1,7.746186966594359
LOSO,GB,P_kbar,48,1,1.372220222054196
LOSO,GB,P_kbar,49,5,4.748350045067624
LOSO,GB,P_kbar,50,5,2.6523574062453816
LOSO,GB,P_kbar,51,10,4.67249052012495
LOSO,GB,P_kbar,52,1,2.400432637626843
LOSO,GB,P_kbar,53,7,2.7056387983006362
LOSO,GB,P_kbar,54,2,3.2748515858514367
LOSO,GB,P_kbar,55,1,4.755848989351154
LOSO,GB,P_kbar,56,3,5.2874093871825405
LOSO,GB,P_kbar,57,3,6.440309123936994
LOSO,GB,P_kbar,58,6,3.9533337928397274
LOSO,GB,P_kbar,59,6,6.87140756383206
LOSO,GB,P_kbar,60,19,3.359782345435771
LOSO,GB,P_kbar,61,2,0.7223024180157307
LOSO,GB,P_kbar,62,17,4.1021985942414645
LOSO,GB,P_kbar,63,3,1.9280337085130836
LOSO,GB,P_kbar,64,16,3.2427888466851256
LOSO,GB,P_kbar,65,1,5.328497971486618
LOSO,GB,P_kbar,66,3,4.833144634647
LOSO,GB,P_kbar,67,11,2.50511426829003
LOSO,GB,P_kbar,68,14,3.2089692461620754
LOSO,GB,P_kbar,69,1,22.531178477705193
LOSO,GB,P_kbar,70,10,1.3916582837015983
LOSO,GB,P_kbar,71,17,4.365611801070697
LOSO,GB,P_kbar,72,5,7.60284654488811
LOSO,GB,P_kbar,73,10,2.9640706309953644
LOSO,GB,P_kbar,74,1,4.811992670410209
LOSO,GB,P_kbar,75,1,1.4251023807307721
LOSO,GB,P_kbar,76,12,2.663585418306933
LOSO,GB,P_kbar,77,6,2.7843329604104876
LOSO,GB,P_kbar,78,1,9.132662745512874
LOSO,GB,P_kbar,79,1,1.4004728737241798
LOSO,GB,P_kbar,80,3,4.414437279200275
LOSO,GB,P_kbar,81,6,3.2796663577022693
LOSO,GB,P_kbar,82,2,4.792614796915749
LOSO,GB,P_kbar,83,10,2.8682204749315043
LOSO,GB,P_kbar,84,1,1.0211605249608988
LOSO,GB,P_kbar,85,5,0.4388908546839278
LOSO,GB,P_kbar,86,2,3.0604775421372032
LOSO,GB,P_kbar,87,2,5.28518541686364
LOSO,GB,P_kbar,88,6,16.01711941430811
LOSO,GB,P_kbar,89,8,5.113476655618482
LOSO,GB,P_kbar,90,8,2.594675627744239
LOSO,GB,P_kbar,91,5,10.509862113015197
LOSO,GB,P_kbar,92,4,1.6793524746700685
Cluster-KFold,RF,T_C,0,301,93.30509548641007
Cluster-KFold,RF,T_C,1,207,104.52234248969272
Cluster-KFold,RF,T_C,2,92,115.01722347303497
Cluster-KFold,RF,P_kbar,0,301,5.468675377203892
Cluster-KFold,RF,P_kbar,1,207,8.323677060397786
Cluster-KFold,RF,P_kbar,2,92,4.165909011711544
Cluster-KFold,ERT,T_C,0,301,92.41958149179864
Cluster-KFold,ERT,T_C,1,207,94.24344799741638
Cluster-KFold,ERT,T_C,2,92,145.90917052161814
Cluster-KFold,ERT,P_kbar,0,301,5.602414754248073
Cluster-KFold,ERT,P_kbar,1,207,8.288073103162025
Cluster-KFold,ERT,P_kbar,2,92,5.238637839474497
Cluster-KFold,XGB,T_C,0,301,89.7673821563861
Cluster-KFold,XGB,T_C,1,207,92.17764888277381
Cluster-KFold,XGB,T_C,2,92,131.41123331305394
Cluster-KFold,XGB,P_kbar,0,301,4.514281313083099
Cluster-KFold,XGB,P_kbar,1,207,8.141529736292922
Cluster-KFold,XGB,P_kbar,2,92,4.380895639558386
Cluster-KFold,GB,T_C,0,301,85.23855851289213
Cluster-KFold,GB,T_C,1,207,100.88753872328861
Cluster-KFold,GB,T_C,2,92,116.50519923907487
Cluster-KFold,GB,P_kbar,0,301,4.667241823600975
Cluster-KFold,GB,P_kbar,1,207,8.907415343050623
Cluster-KFold,GB,P_kbar,2,92,4.437184369980207
TargetBinKFold,RF,T_C,0,144,100.13265463761537
TargetBinKFold,RF,T_C,1,119,148.08581013432527
TargetBinKFold,RF,T_C,2,119,76.89028282360657
TargetBinKFold,RF,T_C,3,55,69.71169864151132
TargetBinKFold,RF,T_C,4,46,65.63392831548373
TargetBinKFold,RF,T_C,5,46,90.68037974419289
TargetBinKFold,RF,T_C,6,35,73.60825126145825
TargetBinKFold,RF,T_C,7,26,84.89307681764684
TargetBinKFold,RF,T_C,8,10,134.56171525854006
TargetBinKFold,RF,P_kbar,0,144,8.030147145737685
TargetBinKFold,RF,P_kbar,1,119,13.570128827300046
TargetBinKFold,RF,P_kbar,2,119,7.444042684655158
TargetBinKFold,RF,P_kbar,3,55,2.3698114936235855
TargetBinKFold,RF,P_kbar,4,46,5.364553283767539
TargetBinKFold,RF,P_kbar,5,46,3.3573540393033694
TargetBinKFold,RF,P_kbar,6,35,7.147863326409456
TargetBinKFold,RF,P_kbar,7,26,6.3017278347800625
TargetBinKFold,RF,P_kbar,8,10,9.94954764234323
TargetBinKFold,ERT,T_C,0,144,108.73388150849294
TargetBinKFold,ERT,T_C,1,119,155.77581716134196
TargetBinKFold,ERT,T_C,2,119,69.88685599190191
TargetBinKFold,ERT,T_C,3,55,67.02016330314126
TargetBinKFold,ERT,T_C,4,46,68.90531410818707
TargetBinKFold,ERT,T_C,5,46,96.6591522399602
TargetBinKFold,ERT,T_C,6,35,70.80982584026074
TargetBinKFold,ERT,T_C,7,26,83.54529027577863
TargetBinKFold,ERT,T_C,8,10,134.08412661456723
TargetBinKFold,ERT,P_kbar,0,144,8.352107759878036
TargetBinKFold,ERT,P_kbar,1,119,13.97626630133923
TargetBinKFold,ERT,P_kbar,2,119,6.548296810253699
TargetBinKFold,ERT,P_kbar,3,55,2.636814574601537
TargetBinKFold,ERT,P_kbar,4,46,5.154055405767895
TargetBinKFold,ERT,P_kbar,5,46,3.4024088901617335
TargetBinKFold,ERT,P_kbar,6,35,3.48977092219829
TargetBinKFold,ERT,P_kbar,7,26,6.989200130219654
TargetBinKFold,ERT,P_kbar,8,10,8.451084762607108
TargetBinKFold,XGB,T_C,0,144,100.35156190008398
TargetBinKFold,XGB,T_C,1,119,142.44175024769353
TargetBinKFold,XGB,T_C,2,119,76.5517583550211
TargetBinKFold,XGB,T_C,3,55,64.56572825909254
TargetBinKFold,XGB,T_C,4,46,66.48280128662546
TargetBinKFold,XGB,T_C,5,46,93.21629889666681
TargetBinKFold,XGB,T_C,6,35,73.1348486776426
TargetBinKFold,XGB,T_C,7,26,75.97716860664801
TargetBinKFold,XGB,T_C,8,10,135.33838301803536
TargetBinKFold,XGB,P_kbar,0,144,7.427976073891659
TargetBinKFold,XGB,P_kbar,1,119,12.488140684568386
TargetBinKFold,XGB,P_kbar,2,119,5.18611700893499
TargetBinKFold,XGB,P_kbar,3,55,2.0338299332693515
TargetBinKFold,XGB,P_kbar,4,46,4.1198084370659975
TargetBinKFold,XGB,P_kbar,5,46,3.1972318894086245
TargetBinKFold,XGB,P_kbar,6,35,6.138989129513083
TargetBinKFold,XGB,P_kbar,7,26,6.036875712077425
TargetBinKFold,XGB,P_kbar,8,10,8.888994381223826
TargetBinKFold,GB,T_C,0,144,112.96267097074583
TargetBinKFold,GB,T_C,1,119,146.44439545105146
TargetBinKFold,GB,T_C,2,119,77.0354392916649
TargetBinKFold,GB,T_C,3,55,62.19207343007324
TargetBinKFold,GB,T_C,4,46,73.48228746332526
TargetBinKFold,GB,T_C,5,46,91.62513914362708
TargetBinKFold,GB,T_C,6,35,80.40676277380285
TargetBinKFold,GB,T_C,7,26,76.48872529534516
TargetBinKFold,GB,T_C,8,10,125.56439046636908
TargetBinKFold,GB,P_kbar,0,144,7.2694566487427865
TargetBinKFold,GB,P_kbar,1,119,11.793651736887695
TargetBinKFold,GB,P_kbar,2,119,5.397812354330723
TargetBinKFold,GB,P_kbar,3,55,2.044149627767735
TargetBinKFold,GB,P_kbar,4,46,3.5773885928825506
TargetBinKFold,GB,P_kbar,5,46,3.0570270279538407
TargetBinKFold,GB,P_kbar,6,35,6.2164909851480505
TargetBinKFold,GB,P_kbar,7,26,6.694099801201495
TargetBinKFold,GB,P_kbar,8,10,8.83949338522773
