index,iso_score,iso_inlier,T_pred,P_pred
0,-0.47792957282757376,1,1195.3714285714286,9.3000000715256
1,-0.4826513193999095,1,1184.7619047619048,8.086285725460572
2,-0.47705723460299293,1,1202.467120181406,8.043142862730285
3,-0.4775752461090598,1,1198.205357142857,10.0
4,-0.4796582616251077,1,1198.39453125,10.0
5,-0.47677913585277415,1,1200.2083333333335,9.3000000715256
6,-0.48202057591036557,1,1188.142857142857,10.0
7,-0.473387255604813,1,1179.0729166666665,10.0
8,-0.4808617439601767,1,1181.1,8.0
9,-0.47955603679759545,1,1166.3355654761904,6.999999880790701
10,-0.4819432971827856,1,1200.6666666666665,9.3000000715256
11,-0.4949748789646318,1,1182.25,10.0
12,-0.4802125114900202,1,1180.0546875,10.0
13,-0.47971638029425584,1,1199.522971819847,10.0
14,-0.48031870236790003,1,1186.3185286935286,9.3000000715256
15,-0.4786191688041521,1,1180.2706078643578,10.0
16,-0.480857677842468,1,1225.0,10.0
17,-0.4771426870797634,1,1183.0704365079366,8.0
18,-0.48453921230274544,1,1145.9375,10.0
19,-0.4759339083435635,1,1178.1184523809525,10.0
20,-0.484919291061416,1,1140.0,7.511454535970847
21,-0.4497096479865308,1,1060.5,4.9849998950958
22,-0.4478138650803043,1,1086.101893939394,8.086285725460572
23,-0.45581184579604855,1,1047.5,4.9849998950958
24,-0.4355601050325453,1,1078.5277777777778,9.3000000715256
25,-0.4410392805361111,1,1092.267901234568,8.086285725460572
26,-0.4425418899388167,1,1117.718376068376,7.195500025760334
27,-0.431212675277302,1,1124.3125,9.3000000715256
28,-0.4575992841944401,1,1053.6402918069584,8.086285725460572
29,-0.4354610188403979,1,1094.2184343434344,6.999999880790701
30,-0.43290793434514874,1,1079.7430555555557,10.0
31,-0.44046477424218217,1,1119.1733333333332,4.9849998950958
32,-0.47134193908894534,1,1035.7142857142858,2.1170000731945
33,-0.5197758652983399,1,987.5,7.768027781629389
34,-0.5474379260518663,0,923.1944444444445,2.1259999275208
35,-0.5501186060111086,0,906.25,2.1259999275208
36,-0.48882850729733773,1,1044.922077922078,6.100000236183325
37,-0.49498741575799116,1,1035.3518518518517,9.693111129707756
38,-0.47203233152422897,1,1128.951346153846,12.000000476837
39,-0.4559611053295637,1,1131.7179563492064,12.000000476837
40,-0.45834525846773766,1,1147.2645687645686,12.000000476837
41,-0.43584912649920304,1,1158.0625,12.000000476836998
42,-0.4452897244201291,1,1182.5,12.00000011920925
43,-0.4578412768237454,1,1006.0,8.086285725460572
44,-0.46383121033844504,1,1026.547619047619,9.3000000715256
45,-0.4588712341137358,1,1038.7777777777778,10.0
46,-0.45538247551169125,1,1083.3333333333333,10.0
47,-0.4545758559096842,1,1134.8068131868133,10.0
48,-0.4486841411586777,1,1029.142857142857,6.469000022348593
49,-0.49033993422002925,1,1068.475,9.275884610137489
50,-0.48789793814596266,1,953.625,7.659611106178159
51,-0.49130847192224175,1,931.7714285714285,9.693111129707756
52,-0.50675914471196,1,924.8,7.659611106178159
53,-0.5005550426179156,1,942.7638888888889,9.287942340831545
54,-0.48176725638685614,1,969.0833333333333,7.659611106178159
55,-0.44451993366107545,1,1048.6190476190477,10.0
56,-0.4532616801759205,1,1002.7083333333333,3.0070000886917
57,-0.4685116477900487,1,994.2727272727273,3.0000001192093
58,-0.474502545551888,1,987.5,1.5520000457764
59,-0.4465647099955121,1,1040.7932900432902,10.0
60,-0.4549788444408376,1,1031.3886363636364,10.0
61,-0.4596433282156595,1,1027.8125,10.0
62,-0.4593268116953749,1,1017.5097402597403,10.0
63,-0.44650991790644834,1,1133.480476190476,12.0000004493875
64,-0.4476415682047297,1,1112.8035714285716,10.0
65,-0.4301205852417757,1,1192.125,12.000000476837
66,-0.43265009884450595,1,1184.845238095238,10.0
67,-0.436379758919718,1,1180.0,10.0
68,-0.49153361065820217,1,1060.2727272727275,11.000000238418501
69,-0.5001843739317049,1,1126.9020833333334,10.0
70,-0.4346294661747347,1,1190.1666666666665,10.000333333324912
71,-0.49092199756552335,1,1185.5857142857144,12.000000476837
72,-0.4388409289010278,1,1142.9875,12.000000476836998
73,-0.45748175001117486,1,1114.8025,12.000000476837
74,-0.47763221483252233,1,1201.6666666666667,7.022909071941695
75,-0.4782962569213139,1,1193.1076923076926,7.022909071941695
76,-0.4848524230395746,1,1184.4896214896216,6.469000022348593
77,-0.4822306419629164,1,1131.1380555555556,7.022909071941695
78,-0.5063634404202993,1,1117.6861111111111,11.499999761580998
79,-0.5225945633337366,1,1074.8611111111113,10.0
80,-0.4838202258496561,1,1143.2857142857142,9.275884610137489
81,-0.4715349208110209,1,1145.9375,9.693111129707756
82,-0.47930565911459255,1,1076.2,9.3000000715256
83,-0.47350365953799706,1,1141.9926739926739,9.846555564853878
84,-0.5046806601259437,1,1022.25,9.3000000715256
85,-0.48160807868877736,1,1118.206746031746,7.022909071941695
86,-0.47878287789960056,1,1133.9256868131868,7.768027781629389
87,-0.47746554063700114,1,1029.1359126984125,7.011454476366198
88,-0.4855183883883731,1,1061.067857142857,6.999999880790701
89,-0.48476508026453574,1,1113.3333333333333,7.011454476366198
90,-0.4682360871290132,1,1142.4416666666666,4.8249998688698
91,-0.49517049521459194,1,1034.8333333333335,2.9670000076294
92,-0.48925620508811946,1,1016.6666666666666,7.261704535964531
93,-0.5263714214304409,1,945.5,2.1170000731945
94,-0.5226149341073973,1,946.1666666666666,2.0000000298022997
95,-0.5570602970127748,0,935.325,1.9799999892712
96,-0.5383697354809536,1,945.9,2.5
97,-0.5310195254627957,1,903.3333333333334,2.5
98,-0.5357651914628833,1,920.1136363636364,2.0000000298022997
99,-0.5390519557182363,1,920.1136363636364,2.0000000298022997
100,-0.5374001491815509,1,965.3958333333333,2.5
101,-0.5220844022627857,1,928.8571428571429,2.0000000298022997
102,-0.5239962218874671,1,928.1746031746031,2.1170000731945
103,-0.5262636961679591,1,911.3392857142858,2.1259999275208
104,-0.5304131610293966,1,900.0,2.0000000298022997
105,-0.5398791099383881,1,907.5,3.9984999597072504
106,-0.5435598254874265,0,900.0,2.9199999570847
107,-0.533781767488251,1,980.7638888888889,2.0000000298022997
108,-0.5486339386192263,0,900.0,2.0000000298022997
109,-0.5397781040509984,1,934.1666666666667,2.0000000298022997
110,-0.5433772350704351,1,945.625,2.0000000298022997
111,-0.5477091598104634,0,947.375,2.0000000298022997
112,-0.5319753615036927,1,944.4920634920635,2.9199999570847
113,-0.5336853541812125,1,945.0,5.0
114,-0.478440978311747,1,1050.0,5.0
115,-0.4871949104715138,1,1085.9444444444443,6.469000022348593
116,-0.5064777024952527,1,981.25,9.693111129707756
117,-0.5150050047471182,1,962.5,10.0
118,-0.5349546875045152,1,1094.8468013468014,9.693111129707756
119,-0.529993374837515,1,922.25,9.03053319753992
120,-0.517646076334883,1,1023.5391414141416,10.399999991059305
121,-0.5241034973298696,1,900.0,10.0
122,-0.5179283004165096,1,900.0,9.693111129707756
123,-0.5284496738810656,1,892.8571428571429,9.275884610137489
124,-0.5250278841511073,1,1055.736111111111,10.0
125,-0.513972618190136,1,920.7291666666667,9.3000000715256
126,-0.5310602041577545,1,895.0,7.022909071941695
127,-0.5516015475988783,0,897.3333333333334,3.125
128,-0.5618809565197362,0,895.0,9.693111129707756
129,-0.4907093345320242,1,991.1333333333333,10.0
130,-0.5176888304498161,1,1016.8888888888889,9.763674619574395
131,-0.5091275942648725,1,900.0,9.3000000715256
132,-0.5184184300313884,1,900.0,10.0
133,-0.5241556936529086,1,900.0,9.693111129707756
134,-0.5132573449305122,1,1001.3055555555555,7.022909071941695
135,-0.5347509732468125,1,900.0,2.1259999275208
136,-0.534694009683616,1,912.5,2.0000000298022997
137,-0.5355857226376495,1,897.0,2.1259999275208
138,-0.5376366855367979,1,896.0,2.1259999275208
139,-0.5349373400216322,1,894.0,2.1259999275208
140,-0.5396941809634569,1,892.8285714285714,2.1170000731945
141,-0.529149301401007,1,941.1805555555555,2.1299999952316
142,-0.5350062448660687,1,906.25,2.0000000298022997
143,-0.538660038780657,1,905.0,2.0000000298022997
144,-0.5350779817048803,1,900.0,2.1170000731945
145,-0.5247828382749102,1,900.0,2.0000000298022997
146,-0.5232830676229945,1,900.0,1.9799999892712
147,-0.5198898531232334,1,920.530303030303,2.0000000298022997
148,-0.5460401344122611,0,910.0,3.0070000886917
149,-0.5552243147880587,0,908.6607142857142,6.999999880790701
150,-0.543105849802251,1,926.9444444444445,3.125
151,-0.5366787313067726,1,900.0,5.0
152,-0.5449601830794775,0,900.0,2.5
153,-0.5313366611912679,1,902.5,3.06250005960465
154,-0.5352065505336531,1,900.0,2.5
155,-0.5390009943913052,1,901.2980769230769,2.0000000298022997
156,-0.5363608973493805,1,905.4563492063492,2.1170000731945
157,-0.5262263169373733,1,901.3392857142858,2.0000000298022997
158,-0.5281160259943976,1,900.0,1.9799999892712
159,-0.5210171535007777,1,931.1607142857142,2.0000000298022997
160,-0.5298344870497131,1,915.0,2.0000000298022997
161,-0.5285845958005039,1,917.3214285714286,2.1299999952316
162,-0.48990133951017933,1,968.75,10.0
163,-0.4112103286091579,1,1258.888888888889,11.749999880790499
164,-0.44413126317719653,1,1218.0339743589743,15.0
165,-0.4934173494634262,1,1048.7083333333335,15.0
166,-0.5004197421601637,1,1043.2635281385283,12.000000476837
167,-0.4978322484570353,1,1036.949350649351,12.000000476837
168,-0.49299895332739974,1,969.3333333333333,10.0
169,-0.6214316429651536,0,1004.5,10.0
170,-0.4927252518957136,1,953.1180555555555,10.399999991059305
171,-0.5021473391618904,1,1030.7250000000001,15.0
172,-0.5068996041251522,1,1031.7636363636364,15.0
173,-0.5162662253712811,1,1033.5795454545455,15.0
174,-0.422185158461047,1,1300.25,15.0
175,-0.42588854217368377,1,1194.196581196581,12.000000476837
176,-0.5033799145142042,1,1014.1666666666666,12.000000476836998
177,-0.5075654683218291,1,1000.0,11.499999761580998
178,-0.4913833202995352,1,965.3857142857144,7.87644445708062
179,-0.4361381758705602,1,1094.3851010101012,10.0
180,-0.4414943132808144,1,1046.25,10.0
181,-0.4727537225104295,1,985.7857142857142,10.0
182,-0.48490893993465406,1,968.1931818181818,7.87644445708062
183,-0.49616010194598203,1,952.9513888888889,7.659611106178159
184,-0.47315200368583005,1,990.5625,10.0
185,-0.4422736687616413,1,1055.3068181818182,7.659611106178159
186,-0.43979382600671646,1,1052.5,10.0
187,-0.44928559505260734,1,1040.0,9.3000000715256
188,-0.4644004691363406,1,992.5,10.205238345455335
189,-0.4355940806230695,1,1062.375,10.0
190,-0.5079830695212509,1,930.6875,7.87644445708062
191,-0.5145035542919403,1,901.9285714285714,7.87644445708062
192,-0.5306528769932818,1,906.875,10.0
193,-0.4941839281183888,1,946.2363636363636,10.0
194,-0.49865637464154006,1,931.5,10.0
195,-0.4911075419018106,1,970.7291666666667,10.0
196,-0.49310045521256773,1,973.9087301587301,10.0
197,-0.47792957282757376,1,1195.3714285714286,9.3000000715256
198,-0.4826513193999095,1,1184.7619047619048,8.086285725460572
199,-0.47705723460299293,1,1202.467120181406,8.043142862730285
200,-0.4775752461090598,1,1198.205357142857,10.0
201,-0.4796582616251077,1,1198.39453125,10.0
202,-0.47677913585277415,1,1200.2083333333335,9.3000000715256
203,-0.48202057591036557,1,1188.142857142857,10.0
204,-0.473387255604813,1,1179.0729166666665,10.0
205,-0.4808617439601767,1,1181.1,8.0
206,-0.47955603679759545,1,1166.3355654761904,6.999999880790701
207,-0.4819432971827856,1,1200.6666666666665,9.3000000715256
208,-0.4949748789646318,1,1182.25,10.0
209,-0.4802125114900202,1,1180.0546875,10.0
210,-0.47971638029425584,1,1199.522971819847,10.0
211,-0.48031870236790003,1,1186.3185286935286,9.3000000715256
212,-0.4786191688041521,1,1180.2706078643578,10.0
213,-0.480857677842468,1,1225.0,10.0
214,-0.4771426870797634,1,1183.0704365079366,8.0
215,-0.48453921230274544,1,1145.9375,10.0
216,-0.4759339083435635,1,1178.1184523809525,10.0
217,-0.484919291061416,1,1140.0,7.511454535970847
218,-0.4497096479865308,1,1060.5,4.9849998950958
219,-0.4478138650803043,1,1086.101893939394,8.086285725460572
220,-0.45581184579604855,1,1047.5,4.9849998950958
221,-0.4355601050325453,1,1078.5277777777778,9.3000000715256
222,-0.4410392805361111,1,1092.267901234568,8.086285725460572
223,-0.4425418899388167,1,1117.718376068376,7.195500025760334
224,-0.431212675277302,1,1124.3125,9.3000000715256
225,-0.4575992841944401,1,1053.6402918069584,8.086285725460572
226,-0.4354610188403979,1,1094.2184343434344,6.999999880790701
227,-0.43290793434514874,1,1079.7430555555557,10.0
228,-0.44046477424218217,1,1119.1733333333332,4.9849998950958
229,-0.47134193908894534,1,1035.7142857142858,2.1170000731945
230,-0.5197758652983399,1,987.5,7.768027781629389
231,-0.5474379260518663,0,923.1944444444445,2.1259999275208
232,-0.5501186060111086,0,906.25,2.1259999275208
233,-0.48882850729733773,1,1044.922077922078,6.100000236183325
234,-0.49498741575799116,1,1035.3518518518517,9.693111129707756
235,-0.47203233152422897,1,1128.951346153846,12.000000476837
236,-0.4559611053295637,1,1131.7179563492064,12.000000476837
237,-0.45834525846773766,1,1147.2645687645686,12.000000476837
238,-0.43584912649920304,1,1158.0625,12.000000476836998
239,-0.4452897244201291,1,1182.5,12.00000011920925
240,-0.4578412768237454,1,1006.0,8.086285725460572
241,-0.46383121033844504,1,1026.547619047619,9.3000000715256
242,-0.4588712341137358,1,1038.7777777777778,10.0
243,-0.45538247551169125,1,1083.3333333333333,10.0
244,-0.4545758559096842,1,1134.8068131868133,10.0
245,-0.4486841411586777,1,1029.142857142857,6.469000022348593
246,-0.49033993422002925,1,1068.475,9.275884610137489
247,-0.48789793814596266,1,953.625,7.659611106178159
248,-0.49130847192224175,1,931.7714285714285,9.693111129707756
249,-0.50675914471196,1,924.8,7.659611106178159
250,-0.5005550426179156,1,942.7638888888889,9.287942340831545
251,-0.48176725638685614,1,969.0833333333333,7.659611106178159
252,-0.44451993366107545,1,1048.6190476190477,10.0
253,-0.4532616801759205,1,1002.7083333333333,3.0070000886917
254,-0.4685116477900487,1,994.2727272727273,3.0000001192093
255,-0.474502545551888,1,987.5,1.5520000457764
256,-0.4465647099955121,1,1040.7932900432902,10.0
257,-0.4549788444408376,1,1031.3886363636364,10.0
258,-0.4596433282156595,1,1027.8125,10.0
259,-0.4593268116953749,1,1017.5097402597403,10.0
260,-0.44650991790644834,1,1133.480476190476,12.0000004493875
261,-0.4476415682047297,1,1112.8035714285716,10.0
262,-0.4301205852417757,1,1192.125,12.000000476837
263,-0.43265009884450595,1,1184.845238095238,10.0
264,-0.436379758919718,1,1180.0,10.0
265,-0.49153361065820217,1,1060.2727272727275,11.000000238418501
266,-0.5001843739317049,1,1126.9020833333334,10.0
267,-0.4346294661747347,1,1190.1666666666665,10.000333333324912
268,-0.49092199756552335,1,1185.5857142857144,12.000000476837
269,-0.4388409289010278,1,1142.9875,12.000000476836998
270,-0.45748175001117486,1,1114.8025,12.000000476837
271,-0.47763221483252233,1,1201.6666666666667,7.022909071941695
272,-0.4782962569213139,1,1193.1076923076926,7.022909071941695
273,-0.4848524230395746,1,1184.4896214896216,6.469000022348593
274,-0.4822306419629164,1,1131.1380555555556,7.022909071941695
275,-0.5063634404202993,1,1117.6861111111111,11.499999761580998
276,-0.5225945633337366,1,1074.8611111111113,10.0
277,-0.4838202258496561,1,1143.2857142857142,9.275884610137489
278,-0.4715349208110209,1,1145.9375,9.693111129707756
279,-0.47930565911459255,1,1076.2,9.3000000715256
280,-0.47350365953799706,1,1141.9926739926739,9.846555564853878
281,-0.5046806601259437,1,1022.25,9.3000000715256
282,-0.48160807868877736,1,1118.206746031746,7.022909071941695
283,-0.47878287789960056,1,1133.9256868131868,7.768027781629389
284,-0.47746554063700114,1,1029.1359126984125,7.011454476366198
285,-0.4855183883883731,1,1061.067857142857,6.999999880790701
286,-0.48476508026453574,1,1113.3333333333333,7.011454476366198
287,-0.4682360871290132,1,1142.4416666666666,4.8249998688698
288,-0.49517049521459194,1,1034.8333333333335,2.9670000076294
289,-0.48925620508811946,1,1016.6666666666666,7.261704535964531
290,-0.5263714214304409,1,945.5,2.1170000731945
291,-0.5226149341073973,1,946.1666666666666,2.0000000298022997
292,-0.5570602970127748,0,935.325,1.9799999892712
293,-0.5383697354809536,1,945.9,2.5
294,-0.5310195254627957,1,903.3333333333334,2.5
295,-0.5357651914628833,1,920.1136363636364,2.0000000298022997
296,-0.5390519557182363,1,920.1136363636364,2.0000000298022997
297,-0.5374001491815509,1,965.3958333333333,2.5
298,-0.5220844022627857,1,928.8571428571429,2.0000000298022997
299,-0.5239962218874671,1,928.1746031746031,2.1170000731945
300,-0.5262636961679591,1,911.3392857142858,2.1259999275208
301,-0.5304131610293966,1,900.0,2.0000000298022997
302,-0.5398791099383881,1,907.5,3.9984999597072504
303,-0.5435598254874265,0,900.0,2.9199999570847
304,-0.533781767488251,1,980.7638888888889,2.0000000298022997
305,-0.5486339386192263,0,900.0,2.0000000298022997
306,-0.5397781040509984,1,934.1666666666667,2.0000000298022997
307,-0.5433772350704351,1,945.625,2.0000000298022997
308,-0.5477091598104634,0,947.375,2.0000000298022997
309,-0.5319753615036927,1,944.4920634920635,2.9199999570847
310,-0.5336853541812125,1,945.0,5.0
311,-0.478440978311747,1,1050.0,5.0
312,-0.4871949104715138,1,1085.9444444444443,6.469000022348593
313,-0.5064777024952527,1,981.25,9.693111129707756
314,-0.5150050047471182,1,962.5,10.0
315,-0.5349546875045152,1,1094.8468013468014,9.693111129707756
316,-0.529993374837515,1,922.25,9.03053319753992
317,-0.517646076334883,1,1023.5391414141416,10.399999991059305
318,-0.5241034973298696,1,900.0,10.0
319,-0.5179283004165096,1,900.0,9.693111129707756
320,-0.5284496738810656,1,892.8571428571429,9.275884610137489
321,-0.5250278841511073,1,1055.736111111111,10.0
322,-0.513972618190136,1,920.7291666666667,9.3000000715256
323,-0.5310602041577545,1,895.0,7.022909071941695
324,-0.5516015475988783,0,897.3333333333334,3.125
325,-0.5618809565197362,0,895.0,9.693111129707756
326,-0.4907093345320242,1,991.1333333333333,10.0
327,-0.5176888304498161,1,1016.8888888888889,9.763674619574395
328,-0.5091275942648725,1,900.0,9.3000000715256
329,-0.5184184300313884,1,900.0,10.0
330,-0.5241556936529086,1,900.0,9.693111129707756
331,-0.5132573449305122,1,1001.3055555555555,7.022909071941695
332,-0.5347509732468125,1,900.0,2.1259999275208
333,-0.534694009683616,1,912.5,2.0000000298022997
334,-0.5355857226376495,1,897.0,2.1259999275208
335,-0.5376366855367979,1,896.0,2.1259999275208
336,-0.5349373400216322,1,894.0,2.1259999275208
337,-0.5396941809634569,1,892.8285714285714,2.1170000731945
338,-0.529149301401007,1,941.1805555555555,2.1299999952316
339,-0.5350062448660687,1,906.25,2.0000000298022997
340,-0.538660038780657,1,905.0,2.0000000298022997
341,-0.5350779817048803,1,900.0,2.1170000731945
342,-0.5247828382749102,1,900.0,2.0000000298022997
343,-0.5232830676229945,1,900.0,1.9799999892712
344,-0.5198898531232334,1,920.530303030303,2.0000000298022997
345,-0.5460401344122611,0,910.0,3.0070000886917
346,-0.5552243147880587,0,908.6607142857142,6.999999880790701
347,-0.543105849802251,1,926.9444444444445,3.125
348,-0.5366787313067726,1,900.0,5.0
349,-0.5449601830794775,0,900.0,2.5
350,-0.5313366611912679,1,902.5,3.06250005960465
351,-0.5352065505336531,1,900.0,2.5
352,-0.5390009943913052,1,901.2980769230769,2.0000000298022997
353,-0.5363608973493805,1,905.4563492063492,2.1170000731945
354,-0.5262263169373733,1,901.3392857142858,2.0000000298022997
355,-0.5281160259943976,1,900.0,1.9799999892712
356,-0.5210171535007777,1,931.1607142857142,2.0000000298022997
357,-0.5298344870497131,1,915.0,2.0000000298022997
358,-0.5285845958005039,1,917.3214285714286,2.1299999952316
359,-0.48990133951017933,1,968.75,10.0
360,-0.4112103286091579,1,1258.888888888889,11.749999880790499
361,-0.44413126317719653,1,1218.0339743589743,15.0
362,-0.4934173494634262,1,1048.7083333333335,15.0
363,-0.5004197421601637,1,1043.2635281385283,12.000000476837
364,-0.4978322484570353,1,1036.949350649351,12.000000476837
365,-0.49299895332739974,1,969.3333333333333,10.0
366,-0.6214316429651536,0,1004.5,10.0
367,-0.4927252518957136,1,953.1180555555555,10.399999991059305
368,-0.5021473391618904,1,1030.7250000000001,15.0
369,-0.5068996041251522,1,1031.7636363636364,15.0
370,-0.5162662253712811,1,1033.5795454545455,15.0
371,-0.422185158461047,1,1300.25,15.0
372,-0.42588854217368377,1,1194.196581196581,12.000000476837
373,-0.5033799145142042,1,1014.1666666666666,12.000000476836998
374,-0.5075654683218291,1,1000.0,11.499999761580998
375,-0.4913833202995352,1,965.3857142857144,7.87644445708062
376,-0.4361381758705602,1,1094.3851010101012,10.0
377,-0.4414943132808144,1,1046.25,10.0
378,-0.4727537225104295,1,985.7857142857142,10.0
379,-0.48490893993465406,1,968.1931818181818,7.87644445708062
380,-0.49616010194598203,1,952.9513888888889,7.659611106178159
381,-0.47315200368583005,1,990.5625,10.0
382,-0.4422736687616413,1,1055.3068181818182,7.659611106178159
383,-0.43979382600671646,1,1052.5,10.0
384,-0.44928559505260734,1,1040.0,9.3000000715256
385,-0.4644004691363406,1,992.5,10.205238345455335
386,-0.4355940806230695,1,1062.375,10.0
387,-0.5079830695212509,1,930.6875,7.87644445708062
388,-0.5145035542919403,1,901.9285714285714,7.87644445708062
389,-0.5306528769932818,1,906.875,10.0
390,-0.4941839281183888,1,946.2363636363636,10.0
391,-0.49865637464154006,1,931.5,10.0
392,-0.4911075419018106,1,970.7291666666667,10.0
393,-0.49310045521256773,1,973.9087301587301,10.0
