perturbation,regime,n,edges,a,b,pre_rmse,pre_lo,pre_hi,post_rmse,post_lo,post_hi,delta_rmse,pipeline,track,target,model,feature_set,seed,ships,overall_delta,max_regime_degradation
base,shallow_crustal,268,"[0.0, 5.0, 15.0, 30.0, 100.0]",0.02410572586665982,0.5731064404633704,4.967672527093632,4.222191254948568,5.733448191698546,0.9944594754070443,0.8689401264463028,1.1258301174887286,3.973213051686588,cpx,cpx_liq,P_kbar,LightGBM,pwlr,42,False,0.809291065755521,0.9167957128084261
base,deep_crustal_MASH,187,"[0.0, 5.0, 15.0, 30.0, 100.0]",0.25571567256295263,7.3143537885435,2.7845593876476973,2.3316100343998913,3.2415961493250895,1.719356400270938,1.50522960423074,1.94717147609267,1.0652029873767592,cpx,cpx_liq,P_kbar,LightGBM,pwlr,42,False,0.809291065755521,0.9167957128084261
base,lithospheric_mantle,143,"[0.0, 5.0, 15.0, 30.0, 100.0]",0.31513163382965476,13.277803443025494,4.3704262449048334,3.7458028961357637,4.983098793175897,3.3883075457357936,3.1088238779781747,3.645595513167606,0.9821186991690398,cpx,cpx_liq,P_kbar,LightGBM,pwlr,42,False,0.809291065755521,0.9167957128084261
base,deeper_mantle,56,"[0.0, 5.0, 15.0, 30.0, 100.0]",0.5542238592227583,23.409926715151933,17.50071941989121,6.399497215124323,27.75027499675645,18.417515132699638,8.663689866220718,28.805267986707612,-0.9167957128084261,cpx,cpx_liq,P_kbar,LightGBM,pwlr,42,False,0.809291065755521,0.9167957128084261
base,ALL,654,"[0.0, 5.0, 15.0, 30.0, 100.0]",,,6.536933084091076,4.447623757609691,8.982185160261755,5.727642018335555,3.135266380614805,8.499728381911048,0.809291065755521,cpx,cpx_liq,P_kbar,LightGBM,pwlr,42,False,0.809291065755521,0.9167957128084261
inner_m1,shallow_crustal,259,"[0.0, 4.0, 14.0, 29.0, 100.0]",0.013168575656213832,0.41726928329731894,5.0232007281004485,4.336828862280627,5.747613785577857,0.7058384327451256,0.6026084222973251,0.8105168196266883,4.317362295355323,cpx,cpx_liq,P_kbar,LightGBM,pwlr,42,False,0.8089764899569385,0.8823007740025481
inner_m1,deep_crustal_MASH,195,"[0.0, 4.0, 14.0, 29.0, 100.0]",0.3117505521505083,6.499551337899779,2.783783455855263,2.3024004891520917,3.260781564210738,1.9415901627052354,1.714418004122497,2.179564901939389,0.8421932931500276,cpx,cpx_liq,P_kbar,LightGBM,pwlr,42,False,0.8089764899569385,0.8823007740025481
inner_m1,lithospheric_mantle,144,"[0.0, 4.0, 14.0, 29.0, 100.0]",0.3125362082105465,13.269142283988087,4.368936247480038,3.7424943487660296,5.024704581552746,3.4043260010710363,3.134790900242193,3.6734536170830174,0.9646102464090016,cpx,cpx_liq,P_kbar,LightGBM,pwlr,42,False,0.8089764899569385,0.8823007740025481
inner_m1,deeper_mantle,56,"[0.0, 4.0, 14.0, 29.0, 100.0]",0.558103287040984,23.173404173840307,17.50071941989121,6.399497215124323,27.75027499675645,18.38302019389376,8.568497398260924,28.78716309649652,-0.8823007740025481,cpx,cpx_liq,P_kbar,LightGBM,pwlr,42,False,0.8089764899569385,0.8823007740025481
inner_m1,ALL,654,"[0.0, 4.0, 14.0, 29.0, 100.0]",,,6.536933084091076,4.447623757609691,8.982185160261755,5.727956594134137,3.1262241584427093,8.496608097561719,0.8089764899569385,cpx,cpx_liq,P_kbar,LightGBM,pwlr,42,False,0.8089764899569385,0.8823007740025481
inner_p1,shallow_crustal,281,"[0.0, 6.0, 16.0, 31.0, 100.0]",0.05768217186382582,0.6969010899657375,4.977920723493553,4.30907390628856,5.715956818736346,1.365293100691952,1.2304934193561097,1.5191757318964205,3.612627622801601,cpx,cpx_liq,P_kbar,LightGBM,pwlr,42,True,1.0894048034242267,-0.12338517177792241
inner_p1,deep_crustal_MASH,230,"[0.0, 6.0, 16.0, 31.0, 100.0]",0.30774743668398097,8.162911765991531,2.695078727107693,2.376113054673524,2.989075029412512,1.8499086382349048,1.70031843205628,1.9887047171873395,0.845170088872788,cpx,cpx_liq,P_kbar,LightGBM,pwlr,42,True,1.0894048034242267,-0.12338517177792241
inner_p1,lithospheric_mantle,123,"[0.0, 6.0, 16.0, 31.0, 100.0]",0.24333055669766882,17.994453042882974,5.039305229681477,4.309284184851634,5.797046458961759,4.080360779923425,3.7429565095229176,4.385276669918748,0.9589444497580519,cpx,cpx_liq,P_kbar,LightGBM,pwlr,42,True,1.0894048034242267,-0.12338517177792241
inner_p1,deeper_mantle,20,"[0.0, 6.0, 16.0, 31.0, 100.0]",0.3309138911563062,44.058590834297156,28.450987810345687,10.143720844739468,42.73435028653114,28.327602638567765,16.84637337756343,41.237154903047305,0.12338517177792241,cpx,cpx_liq,P_kbar,LightGBM,pwlr,42,True,1.0894048034242267,-0.12338517177792241
inner_p1,ALL,654,"[0.0, 6.0, 16.0, 31.0, 100.0]",,,6.536933084091076,4.447623757609691,8.982185160261755,5.447528280666849,3.4166183349240575,7.951127388053467,1.0894048034242267,cpx,cpx_liq,P_kbar,LightGBM,pwlr,42,True,1.0894048034242267,-0.12338517177792241
base,shallow_crustal,268,"[0.0, 5.0, 15.0, 30.0, 100.0]",0.8608910215241471,139.05280408890303,44.18462048563086,37.58581403874921,50.26223771630701,43.562900902527694,36.63756837849122,49.86258968172402,0.6217195831031646,cpx,cpx_liq,T_C,ERT,pwlr,42,False,3.5490283376433354,0.8988063093807881
base,deep_crustal_MASH,187,"[0.0, 5.0, 15.0, 30.0, 100.0]",0.9810032856208466,24.466743522037405,51.13399192862783,40.55805033825384,63.248141127715485,50.420963328585565,39.8458035400608,62.208425733752776,0.7130286000422643,cpx,cpx_liq,T_C,ERT,pwlr,42,False,3.5490283376433354,0.8988063093807881
base,lithospheric_mantle,143,"[0.0, 5.0, 15.0, 30.0, 100.0]",1.0009505290218645,9.433312990877084,77.93543289301586,67.60270046657955,87.30580932228224,78.83423920239665,67.74141773142146,88.98108490530123,-0.8988063093807881,cpx,cpx_liq,T_C,ERT,pwlr,42,False,3.5490283376433354,0.8988063093807881
base,deeper_mantle,56,"[0.0, 5.0, 15.0, 30.0, 100.0]",1.0131538978561245,36.53021850277537,166.75531828122826,95.53194361303376,241.95312221146528,148.6179638619188,81.56788089199837,219.93049678995197,18.137354419309446,cpx,cpx_liq,T_C,ERT,pwlr,42,False,3.5490283376433354,0.8988063093807881
base,ALL,654,"[0.0, 5.0, 15.0, 30.0, 100.0]",,,72.50372132797949,58.28145290286819,88.06737169222805,68.95469299033616,56.066835466433275,83.0220449936687,3.5490283376433354,cpx,cpx_liq,T_C,ERT,pwlr,42,False,3.5490283376433354,0.8988063093807881
inner_m1,shallow_crustal,259,"[0.0, 4.0, 14.0, 29.0, 100.0]",0.8548007468452224,147.17099339804622,43.815754750412744,37.202101448216055,50.33297773752637,43.49744439915669,36.17238222088493,50.18715514862515,0.3183103512560521,cpx,cpx_liq,T_C,ERT,pwlr,42,False,3.1903274745780124,1.1057956738456056
inner_m1,deep_crustal_MASH,195,"[0.0, 4.0, 14.0, 29.0, 100.0]",0.9983411610671987,0.9266845963893502,51.384898009879244,41.54984385212286,64.43853514211857,51.678959652855475,41.90676048953089,64.6936750967482,-0.2940616429762315,cpx,cpx_liq,T_C,ERT,pwlr,42,False,3.1903274745780124,1.1057956738456056
inner_m1,lithospheric_mantle,144,"[0.0, 4.0, 14.0, 29.0, 100.0]",0.9973613566350801,14.189659507726219,77.6663354981771,68.4034591081236,87.0780809999723,78.77213117202271,68.51068630257066,88.75695850185787,-1.1057956738456056,cpx,cpx_liq,T_C,ERT,pwlr,42,False,3.1903274745780124,1.1057956738456056
inner_m1,deeper_mantle,56,"[0.0, 4.0, 14.0, 29.0, 100.0]",1.0138182810471021,35.31322396806149,166.75531828122826,95.53194361303376,241.95312221146528,148.6661578524839,81.55642321836312,220.02264689813518,18.08916042874435,cpx,cpx_liq,T_C,ERT,pwlr,42,False,3.1903274745780124,1.1057956738456056
inner_m1,ALL,654,"[0.0, 4.0, 14.0, 29.0, 100.0]",,,72.50372132797949,58.28145290286819,88.06737169222805,69.31339385340148,56.40800452484292,83.346228936487,3.1903274745780124,cpx,cpx_liq,T_C,ERT,pwlr,42,False,3.1903274745780124,1.1057956738456056
inner_p1,shallow_crustal,281,"[0.0, 6.0, 16.0, 31.0, 100.0]",0.8642979518778501,134.35694033275934,45.793355753726495,39.47128872547039,51.99108146822807,45.6221835350684,38.677705437693895,52.14050318016166,0.17117221865809285,cpx,cpx_liq,T_C,ERT,pwlr,42,False,4.9585025855743226,3.253789611094689
inner_p1,deep_crustal_MASH,230,"[0.0, 6.0, 16.0, 31.0, 100.0]",0.9749035834968125,31.18390126031477,49.10291957130802,40.10759715253939,59.7375995663116,48.70420918144615,39.83918213904274,59.162035931763796,0.39871038986186846,cpx,cpx_liq,T_C,ERT,pwlr,42,False,4.9585025855743226,3.253789611094689
inner_p1,lithospheric_mantle,123,"[0.0, 6.0, 16.0, 31.0, 100.0]",0.950300734999762,87.52849754968884,80.9617365582097,69.77763416230403,91.61073646419163,84.21552616930438,69.07125436636906,97.2278228337503,-3.253789611094689,cpx,cpx_liq,T_C,ERT,pwlr,42,False,4.9585025855743226,3.253789611094689
inner_p1,deeper_mantle,20,"[0.0, 6.0, 16.0, 31.0, 100.0]",0.9148963440547695,214.86312173844522,272.75278039694564,146.22707475633214,385.46075365693156,221.47032029060435,101.2737923062145,321.47833129895685,51.28246010634129,cpx,cpx_liq,T_C,ERT,pwlr,42,False,4.9585025855743226,3.253789611094689
inner_p1,ALL,654,"[0.0, 6.0, 16.0, 31.0, 100.0]",,,72.50372132797949,58.28145290286819,88.06737169222805,67.54521874240517,55.756737183984065,80.69141480551636,4.9585025855743226,cpx,cpx_liq,T_C,ERT,pwlr,42,False,4.9585025855743226,3.253789611094689
base,shallow_crustal,236,"[0.0, 5.0, 15.0, 30.0, 100.0]",-0.009114406993907262,0.608496767581567,8.533049427430873,7.340519085384496,9.640656529021573,1.1606723481544434,0.9907999817522586,1.3244979561485395,7.372377079276429,cpx,cpx_only,P_kbar,MLP,alr,42,True,2.411190717113806,-0.8532085870261525
base,deep_crustal_MASH,193,"[0.0, 5.0, 15.0, 30.0, 100.0]",0.10654842204542074,8.451757853964128,4.389634720911475,3.903590943859304,4.8702433991345595,1.7007287953669843,1.5101544946022434,1.869586482551327,2.688905925544491,cpx,cpx_only,P_kbar,MLP,alr,42,True,2.411190717113806,-0.8532085870261525
base,lithospheric_mantle,213,"[0.0, 5.0, 15.0, 30.0, 100.0]",0.07144691450696393,17.70741160224956,10.453799255067304,7.926600404251462,12.440771857364622,3.883869012900281,3.6688703305996535,4.081769473336546,6.569930242167024,cpx,cpx_only,P_kbar,MLP,alr,42,True,2.411190717113806,-0.8532085870261525
base,deeper_mantle,142,"[0.0, 5.0, 15.0, 30.0, 100.0]",0.5920183439920809,36.426453244932,26.26760954304999,21.07267262124671,31.636918072794238,25.414400956023837,22.55989848388322,28.64200044543969,0.8532085870261525,cpx,cpx_only,P_kbar,MLP,alr,42,True,2.411190717113806,-0.8532085870261525
base,ALL,784,"[0.0, 5.0, 15.0, 30.0, 100.0]",,,13.465659048869949,11.3347942579105,15.482295845762891,11.054468331756143,9.417494161676407,12.601355472218124,2.411190717113806,cpx,cpx_only,P_kbar,MLP,alr,42,True,2.411190717113806,-0.8532085870261525
inner_m1,shallow_crustal,226,"[0.0, 4.0, 14.0, 29.0, 100.0]",-0.004093751790899987,0.39805974839869485,8.648607801627119,7.4714831926118395,9.899646713315073,0.9388825720391313,0.8107125900513121,1.0716085043813228,7.7097252295879874,cpx,cpx_only,P_kbar,MLP,alr,42,True,2.5592781308130377,-1.2160400462800744
inner_m1,deep_crustal_MASH,202,"[0.0, 4.0, 14.0, 29.0, 100.0]",0.1401442659135411,7.792219132827167,4.447114890914673,3.9180611419134803,4.958720969642061,1.9917645347417354,1.7932924054998167,2.2058544897250734,2.4553503561729375,cpx,cpx_only,P_kbar,MLP,alr,42,True,2.5592781308130377,-1.2160400462800744
inner_m1,lithospheric_mantle,214,"[0.0, 4.0, 14.0, 29.0, 100.0]",0.06871805187497791,17.609573934767106,10.430104498582644,7.705869143414654,12.73235492477334,3.8299299978474437,3.6177605184997144,4.049460803639643,6.6001745007352,cpx,cpx_only,P_kbar,MLP,alr,42,True,2.5592781308130377,-1.2160400462800744
inner_m1,deeper_mantle,142,"[0.0, 4.0, 14.0, 29.0, 100.0]",0.6000730411602554,35.240472782051754,26.26760954304999,21.07267262124671,31.636918072794238,25.051569496769915,21.999336836519912,28.352501937643275,1.2160400462800744,cpx,cpx_only,P_kbar,MLP,alr,42,True,2.5592781308130377,-1.2160400462800744
inner_m1,ALL,784,"[0.0, 4.0, 14.0, 29.0, 100.0]",,,13.465659048869949,11.3347942579105,15.482295845762891,10.906380918056911,9.232261626811507,12.484506438767548,2.5592781308130377,cpx,cpx_only,P_kbar,MLP,alr,42,True,2.5592781308130377,-1.2160400462800744
inner_p1,shallow_crustal,245,"[0.0, 6.0, 16.0, 31.0, 100.0]",-0.00414788738091463,0.8847498832304125,8.386402154372282,7.167608909190833,9.566518393873737,1.377553189884943,1.2016359055012318,1.5500480164024035,7.008848964487339,cpx,cpx_only,P_kbar,MLP,alr,42,True,2.8161375558955832,-1.9079317170338577
inner_p1,deep_crustal_MASH,303,"[0.0, 6.0, 16.0, 31.0, 100.0]",0.14763646306642678,9.789305808934548,5.291651452930159,4.871314785736262,5.727732994087252,2.15857925369189,2.026289567391012,2.2786734957700663,3.133072199238269,cpx,cpx_only,P_kbar,MLP,alr,42,True,2.8161375558955832,-1.9079317170338577
inner_p1,lithospheric_mantle,154,"[0.0, 6.0, 16.0, 31.0, 100.0]",0.0230378213640464,23.145503868469085,12.309425747195807,9.525305180771378,15.36374082542462,5.207292551739472,4.923429880066897,5.467370196849755,7.102133195456335,cpx,cpx_only,P_kbar,MLP,alr,42,True,2.8161375558955832,-1.9079317170338577
inner_p1,deeper_mantle,82,"[0.0, 6.0, 16.0, 31.0, 100.0]",0.44904673026723796,56.3072317766117,33.69661257353116,27.68285690698494,39.92428218601114,31.788680856497304,28.63911201885143,34.98577714441834,1.9079317170338577,cpx,cpx_only,P_kbar,MLP,alr,42,True,2.8161375558955832,-1.9079317170338577
inner_p1,ALL,784,"[0.0, 6.0, 16.0, 31.0, 100.0]",,,13.465659048869949,11.3347942579105,15.482295845762891,10.649521492974365,9.314158989471998,12.11419429349765,2.8161375558955832,cpx,cpx_only,P_kbar,MLP,alr,42,True,2.8161375558955832,-1.9079317170338577
base,shallow_crustal,236,"[0.0, 5.0, 15.0, 30.0, 100.0]",0.6549609209908365,376.15689267415735,89.94829970919403,78.20467911258874,100.50114596566029,89.48123296811757,76.63019835326843,100.57989719985214,0.46706674107646506,cpx,cpx_only,T_C,ERT,pwlr,42,False,-12.022671209705422,31.182095993526417
base,deep_crustal_MASH,193,"[0.0, 5.0, 15.0, 30.0, 100.0]",0.8270773438111058,204.40690238413083,91.12143735577587,75.30954320607056,111.35281070841165,92.5983084515396,75.99908177133132,113.7951626880886,-1.4768710957637268,cpx,cpx_only,T_C,ERT,pwlr,42,False,-12.022671209705422,31.182095993526417
base,lithospheric_mantle,213,"[0.0, 5.0, 15.0, 30.0, 100.0]",0.3701632222085081,719.9588489120731,140.0019344308756,110.79360191362484,166.18919372847722,171.184030424402,151.38829592393478,189.38461565718086,-31.182095993526417,cpx,cpx_only,T_C,ERT,pwlr,42,False,-12.022671209705422,31.182095993526417
base,deeper_mantle,142,"[0.0, 5.0, 15.0, 30.0, 100.0]",0.865433534887233,301.81075481846483,188.17289928370465,161.13360721087602,213.30416975773886,195.77814505732945,171.602527094431,219.77870716430897,-7.605245773624802,cpx,cpx_only,T_C,ERT,pwlr,42,False,-12.022671209705422,31.182095993526417
base,ALL,784,"[0.0, 5.0, 15.0, 30.0, 100.0]",,,127.34987615963153,116.14198991899386,139.28047421955077,139.37254736933696,128.84889139083012,150.3995338118479,-12.022671209705422,cpx,cpx_only,T_C,ERT,pwlr,42,False,-12.022671209705422,31.182095993526417
inner_m1,shallow_crustal,226,"[0.0, 4.0, 14.0, 29.0, 100.0]",0.6416528196829466,393.517185878702,88.8727791714117,77.50124674893891,100.20722020982295,89.71807263206239,77.14411986741015,101.57815341336108,-0.8452934606506943,cpx,cpx_only,T_C,ERT,pwlr,42,False,-10.799822316273449,29.706341519073277
inner_m1,deep_crustal_MASH,202,"[0.0, 4.0, 14.0, 29.0, 100.0]",0.8656738225027021,153.70873349602994,92.07072140906486,75.96600514573483,113.31274762264748,93.06303615305559,76.14165692275763,114.42449662186384,-0.9923147439907325,cpx,cpx_only,T_C,ERT,pwlr,42,False,-10.799822316273449,29.706341519073277
inner_m1,lithospheric_mantle,214,"[0.0, 4.0, 14.0, 29.0, 100.0]",0.38050815114007935,709.139078015283,139.91706197285043,112.10429723883698,167.041943038789,169.6234034919237,151.28288226618702,187.79747450190922,-29.706341519073277,cpx,cpx_only,T_C,ERT,pwlr,42,False,-10.799822316273449,29.706341519073277
inner_m1,deeper_mantle,142,"[0.0, 4.0, 14.0, 29.0, 100.0]",0.82613267316707,341.2685762213109,188.17289928370465,161.13360721087602,213.30416975773886,192.0435026405332,167.4981187222646,215.55499496462843,-3.8706033568285534,cpx,cpx_only,T_C,ERT,pwlr,42,False,-10.799822316273449,29.706341519073277
inner_m1,ALL,784,"[0.0, 4.0, 14.0, 29.0, 100.0]",,,127.34987615963153,116.14198991899386,139.28047421955077,138.14969847590498,127.8369974312133,149.11617679957655,-10.799822316273449,cpx,cpx_only,T_C,ERT,pwlr,42,False,-10.799822316273449,29.706341519073277
inner_p1,shallow_crustal,245,"[0.0, 6.0, 16.0, 31.0, 100.0]",0.6520596011851071,378.2122848254771,90.60197591388986,79.99863300839633,101.30548247535565,90.40842526854205,78.83735201305664,101.5195366866971,0.19355064534781263,cpx,cpx_only,T_C,ERT,pwlr,42,False,-17.938416206061802,39.46507082373651
inner_p1,deep_crustal_MASH,303,"[0.0, 6.0, 16.0, 31.0, 100.0]",0.16266186997989412,964.0919414040351,96.58131699209272,83.13775259947234,111.42577309868601,136.04638781582923,126.24943207687936,147.04980880835174,-39.46507082373651,cpx,cpx_only,T_C,ERT,pwlr,42,False,-17.938416206061802,39.46507082373651
inner_p1,lithospheric_mantle,154,"[0.0, 6.0, 16.0, 31.0, 100.0]",0.9823778868395207,27.795368714905635,149.88604705434724,111.86679667968478,188.40798517626712,151.19080757320853,113.16731793827998,189.89573083283935,-1.3047605188612863,cpx,cpx_only,T_C,ERT,pwlr,42,False,-17.938416206061802,39.46507082373651
inner_p1,deeper_mantle,82,"[0.0, 6.0, 16.0, 31.0, 100.0]",0.7080859136881519,558.6820108375672,232.10758984706064,198.4432190654665,264.47426242004946,257.05445597875854,219.66546817111745,291.00183491293546,-24.946866131697902,cpx,cpx_only,T_C,ERT,pwlr,42,False,-17.938416206061802,39.46507082373651
inner_p1,ALL,784,"[0.0, 6.0, 16.0, 31.0, 100.0]",,,127.34987615963153,116.14198991899386,139.28047421955077,145.28829236569334,133.3138844963288,157.68051120951804,-17.938416206061802,cpx,cpx_only,T_C,ERT,pwlr,42,False,-17.938416206061802,39.46507082373651
base,shallow_crustal,47,"[0.0, 5.0, 15.0, 30.0, 100.0]",0.1284047006873608,0.5281084945696446,2.964655163862068,1.4845694346884597,3.957224241984493,0.7975907951592297,0.6710590019969668,0.9251698655638335,2.1670643687028384,opx,opx_liq,P_kbar,MLP,raw,42,False,1.2330538165542193,3.150721691913752
base,deep_crustal_MASH,61,"[0.0, 5.0, 15.0, 30.0, 100.0]",0.07636671058746138,9.249378685164368,2.0789452265138104,1.672338653936507,2.5152363038761054,1.953253436632057,1.5793394869917865,2.294879724006963,0.12569178988175334,opx,opx_liq,P_kbar,MLP,raw,42,False,1.2330538165542193,3.150721691913752
base,lithospheric_mantle,58,"[0.0, 5.0, 15.0, 30.0, 100.0]",0.43460409894440255,11.106823577541029,5.379807885695734,4.008224721156715,6.846437196743295,2.635698800476041,1.994987568500694,3.1712772047364934,2.744109085219693,opx,opx_liq,P_kbar,MLP,raw,42,False,1.2330538165542193,3.150721691913752
base,deeper_mantle,8,"[0.0, 5.0, 15.0, 30.0, 100.0]",0.2352907854617767,26.575362492063746,4.715032153289623,3.616336952667828,5.954445314701664,7.865753845203375,4.025586715730525,10.745041668470222,-3.150721691913752,opx,opx_liq,P_kbar,MLP,raw,42,False,1.2330538165542193,3.150721691913752
base,ALL,174,"[0.0, 5.0, 15.0, 30.0, 100.0]",,,3.8156075524062625,3.0776996465858186,4.5378510736536475,2.582553735852043,2.0282657117477387,3.201376096060701,1.2330538165542193,opx,opx_liq,P_kbar,MLP,raw,42,False,1.2330538165542193,3.150721691913752
inner_m1,shallow_crustal,47,"[0.0, 4.0, 14.0, 29.0, 100.0]",0.09874399028722013,0.5074533477267855,2.964655163862068,1.4845694346884597,3.957224241984493,0.729189849763134,0.6313519895559633,0.8327656567763836,2.235465314098934,opx,opx_liq,P_kbar,MLP,raw,42,False,1.2338542439572846,3.150721691913752
inner_m1,deep_crustal_MASH,61,"[0.0, 4.0, 14.0, 29.0, 100.0]",0.0861673927084164,9.033765112610846,2.0789452265138104,1.672338653936507,2.5152363038761054,1.9707543904154652,1.6184466805905864,2.2963442317341856,0.10819083609834523,opx,opx_liq,P_kbar,MLP,raw,42,False,1.2338542439572846,3.150721691913752
inner_m1,lithospheric_mantle,58,"[0.0, 4.0, 14.0, 29.0, 100.0]",0.43460409894440255,11.106823577541029,5.379807885695734,4.008224721156715,6.846437196743295,2.635698800476041,1.994987568500694,3.1712772047364934,2.744109085219693,opx,opx_liq,P_kbar,MLP,raw,42,False,1.2338542439572846,3.150721691913752
inner_m1,deeper_mantle,8,"[0.0, 4.0, 14.0, 29.0, 100.0]",0.2352907854617767,26.575362492063746,4.715032153289623,3.616336952667828,5.954445314701664,7.865753845203375,4.025586715730525,10.745041668470222,-3.150721691913752,opx,opx_liq,P_kbar,MLP,raw,42,False,1.2338542439572846,3.150721691913752
inner_m1,ALL,174,"[0.0, 4.0, 14.0, 29.0, 100.0]",,,3.8156075524062625,3.0776996465858186,4.5378510736536475,2.581753308448978,2.0202448892685934,3.2001065206506367,1.2338542439572846,opx,opx_liq,P_kbar,MLP,raw,42,False,1.2338542439572846,3.150721691913752
inner_p1,shallow_crustal,50,"[0.0, 6.0, 16.0, 31.0, 100.0]",0.17629528059587998,0.6386473776254427,3.0346843280538303,1.81253201884909,4.03871556054885,1.1722396178882908,0.8971670817694074,1.3928653658513008,1.8624447101655395,opx,opx_liq,P_kbar,MLP,raw,42,True,1.4845166626775055,-0.8721022510838434
inner_p1,deep_crustal_MASH,72,"[0.0, 6.0, 16.0, 31.0, 100.0]",0.19399058879929976,9.091052734281368,2.9490731158568426,2.308422169392902,3.5142655194473154,2.076970864772999,1.736008704088163,2.3983299131066302,0.8721022510838434,opx,opx_liq,P_kbar,MLP,raw,42,True,1.4845166626775055,-0.8721022510838434
inner_p1,lithospheric_mantle,49,"[0.0, 6.0, 16.0, 31.0, 100.0]",0.4135504615708245,14.58355055818037,5.226464913676355,3.7107458406639924,6.774038134049789,3.0712588619772436,2.634653007486725,3.504877388153779,2.1552060516991114,opx,opx_liq,P_kbar,MLP,raw,42,True,1.4845166626775055,-0.8721022510838434
inner_p1,deeper_mantle,3,"[0.0, 6.0, 16.0, 31.0, 100.0]",,,,,,,,,,opx,opx_liq,P_kbar,MLP,raw,42,True,1.4845166626775055,-0.8721022510838434
inner_p1,ALL,174,"[0.0, 6.0, 16.0, 31.0, 100.0]",,,3.8156075524062625,3.0776996465858186,4.5378510736536475,2.331090889728757,2.048808596692572,2.5952912742434426,1.4845166626775055,opx,opx_liq,P_kbar,MLP,raw,42,True,1.4845166626775055,-0.8721022510838434
base,shallow_crustal,47,"[0.0, 5.0, 15.0, 30.0, 100.0]",1.034152172635465,-64.3510319702691,35.32950358085321,27.961208860593995,43.55859368973736,54.006636004063424,47.25761027403465,62.59992270589514,-18.67713242321021,opx,opx_liq,T_C,ElasticNet,raw,42,False,-0.10707016008774417,18.67713242321021
base,deep_crustal_MASH,61,"[0.0, 5.0, 15.0, 30.0, 100.0]",0.8437657523057697,192.72872973294727,78.46430688784936,30.4019564877789,111.63579873037429,76.91907335208339,33.26969975772576,107.70022624294684,1.5452335357659734,opx,opx_liq,T_C,ElasticNet,raw,42,False,-0.10707016008774417,18.67713242321021
base,lithospheric_mantle,58,"[0.0, 5.0, 15.0, 30.0, 100.0]",0.9187051393657452,116.33389333975128,93.69829552756158,79.13460752368721,108.67377682916808,93.57682885645931,79.00315163672316,108.8047695566374,0.12146667110226872,opx,opx_liq,T_C,ElasticNet,raw,42,False,-0.10707016008774417,18.67713242321021
base,deeper_mantle,8,"[0.0, 5.0, 15.0, 30.0, 100.0]",1.3259578566146728,-463.84792080565444,105.9964097006879,78.46460548926954,130.08281968715897,61.54209231712875,52.23164562645263,70.11253360240215,44.45431738355916,opx,opx_liq,T_C,ElasticNet,raw,42,False,-0.10707016008774417,18.67713242321021
base,ALL,174,"[0.0, 5.0, 15.0, 30.0, 100.0]",,,77.0618899410801,61.8127831083382,92.72640712765818,77.16896010116784,63.232113534729024,91.64478968710497,-0.10707016008774417,opx,opx_liq,T_C,ElasticNet,raw,42,False,-0.10707016008774417,18.67713242321021
inner_m1,shallow_crustal,47,"[0.0, 4.0, 14.0, 29.0, 100.0]",1.0342299409501503,-63.35770771920147,35.32950358085321,27.961208860593995,43.55859368973736,53.05721144479852,46.279999980792795,61.64883426188496,-17.727707863945305,opx,opx_liq,T_C,ElasticNet,raw,42,False,0.12420996415670515,17.727707863945305
inner_m1,deep_crustal_MASH,61,"[0.0, 4.0, 14.0, 29.0, 100.0]",0.8501644127751029,183.51545198899703,78.46430688784936,30.4019564877789,111.63579873037429,76.7671597774305,33.13556697945153,107.45566989729414,1.6971471104188538,opx,opx_liq,T_C,ElasticNet,raw,42,False,0.12420996415670515,17.727707863945305
inner_m1,lithospheric_mantle,58,"[0.0, 4.0, 14.0, 29.0, 100.0]",0.9187051393657452,116.33389333975128,93.69829552756158,79.13460752368721,108.67377682916808,93.57682885645931,79.00315163672316,108.8047695566374,0.12146667110226872,opx,opx_liq,T_C,ElasticNet,raw,42,False,0.12420996415670515,17.727707863945305
inner_m1,deeper_mantle,8,"[0.0, 4.0, 14.0, 29.0, 100.0]",1.3259578566146728,-463.84792080565444,105.9964097006879,78.46460548926954,130.08281968715897,61.54209231712875,52.23164562645263,70.11253360240215,44.45431738355916,opx,opx_liq,T_C,ElasticNet,raw,42,False,0.12420996415670515,17.727707863945305
inner_m1,ALL,174,"[0.0, 4.0, 14.0, 29.0, 100.0]",,,77.0618899410801,61.8127831083382,92.72640712765818,76.93767997692339,62.94789189858703,91.42080988281297,0.12420996415670515,opx,opx_liq,T_C,ElasticNet,raw,42,False,0.12420996415670515,17.727707863945305
inner_p1,shallow_crustal,50,"[0.0, 6.0, 16.0, 31.0, 100.0]",1.0190198882951864,-48.321816397759676,35.42679159715248,28.765171383663443,43.76333149905942,54.19887692593299,46.95969615973795,63.508366253716105,-18.772085328780513,opx,opx_liq,T_C,ElasticNet,raw,42,False,0.14435980079281308,18.772085328780513
inner_p1,deep_crustal_MASH,72,"[0.0, 6.0, 16.0, 31.0, 100.0]",0.8575174724845008,182.20647689950556,89.42337145942122,60.32203897376592,117.19554066294813,88.02343076382279,60.63769121622747,114.70720830389135,1.3999406955984313,opx,opx_liq,T_C,ElasticNet,raw,42,False,0.14435980079281308,18.772085328780513
inner_p1,lithospheric_mantle,49,"[0.0, 6.0, 16.0, 31.0, 100.0]",0.9028798836345332,141.38151827967158,82.40830797654905,68.95630751332527,94.4223716164584,80.55380404853908,67.87951958605272,90.69307700314805,1.8545039280099758,opx,opx_liq,T_C,ElasticNet,raw,42,False,0.14435980079281308,18.772085328780513
inner_p1,deeper_mantle,3,"[0.0, 6.0, 16.0, 31.0, 100.0]",,,,,,,,,,opx,opx_liq,T_C,ElasticNet,raw,42,False,0.14435980079281308,18.772085328780513
inner_p1,ALL,174,"[0.0, 6.0, 16.0, 31.0, 100.0]",,,77.0618899410801,61.8127831083382,92.72640712765818,76.91753014028728,62.43284821184607,91.63470674323264,0.14435980079281308,opx,opx_liq,T_C,ElasticNet,raw,42,False,0.14435980079281308,18.772085328780513
base,shallow_crustal,48,"[0.0, 5.0, 15.0, 30.0, 100.0]",-0.050346516624236864,1.5139550931077004,7.912635825129968,6.116199878622897,9.826296506204452,1.1311989615837035,0.8328711154963775,1.4564429020236058,6.781436863546264,opx,opx_only,P_kbar,RF,pwlr,42,True,4.296315302892414,-4.154312250384669
base,deep_crustal_MASH,76,"[0.0, 5.0, 15.0, 30.0, 100.0]",0.10706010621679997,8.48851119980282,6.8213640006213625,4.402465661181222,9.069951893757251,1.9688531732514285,1.6395981439152085,2.287348102052332,4.852510827369934,opx,opx_only,P_kbar,RF,pwlr,42,True,4.296315302892414,-4.154312250384669
base,lithospheric_mantle,37,"[0.0, 5.0, 15.0, 30.0, 100.0]",0.20435499280677313,15.338097176601453,7.498572728818413,4.40908376459446,10.717314048782383,3.3442604784337444,2.7373938506452564,4.027790248136196,4.154312250384669,opx,opx_only,P_kbar,RF,pwlr,42,True,4.296315302892414,-4.154312250384669
base,deeper_mantle,29,"[0.0, 5.0, 15.0, 30.0, 100.0]",0.24055876755938754,34.52978262108512,20.03760947889417,7.937444000087931,30.974088838796753,14.553064905285844,8.22004805730967,21.770180301023846,5.484544573608325,opx,opx_only,P_kbar,RF,pwlr,42,True,4.296315302892414,-4.154312250384669
base,ALL,190,"[0.0, 5.0, 15.0, 30.0, 100.0]",,,10.327722821241519,6.89541895983213,13.919779683629532,6.031407518349105,3.4258704889776466,8.996561562732781,4.296315302892414,opx,opx_only,P_kbar,RF,pwlr,42,True,4.296315302892414,-4.154312250384669
inner_m1,shallow_crustal,46,"[0.0, 4.0, 14.0, 29.0, 100.0]",-0.05734503050290602,1.3747411952448543,7.2838598368413505,5.69433626973777,8.922039817251461,0.9590563106068722,0.7583259879118109,1.1360721654191688,6.324803526234478,opx,opx_only,P_kbar,RF,pwlr,42,True,4.1569999273293075,-3.7604528485353237
inner_m1,deep_crustal_MASH,77,"[0.0, 4.0, 14.0, 29.0, 100.0]",0.11316257226086791,8.189016968598386,7.276293763750089,4.952312245414677,9.480671209622008,2.2077068111695266,1.8038752921144086,2.580903448852535,5.068586952580562,opx,opx_only,P_kbar,RF,pwlr,42,True,4.1569999273293075,-3.7604528485353237
inner_m1,lithospheric_mantle,37,"[0.0, 4.0, 14.0, 29.0, 100.0]",0.20623676615342273,15.19755512173678,7.0444730360183945,3.7015089285120393,10.328157125268774,3.284020187483071,2.6922762105972313,3.9659068198311664,3.7604528485353237,opx,opx_only,P_kbar,RF,pwlr,42,True,4.1569999273293075,-3.7604528485353237
inner_m1,deeper_mantle,30,"[0.0, 4.0, 14.0, 29.0, 100.0]",0.2482230547742701,34.25649224683627,19.92687294657157,8.367731482089404,30.632267244413292,14.626622853672108,8.428728084286885,21.76930943749187,5.3002500928994625,opx,opx_only,P_kbar,RF,pwlr,42,True,4.1569999273293075,-3.7604528485353237
inner_m1,ALL,190,"[0.0, 4.0, 14.0, 29.0, 100.0]",,,10.327722821241519,6.89541895983213,13.919779683629532,6.170722893912211,3.697116271981542,9.240172108907775,4.1569999273293075,opx,opx_only,P_kbar,RF,pwlr,42,True,4.1569999273293075,-3.7604528485353237
inner_p1,shallow_crustal,52,"[0.0, 6.0, 16.0, 31.0, 100.0]",-0.06424684300752538,2.075657057829532,8.377843559000661,6.386081568831354,10.404154159119313,1.5566021980557971,1.1392813279283314,2.011878248253511,6.821241360944864,opx,opx_only,P_kbar,RF,pwlr,42,True,5.174190548468973,-2.2383219517623445
inner_p1,deep_crustal_MASH,87,"[0.0, 6.0, 16.0, 31.0, 100.0]",0.09480536690588187,9.942142769642608,6.743868804989624,4.62207157413504,8.79464193400959,2.0130386481546494,1.7276968255537668,2.2762266174570014,4.730830156834974,opx,opx_only,P_kbar,RF,pwlr,42,True,5.174190548468973,-2.2383219517623445
inner_p1,lithospheric_mantle,35,"[0.0, 6.0, 16.0, 31.0, 100.0]",0.10087071205810387,20.844398016057955,7.690753803780878,5.765358336629545,9.508982639948943,5.452431852018534,4.838072760180749,5.965895132180976,2.2383219517623445,opx,opx_only,P_kbar,RF,pwlr,42,True,5.174190548468973,-2.2383219517623445
inner_p1,deeper_mantle,16,"[0.0, 6.0, 16.0, 31.0, 100.0]",0.028924270086365073,44.26083546738358,25.72578292420577,7.24743074353894,38.77246078215281,14.847402527124371,4.7828406209101715,24.468211410787788,10.878380397081399,opx,opx_only,P_kbar,RF,pwlr,42,True,5.174190548468973,-2.2383219517623445
inner_p1,ALL,190,"[0.0, 6.0, 16.0, 31.0, 100.0]",,,10.327722821241519,6.89541895983213,13.919779683629532,5.153532272772546,2.9850885645832608,7.746202846374087,5.174190548468973,opx,opx_only,P_kbar,RF,pwlr,42,True,5.174190548468973,-2.2383219517623445
base,shallow_crustal,48,"[0.0, 5.0, 15.0, 30.0, 100.0]",1.0219769324159884,-54.484900059424035,112.19480602351831,99.28863500536274,125.87194087652628,92.73120165558457,81.45104085679179,105.75067838555857,19.46360436793374,opx,opx_only,T_C,LightGBM,alr,42,False,24.56391354772647,3.9025441234432066
base,deep_crustal_MASH,76,"[0.0, 5.0, 15.0, 30.0, 100.0]",0.7843547481758796,241.85088706715487,129.69264926290197,105.99954721936761,151.14764776858715,107.89217501165513,84.87325659410917,129.40200563252793,21.80047425124684,opx,opx_only,T_C,LightGBM,alr,42,False,24.56391354772647,3.9025441234432066
base,lithospheric_mantle,37,"[0.0, 5.0, 15.0, 30.0, 100.0]",0.6424505250518405,483.84608110857664,80.33426155566045,67.35118465617431,92.27772656793226,84.23680567910365,70.39092820091653,98.64846533549438,-3.9025441234432066,opx,opx_only,T_C,LightGBM,alr,42,False,24.56391354772647,3.9025441234432066
base,deeper_mantle,29,"[0.0, 5.0, 15.0, 30.0, 100.0]",0.6071317457130208,595.9217744263133,265.1890611627261,175.57442213462912,341.15483867630167,214.48381617034602,146.0203399298812,270.6054092724036,50.705244992380074,opx,opx_only,T_C,LightGBM,alr,42,False,24.56391354772647,3.9025441234432066
base,ALL,190,"[0.0, 5.0, 15.0, 30.0, 100.0]",,,147.98216773385138,121.19179445800951,170.0012358211839,123.41825418612491,102.36333461088996,141.11164146834636,24.56391354772647,opx,opx_only,T_C,LightGBM,alr,42,False,24.56391354772647,3.9025441234432066
inner_m1,shallow_crustal,46,"[0.0, 4.0, 14.0, 29.0, 100.0]",1.028832932237226,-57.81284229380867,107.48082024386053,94.24955478833037,117.72143896136863,90.96513904041174,80.87942667723672,100.57044321123813,16.515681203448793,opx,opx_only,T_C,LightGBM,alr,42,False,23.347954211668508,4.7702450570917705
inner_m1,deep_crustal_MASH,77,"[0.0, 4.0, 14.0, 29.0, 100.0]",0.8078633297116397,211.029064125996,132.34652454345334,110.75706329756665,155.57637578361488,111.55671904076995,90.21028600932854,133.59520746563135,20.789805502683393,opx,opx_only,T_C,LightGBM,alr,42,False,23.347954211668508,4.7702450570917705
inner_m1,lithospheric_mantle,37,"[0.0, 4.0, 14.0, 29.0, 100.0]",0.6479911881521717,474.97165773851,79.314317370016,65.49641234731041,92.79274918302472,84.08456242710777,70.46162378539775,98.18903895518471,-4.7702450570917705,opx,opx_only,T_C,LightGBM,alr,42,False,23.347954211668508,4.7702450570917705
inner_m1,deeper_mantle,30,"[0.0, 4.0, 14.0, 29.0, 100.0]",0.6145047755638495,583.0377811663228,261.27251372458085,181.55786014532612,338.85455598189674,212.203600292867,150.8245509475131,273.39002965675013,49.06891343171384,opx,opx_only,T_C,LightGBM,alr,42,False,23.347954211668508,4.7702450570917705
inner_m1,ALL,190,"[0.0, 4.0, 14.0, 29.0, 100.0]",,,147.98216773385138,121.19179445800951,170.0012358211839,124.63421352218288,103.9777273035084,142.23947334390067,23.347954211668508,opx,opx_only,T_C,LightGBM,alr,42,False,23.347954211668508,4.7702450570917705
inner_p1,shallow_crustal,52,"[0.0, 6.0, 16.0, 31.0, 100.0]",1.0014327970923977,-34.10851661057336,108.66006479239446,94.90316074964869,123.4030336288721,88.46944868277349,76.29464063914146,100.31063807466779,20.190616109620976,opx,opx_only,T_C,LightGBM,alr,42,False,20.775007306139955,9.366608258278234
inner_p1,deep_crustal_MASH,87,"[0.0, 6.0, 16.0, 31.0, 100.0]",0.7962550731328774,241.86842549572566,123.33650481742657,102.65918628810839,145.2774209989979,108.71277454441032,86.99998144821059,130.2142051273151,14.62373027301625,opx,opx_only,T_C,LightGBM,alr,42,False,20.775007306139955,9.366608258278234
inner_p1,lithospheric_mantle,35,"[0.0, 6.0, 16.0, 31.0, 100.0]",0.3954225192555123,823.5394301386563,86.90731877113475,74.00294067199751,100.56058105932655,96.27392702941299,80.47800181709496,112.60771039064458,-9.366608258278234,opx,opx_only,T_C,LightGBM,alr,42,False,20.775007306139955,9.366608258278234
inner_p1,deeper_mantle,16,"[0.0, 6.0, 16.0, 31.0, 100.0]",0.7449509089938823,425.4834095513489,349.9113343784535,235.15641351833355,441.466561277288,286.6737896426823,201.24841009445745,358.6949965667621,63.237544735771166,opx,opx_only,T_C,LightGBM,alr,42,False,20.775007306139955,9.366608258278234
inner_p1,ALL,190,"[0.0, 6.0, 16.0, 31.0, 100.0]",,,147.98216773385138,121.19179445800951,170.0012358211839,127.20716042771143,106.06908421848637,144.83930359594143,20.775007306139955,opx,opx_only,T_C,LightGBM,alr,42,False,20.775007306139955,9.366608258278234
