pipeline,model,target,track,feature_set,seed,test_rmse
cpx,RF,T_C,cpx_only,raw,42,144.43469695097303
cpx,RF,T_C,cpx_only,raw,43,145.75423355568566
cpx,RF,T_C,cpx_only,raw,44,145.11793015583925
cpx,RF,T_C,cpx_only,raw,45,145.51162952930795
cpx,RF,T_C,cpx_only,raw,46,145.27129266050432
cpx,RF,T_C,cpx_only,raw,47,145.84133931191872
cpx,RF,T_C,cpx_only,raw,48,145.02211752291953
cpx,RF,T_C,cpx_only,raw,49,145.6598598543546
cpx,RF,T_C,cpx_only,raw,50,145.08767182128616
cpx,RF,T_C,cpx_only,raw,51,145.36345801426927
cpx,RF,T_C,cpx_only,raw,52,144.6453407072648
cpx,RF,T_C,cpx_only,raw,53,145.15335260538546
cpx,RF,T_C,cpx_only,raw,54,145.1918905729655
cpx,RF,T_C,cpx_only,raw,55,144.26297418457412
cpx,RF,T_C,cpx_only,raw,56,145.24103719176532
cpx,RF,T_C,cpx_only,raw,57,144.571566993577
cpx,RF,T_C,cpx_only,raw,58,145.6188447096456
cpx,RF,T_C,cpx_only,raw,59,144.29455242177525
cpx,RF,T_C,cpx_only,raw,60,145.31920131156318
cpx,RF,T_C,cpx_only,raw,61,145.50573747842557
cpx,RF,T_C,cpx_only,alr,42,144.16442545379653
cpx,RF,T_C,cpx_only,alr,43,143.3788377595716
cpx,RF,T_C,cpx_only,alr,44,143.13304383449213
cpx,RF,T_C,cpx_only,alr,45,144.4889311229164
cpx,RF,T_C,cpx_only,alr,46,144.83399316443234
cpx,RF,T_C,cpx_only,alr,47,146.03800536950948
cpx,RF,T_C,cpx_only,alr,48,144.726364699392
cpx,RF,T_C,cpx_only,alr,49,147.83753249505577
cpx,RF,T_C,cpx_only,alr,50,145.948302648072
cpx,RF,T_C,cpx_only,alr,51,146.17157852353546
cpx,RF,T_C,cpx_only,alr,52,143.45080114526513
cpx,RF,T_C,cpx_only,alr,53,144.44617357343296
cpx,RF,T_C,cpx_only,alr,54,143.94941219653523
cpx,RF,T_C,cpx_only,alr,55,144.84590958804813
cpx,RF,T_C,cpx_only,alr,56,145.26606908404307
cpx,RF,T_C,cpx_only,alr,57,144.8733409805674
cpx,RF,T_C,cpx_only,alr,58,144.92967408936448
cpx,RF,T_C,cpx_only,alr,59,147.94547800182931
cpx,RF,T_C,cpx_only,alr,60,143.5878145203612
cpx,RF,T_C,cpx_only,alr,61,142.94864544308064
cpx,RF,T_C,cpx_only,pwlr,42,138.60494300928272
cpx,RF,T_C,cpx_only,pwlr,43,139.04301211070097
cpx,RF,T_C,cpx_only,pwlr,44,140.1880884859973
cpx,RF,T_C,cpx_only,pwlr,45,138.264413698993
cpx,RF,T_C,cpx_only,pwlr,46,139.42839743534032
cpx,RF,T_C,cpx_only,pwlr,47,139.73075282544968
cpx,RF,T_C,cpx_only,pwlr,48,139.9563019221885
cpx,RF,T_C,cpx_only,pwlr,49,139.2867078859661
cpx,RF,T_C,cpx_only,pwlr,50,140.50072714096754
cpx,RF,T_C,cpx_only,pwlr,51,139.2112746397024
cpx,RF,T_C,cpx_only,pwlr,52,138.61825557203966
cpx,RF,T_C,cpx_only,pwlr,53,138.83350147811635
cpx,RF,T_C,cpx_only,pwlr,54,138.80727748598986
cpx,RF,T_C,cpx_only,pwlr,55,139.8791524968238
cpx,RF,T_C,cpx_only,pwlr,56,139.62861412149292
cpx,RF,T_C,cpx_only,pwlr,57,139.6901903718865
cpx,RF,T_C,cpx_only,pwlr,58,140.29800580996985
cpx,RF,T_C,cpx_only,pwlr,59,138.31421684235482
cpx,RF,T_C,cpx_only,pwlr,60,139.98966630173064
cpx,RF,T_C,cpx_only,pwlr,61,138.94693007588177
cpx,RF,T_C,cpx_liq,raw,42,77.85368638432337
cpx,RF,T_C,cpx_liq,raw,43,77.56211194767928
cpx,RF,T_C,cpx_liq,raw,44,77.98546367533494
cpx,RF,T_C,cpx_liq,raw,45,77.60953244237473
cpx,RF,T_C,cpx_liq,raw,46,77.5794592923826
cpx,RF,T_C,cpx_liq,raw,47,77.59894916019068
cpx,RF,T_C,cpx_liq,raw,48,78.23286497562225
cpx,RF,T_C,cpx_liq,raw,49,78.0694445958462
cpx,RF,T_C,cpx_liq,raw,50,78.02177603736506
cpx,RF,T_C,cpx_liq,raw,51,78.273997329462
cpx,RF,T_C,cpx_liq,raw,52,77.694533496016
cpx,RF,T_C,cpx_liq,raw,53,77.02785964135722
cpx,RF,T_C,cpx_liq,raw,54,78.58006096524686
cpx,RF,T_C,cpx_liq,raw,55,77.64494109852083
cpx,RF,T_C,cpx_liq,raw,56,77.91558548512394
cpx,RF,T_C,cpx_liq,raw,57,77.42741842044269
cpx,RF,T_C,cpx_liq,raw,58,77.71778280251496
cpx,RF,T_C,cpx_liq,raw,59,78.04035149927573
cpx,RF,T_C,cpx_liq,raw,60,78.0467855748297
cpx,RF,T_C,cpx_liq,raw,61,78.14912818288661
cpx,RF,T_C,cpx_liq,alr,42,78.92814350635838
cpx,RF,T_C,cpx_liq,alr,43,78.5830553440377
cpx,RF,T_C,cpx_liq,alr,44,79.22831644634603
cpx,RF,T_C,cpx_liq,alr,45,78.06209885209758
cpx,RF,T_C,cpx_liq,alr,46,78.80972116104259
cpx,RF,T_C,cpx_liq,alr,47,78.52519982738323
cpx,RF,T_C,cpx_liq,alr,48,77.97893815427773
cpx,RF,T_C,cpx_liq,alr,49,78.71684795555214
cpx,RF,T_C,cpx_liq,alr,50,78.45521978503695
cpx,RF,T_C,cpx_liq,alr,51,79.10173266452205
cpx,RF,T_C,cpx_liq,alr,52,79.00859401259589
cpx,RF,T_C,cpx_liq,alr,53,78.60484478808014
cpx,RF,T_C,cpx_liq,alr,54,79.10120423540634
cpx,RF,T_C,cpx_liq,alr,55,78.49867799867401
cpx,RF,T_C,cpx_liq,alr,56,78.82559064071911
cpx,RF,T_C,cpx_liq,alr,57,78.98197580505817
cpx,RF,T_C,cpx_liq,alr,58,78.91490274886475
cpx,RF,T_C,cpx_liq,alr,59,78.13303441059291
cpx,RF,T_C,cpx_liq,alr,60,78.87886037205745
cpx,RF,T_C,cpx_liq,alr,61,78.79780014171764
cpx,RF,T_C,cpx_liq,pwlr,42,75.57012053165393
cpx,RF,T_C,cpx_liq,pwlr,43,75.39246733169166
cpx,RF,T_C,cpx_liq,pwlr,44,74.76070080884716
cpx,RF,T_C,cpx_liq,pwlr,45,74.56259361451272
cpx,RF,T_C,cpx_liq,pwlr,46,74.96644528029917
cpx,RF,T_C,cpx_liq,pwlr,47,75.28347489896076
cpx,RF,T_C,cpx_liq,pwlr,48,75.0026028696503
cpx,RF,T_C,cpx_liq,pwlr,49,75.55627899105208
cpx,RF,T_C,cpx_liq,pwlr,50,75.39066679330257
cpx,RF,T_C,cpx_liq,pwlr,51,75.63776086550037
cpx,RF,T_C,cpx_liq,pwlr,52,75.55377387854399
cpx,RF,T_C,cpx_liq,pwlr,53,75.26254821547938
cpx,RF,T_C,cpx_liq,pwlr,54,75.24067453421631
cpx,RF,T_C,cpx_liq,pwlr,55,75.63139673199524
cpx,RF,T_C,cpx_liq,pwlr,56,74.91192898249739
cpx,RF,T_C,cpx_liq,pwlr,57,75.16387885157216
cpx,RF,T_C,cpx_liq,pwlr,58,75.17655585223136
cpx,RF,T_C,cpx_liq,pwlr,59,75.32674858385614
cpx,RF,T_C,cpx_liq,pwlr,60,75.06212668786196
cpx,RF,T_C,cpx_liq,pwlr,61,75.0299045985354
cpx,RF,P_kbar,cpx_only,raw,42,14.316004275492872
cpx,RF,P_kbar,cpx_only,raw,43,14.396916703478
cpx,RF,P_kbar,cpx_only,raw,44,14.41792319701729
cpx,RF,P_kbar,cpx_only,raw,45,14.35396462024066
cpx,RF,P_kbar,cpx_only,raw,46,14.319210390597275
cpx,RF,P_kbar,cpx_only,raw,47,14.278221542519468
cpx,RF,P_kbar,cpx_only,raw,48,14.35671516515366
cpx,RF,P_kbar,cpx_only,raw,49,14.33917101353756
cpx,RF,P_kbar,cpx_only,raw,50,14.310947091303374
cpx,RF,P_kbar,cpx_only,raw,51,14.420270675464744
cpx,RF,P_kbar,cpx_only,raw,52,14.459219864646029
cpx,RF,P_kbar,cpx_only,raw,53,14.300353010094462
cpx,RF,P_kbar,cpx_only,raw,54,14.361724319780995
cpx,RF,P_kbar,cpx_only,raw,55,14.311145213739987
cpx,RF,P_kbar,cpx_only,raw,56,14.252688709887602
cpx,RF,P_kbar,cpx_only,raw,57,14.207760971936352
cpx,RF,P_kbar,cpx_only,raw,58,14.231639182418544
cpx,RF,P_kbar,cpx_only,raw,59,14.309755747958844
cpx,RF,P_kbar,cpx_only,raw,60,14.40409200648618
cpx,RF,P_kbar,cpx_only,raw,61,14.242096120145971
cpx,RF,P_kbar,cpx_only,alr,42,22.462214439379988
cpx,RF,P_kbar,cpx_only,alr,43,22.143739680009052
cpx,RF,P_kbar,cpx_only,alr,44,22.20567781802772
cpx,RF,P_kbar,cpx_only,alr,45,22.24851170891973
cpx,RF,P_kbar,cpx_only,alr,46,21.334985193599152
cpx,RF,P_kbar,cpx_only,alr,47,22.225041797314056
cpx,RF,P_kbar,cpx_only,alr,48,21.480555890552008
cpx,RF,P_kbar,cpx_only,alr,49,21.71697429731665
cpx,RF,P_kbar,cpx_only,alr,50,22.826775407698843
cpx,RF,P_kbar,cpx_only,alr,51,23.3718400463185
cpx,RF,P_kbar,cpx_only,alr,52,22.41776381685485
cpx,RF,P_kbar,cpx_only,alr,53,21.422333452734588
cpx,RF,P_kbar,cpx_only,alr,54,22.14726977229308
cpx,RF,P_kbar,cpx_only,alr,55,22.196576374338264
cpx,RF,P_kbar,cpx_only,alr,56,21.662486621949068
cpx,RF,P_kbar,cpx_only,alr,57,21.93434976523691
cpx,RF,P_kbar,cpx_only,alr,58,22.436072303626123
cpx,RF,P_kbar,cpx_only,alr,59,21.77209720330125
cpx,RF,P_kbar,cpx_only,alr,60,21.913030591845
cpx,RF,P_kbar,cpx_only,alr,61,21.795405784813106
cpx,RF,P_kbar,cpx_only,pwlr,42,19.365995085893093
cpx,RF,P_kbar,cpx_only,pwlr,43,19.354507587560605
cpx,RF,P_kbar,cpx_only,pwlr,44,19.3567780944056
cpx,RF,P_kbar,cpx_only,pwlr,45,19.341990383303333
cpx,RF,P_kbar,cpx_only,pwlr,46,19.352959592352114
cpx,RF,P_kbar,cpx_only,pwlr,47,20.16427412764259
cpx,RF,P_kbar,cpx_only,pwlr,48,19.14424103985642
cpx,RF,P_kbar,cpx_only,pwlr,49,20.10245305516072
cpx,RF,P_kbar,cpx_only,pwlr,50,19.813499257817966
cpx,RF,P_kbar,cpx_only,pwlr,51,19.82902147244402
cpx,RF,P_kbar,cpx_only,pwlr,52,19.597498851522
cpx,RF,P_kbar,cpx_only,pwlr,53,19.29747066557507
cpx,RF,P_kbar,cpx_only,pwlr,54,18.727832925825464
cpx,RF,P_kbar,cpx_only,pwlr,55,19.41671174208601
cpx,RF,P_kbar,cpx_only,pwlr,56,19.97579181470037
cpx,RF,P_kbar,cpx_only,pwlr,57,19.15443704363488
cpx,RF,P_kbar,cpx_only,pwlr,58,19.441776772086317
cpx,RF,P_kbar,cpx_only,pwlr,59,20.27446327597697
cpx,RF,P_kbar,cpx_only,pwlr,60,19.958175611679124
cpx,RF,P_kbar,cpx_only,pwlr,61,19.484537507104047
cpx,RF,P_kbar,cpx_liq,raw,42,7.515584431184132
cpx,RF,P_kbar,cpx_liq,raw,43,7.627174818136645
cpx,RF,P_kbar,cpx_liq,raw,44,7.591846631810115
cpx,RF,P_kbar,cpx_liq,raw,45,7.630383369151181
cpx,RF,P_kbar,cpx_liq,raw,46,7.5957796399284385
cpx,RF,P_kbar,cpx_liq,raw,47,7.502044553184421
cpx,RF,P_kbar,cpx_liq,raw,48,7.505397607316718
cpx,RF,P_kbar,cpx_liq,raw,49,7.597368615260688
cpx,RF,P_kbar,cpx_liq,raw,50,7.561160596252629
cpx,RF,P_kbar,cpx_liq,raw,51,7.578522706746894
cpx,RF,P_kbar,cpx_liq,raw,52,7.586028813969835
cpx,RF,P_kbar,cpx_liq,raw,53,7.533585340529536
cpx,RF,P_kbar,cpx_liq,raw,54,7.488217196931656
cpx,RF,P_kbar,cpx_liq,raw,55,7.49964905436914
cpx,RF,P_kbar,cpx_liq,raw,56,7.565102492655908
cpx,RF,P_kbar,cpx_liq,raw,57,7.535600493639081
cpx,RF,P_kbar,cpx_liq,raw,58,7.540005077814202
cpx,RF,P_kbar,cpx_liq,raw,59,7.603332414371598
cpx,RF,P_kbar,cpx_liq,raw,60,7.514402708840014
cpx,RF,P_kbar,cpx_liq,raw,61,7.612852442113794
cpx,RF,P_kbar,cpx_liq,alr,42,7.267436428728355
cpx,RF,P_kbar,cpx_liq,alr,43,7.3752212992566015
cpx,RF,P_kbar,cpx_liq,alr,44,7.371173155983238
cpx,RF,P_kbar,cpx_liq,alr,45,7.336622366166733
cpx,RF,P_kbar,cpx_liq,alr,46,7.361391827663189
cpx,RF,P_kbar,cpx_liq,alr,47,7.432089416604678
cpx,RF,P_kbar,cpx_liq,alr,48,7.35512298264962
cpx,RF,P_kbar,cpx_liq,alr,49,7.283401375788776
cpx,RF,P_kbar,cpx_liq,alr,50,7.360184540936971
cpx,RF,P_kbar,cpx_liq,alr,51,7.259307695598823
cpx,RF,P_kbar,cpx_liq,alr,52,7.426343149163843
cpx,RF,P_kbar,cpx_liq,alr,53,7.351196279167281
cpx,RF,P_kbar,cpx_liq,alr,54,7.41016883354713
cpx,RF,P_kbar,cpx_liq,alr,55,7.351362230120592
cpx,RF,P_kbar,cpx_liq,alr,56,7.430206449954051
cpx,RF,P_kbar,cpx_liq,alr,57,7.304503786432557
cpx,RF,P_kbar,cpx_liq,alr,58,7.369495789565351
cpx,RF,P_kbar,cpx_liq,alr,59,7.422195970397141
cpx,RF,P_kbar,cpx_liq,alr,60,7.278709015015202
cpx,RF,P_kbar,cpx_liq,alr,61,7.453707739563681
cpx,RF,P_kbar,cpx_liq,pwlr,42,7.015138642977244
cpx,RF,P_kbar,cpx_liq,pwlr,43,7.112981388827283
cpx,RF,P_kbar,cpx_liq,pwlr,44,7.110060347730386
cpx,RF,P_kbar,cpx_liq,pwlr,45,7.142102676957845
cpx,RF,P_kbar,cpx_liq,pwlr,46,7.028710688648017
cpx,RF,P_kbar,cpx_liq,pwlr,47,7.149535044897995
cpx,RF,P_kbar,cpx_liq,pwlr,48,7.11363590382704
cpx,RF,P_kbar,cpx_liq,pwlr,49,7.144760861659786
cpx,RF,P_kbar,cpx_liq,pwlr,50,7.051032794616151
cpx,RF,P_kbar,cpx_liq,pwlr,51,6.986499658206113
cpx,RF,P_kbar,cpx_liq,pwlr,52,7.11580578029822
cpx,RF,P_kbar,cpx_liq,pwlr,53,7.1150339084976295
cpx,RF,P_kbar,cpx_liq,pwlr,54,7.10834685136365
cpx,RF,P_kbar,cpx_liq,pwlr,55,7.229477633165809
cpx,RF,P_kbar,cpx_liq,pwlr,56,7.073561396183186
cpx,RF,P_kbar,cpx_liq,pwlr,57,7.179345675747643
cpx,RF,P_kbar,cpx_liq,pwlr,58,7.153993430230382
cpx,RF,P_kbar,cpx_liq,pwlr,59,7.143405792732592
cpx,RF,P_kbar,cpx_liq,pwlr,60,7.073709804374895
cpx,RF,P_kbar,cpx_liq,pwlr,61,7.125468787090809
cpx,ERT,T_C,cpx_only,raw,42,143.05599220475315
cpx,ERT,T_C,cpx_only,raw,43,143.48690224205825
cpx,ERT,T_C,cpx_only,raw,44,142.41490567000736
cpx,ERT,T_C,cpx_only,raw,45,141.64229306304287
cpx,ERT,T_C,cpx_only,raw,46,142.0875088155356
cpx,ERT,T_C,cpx_only,raw,47,142.58843368651287
cpx,ERT,T_C,cpx_only,raw,48,142.8439906608945
cpx,ERT,T_C,cpx_only,raw,49,142.41818479916526
cpx,ERT,T_C,cpx_only,raw,50,142.21514081403458
cpx,ERT,T_C,cpx_only,raw,51,142.61977905739326
cpx,ERT,T_C,cpx_only,raw,52,142.34144949881158
cpx,ERT,T_C,cpx_only,raw,53,142.26735161306735
cpx,ERT,T_C,cpx_only,raw,54,142.15350156469034
cpx,ERT,T_C,cpx_only,raw,55,143.15073531314047
cpx,ERT,T_C,cpx_only,raw,56,142.73693274264886
cpx,ERT,T_C,cpx_only,raw,57,142.94292946080006
cpx,ERT,T_C,cpx_only,raw,58,142.6989261917905
cpx,ERT,T_C,cpx_only,raw,59,141.67402254015738
cpx,ERT,T_C,cpx_only,raw,60,142.35105493523267
cpx,ERT,T_C,cpx_only,raw,61,142.7359961776533
cpx,ERT,T_C,cpx_only,alr,42,133.43828871315387
cpx,ERT,T_C,cpx_only,alr,43,133.37973303438972
cpx,ERT,T_C,cpx_only,alr,44,132.08245369289313
cpx,ERT,T_C,cpx_only,alr,45,133.97050986798257
cpx,ERT,T_C,cpx_only,alr,46,133.33165073664696
cpx,ERT,T_C,cpx_only,alr,47,133.25848060674616
cpx,ERT,T_C,cpx_only,alr,48,132.70527987198358
cpx,ERT,T_C,cpx_only,alr,49,133.5420612939452
cpx,ERT,T_C,cpx_only,alr,50,133.69166687100693
cpx,ERT,T_C,cpx_only,alr,51,133.46560931733225
cpx,ERT,T_C,cpx_only,alr,52,133.72157455158683
cpx,ERT,T_C,cpx_only,alr,53,133.13149558761413
cpx,ERT,T_C,cpx_only,alr,54,132.05443949220307
cpx,ERT,T_C,cpx_only,alr,55,133.09076411103672
cpx,ERT,T_C,cpx_only,alr,56,132.93687411104008
cpx,ERT,T_C,cpx_only,alr,57,132.74262187756574
cpx,ERT,T_C,cpx_only,alr,58,132.10148303960275
cpx,ERT,T_C,cpx_only,alr,59,133.6871679158382
cpx,ERT,T_C,cpx_only,alr,60,133.06952840384648
cpx,ERT,T_C,cpx_only,alr,61,133.24166338771423
cpx,ERT,T_C,cpx_only,pwlr,42,127.34987708248194
cpx,ERT,T_C,cpx_only,pwlr,43,126.56032508746782
cpx,ERT,T_C,cpx_only,pwlr,44,126.79460181302602
cpx,ERT,T_C,cpx_only,pwlr,45,127.01132062066937
cpx,ERT,T_C,cpx_only,pwlr,46,127.07123402179164
cpx,ERT,T_C,cpx_only,pwlr,47,126.25711072451298
cpx,ERT,T_C,cpx_only,pwlr,48,126.89826948653923
cpx,ERT,T_C,cpx_only,pwlr,49,126.97281176597753
cpx,ERT,T_C,cpx_only,pwlr,50,127.07131072232112
cpx,ERT,T_C,cpx_only,pwlr,51,127.45764215625434
cpx,ERT,T_C,cpx_only,pwlr,52,127.37340913227504
cpx,ERT,T_C,cpx_only,pwlr,53,126.90416646959196
cpx,ERT,T_C,cpx_only,pwlr,54,126.80218109110912
cpx,ERT,T_C,cpx_only,pwlr,55,127.0937973280556
cpx,ERT,T_C,cpx_only,pwlr,56,127.12959023078152
cpx,ERT,T_C,cpx_only,pwlr,57,127.5142855677837
cpx,ERT,T_C,cpx_only,pwlr,58,126.7383150152083
cpx,ERT,T_C,cpx_only,pwlr,59,127.13834092042902
cpx,ERT,T_C,cpx_only,pwlr,60,127.2521084718649
cpx,ERT,T_C,cpx_only,pwlr,61,127.04803774203658
cpx,ERT,T_C,cpx_liq,raw,42,76.29736767007329
cpx,ERT,T_C,cpx_liq,raw,43,75.90060029141218
cpx,ERT,T_C,cpx_liq,raw,44,76.10980183804247
cpx,ERT,T_C,cpx_liq,raw,45,75.8988135150493
cpx,ERT,T_C,cpx_liq,raw,46,76.16289993121377
cpx,ERT,T_C,cpx_liq,raw,47,75.8694925548039
cpx,ERT,T_C,cpx_liq,raw,48,75.9602885537065
cpx,ERT,T_C,cpx_liq,raw,49,75.96049713059118
cpx,ERT,T_C,cpx_liq,raw,50,75.95873629641432
cpx,ERT,T_C,cpx_liq,raw,51,75.74345838183352
cpx,ERT,T_C,cpx_liq,raw,52,76.23264141286097
cpx,ERT,T_C,cpx_liq,raw,53,75.74010315343786
cpx,ERT,T_C,cpx_liq,raw,54,75.8168187028974
cpx,ERT,T_C,cpx_liq,raw,55,75.96168900015995
cpx,ERT,T_C,cpx_liq,raw,56,76.11699654371634
cpx,ERT,T_C,cpx_liq,raw,57,76.04601051466406
cpx,ERT,T_C,cpx_liq,raw,58,76.1245590526872
cpx,ERT,T_C,cpx_liq,raw,59,76.01879208193239
cpx,ERT,T_C,cpx_liq,raw,60,76.00429775670237
cpx,ERT,T_C,cpx_liq,raw,61,76.17781215154307
cpx,ERT,T_C,cpx_liq,alr,42,76.42866694187045
cpx,ERT,T_C,cpx_liq,alr,43,76.16674611376727
cpx,ERT,T_C,cpx_liq,alr,44,75.84791811165734
cpx,ERT,T_C,cpx_liq,alr,45,76.0618683526922
cpx,ERT,T_C,cpx_liq,alr,46,75.83881545101264
cpx,ERT,T_C,cpx_liq,alr,47,75.44892143294008
cpx,ERT,T_C,cpx_liq,alr,48,76.19914571748423
cpx,ERT,T_C,cpx_liq,alr,49,75.66415737340489
cpx,ERT,T_C,cpx_liq,alr,50,76.49523074742676
cpx,ERT,T_C,cpx_liq,alr,51,75.67623391314655
cpx,ERT,T_C,cpx_liq,alr,52,76.08517104027291
cpx,ERT,T_C,cpx_liq,alr,53,75.59339323291007
cpx,ERT,T_C,cpx_liq,alr,54,75.87460812663348
cpx,ERT,T_C,cpx_liq,alr,55,76.37207184226402
cpx,ERT,T_C,cpx_liq,alr,56,76.36301541749488
cpx,ERT,T_C,cpx_liq,alr,57,76.04561045556416
cpx,ERT,T_C,cpx_liq,alr,58,76.53970792547702
cpx,ERT,T_C,cpx_liq,alr,59,75.88317161768158
cpx,ERT,T_C,cpx_liq,alr,60,76.13042769765396
cpx,ERT,T_C,cpx_liq,alr,61,76.08363557881349
cpx,ERT,T_C,cpx_liq,pwlr,42,72.50372208958599
cpx,ERT,T_C,cpx_liq,pwlr,43,72.72748867074132
cpx,ERT,T_C,cpx_liq,pwlr,44,72.34084737964638
cpx,ERT,T_C,cpx_liq,pwlr,45,72.41880029958307
cpx,ERT,T_C,cpx_liq,pwlr,46,72.30765282004266
cpx,ERT,T_C,cpx_liq,pwlr,47,72.14537757307843
cpx,ERT,T_C,cpx_liq,pwlr,48,72.69394440935383
cpx,ERT,T_C,cpx_liq,pwlr,49,72.17169410206992
cpx,ERT,T_C,cpx_liq,pwlr,50,72.69681120256777
cpx,ERT,T_C,cpx_liq,pwlr,51,72.280364933213
cpx,ERT,T_C,cpx_liq,pwlr,52,72.7518786343754
cpx,ERT,T_C,cpx_liq,pwlr,53,72.32333613235961
cpx,ERT,T_C,cpx_liq,pwlr,54,72.20376495854052
cpx,ERT,T_C,cpx_liq,pwlr,55,72.66347690694305
cpx,ERT,T_C,cpx_liq,pwlr,56,72.78829348938739
cpx,ERT,T_C,cpx_liq,pwlr,57,72.6177375957347
cpx,ERT,T_C,cpx_liq,pwlr,58,72.55674695634826
cpx,ERT,T_C,cpx_liq,pwlr,59,72.59106012311966
cpx,ERT,T_C,cpx_liq,pwlr,60,72.42259114878378
cpx,ERT,T_C,cpx_liq,pwlr,61,72.30878415639472
cpx,ERT,P_kbar,cpx_only,raw,42,14.256242865455112
cpx,ERT,P_kbar,cpx_only,raw,43,14.220858098138526
cpx,ERT,P_kbar,cpx_only,raw,44,14.30678209854982
cpx,ERT,P_kbar,cpx_only,raw,45,14.222616154260203
cpx,ERT,P_kbar,cpx_only,raw,46,14.096941029135715
cpx,ERT,P_kbar,cpx_only,raw,47,14.259810928154865
cpx,ERT,P_kbar,cpx_only,raw,48,14.141251655935324
cpx,ERT,P_kbar,cpx_only,raw,49,14.225071225369938
cpx,ERT,P_kbar,cpx_only,raw,50,14.110706588551045
cpx,ERT,P_kbar,cpx_only,raw,51,14.242855692043916
cpx,ERT,P_kbar,cpx_only,raw,52,14.278549049297787
cpx,ERT,P_kbar,cpx_only,raw,53,14.277021458009578
cpx,ERT,P_kbar,cpx_only,raw,54,14.069154493011393
cpx,ERT,P_kbar,cpx_only,raw,55,14.160549102367645
cpx,ERT,P_kbar,cpx_only,raw,56,14.272147513626564
cpx,ERT,P_kbar,cpx_only,raw,57,14.140850152442807
cpx,ERT,P_kbar,cpx_only,raw,58,14.167500983672994
cpx,ERT,P_kbar,cpx_only,raw,59,14.101452660947896
cpx,ERT,P_kbar,cpx_only,raw,60,14.266683822618145
cpx,ERT,P_kbar,cpx_only,raw,61,14.138910941187508
cpx,ERT,P_kbar,cpx_only,alr,42,14.575046782831858
cpx,ERT,P_kbar,cpx_only,alr,43,14.248553283015005
cpx,ERT,P_kbar,cpx_only,alr,44,14.448820189380474
cpx,ERT,P_kbar,cpx_only,alr,45,14.351231710446845
cpx,ERT,P_kbar,cpx_only,alr,46,14.284936176625717
cpx,ERT,P_kbar,cpx_only,alr,47,14.439116432425156
cpx,ERT,P_kbar,cpx_only,alr,48,14.400886729126531
cpx,ERT,P_kbar,cpx_only,alr,49,14.460083820964025
cpx,ERT,P_kbar,cpx_only,alr,50,14.429391928679976
cpx,ERT,P_kbar,cpx_only,alr,51,14.481634166571627
cpx,ERT,P_kbar,cpx_only,alr,52,14.19441191454021
cpx,ERT,P_kbar,cpx_only,alr,53,14.49813342508535
cpx,ERT,P_kbar,cpx_only,alr,54,14.45578922541288
cpx,ERT,P_kbar,cpx_only,alr,55,14.348844635067296
cpx,ERT,P_kbar,cpx_only,alr,56,14.442868739562238
cpx,ERT,P_kbar,cpx_only,alr,57,14.289347113994545
cpx,ERT,P_kbar,cpx_only,alr,58,14.310544464868544
cpx,ERT,P_kbar,cpx_only,alr,59,14.483524963059546
cpx,ERT,P_kbar,cpx_only,alr,60,14.345030973906328
cpx,ERT,P_kbar,cpx_only,alr,61,14.363983502585876
cpx,ERT,P_kbar,cpx_only,pwlr,42,14.0891700338362
cpx,ERT,P_kbar,cpx_only,pwlr,43,14.15613488807186
cpx,ERT,P_kbar,cpx_only,pwlr,44,13.926461816245162
cpx,ERT,P_kbar,cpx_only,pwlr,45,14.074716917355662
cpx,ERT,P_kbar,cpx_only,pwlr,46,14.062281088582084
cpx,ERT,P_kbar,cpx_only,pwlr,47,14.0831658555057
cpx,ERT,P_kbar,cpx_only,pwlr,48,14.182635721782413
cpx,ERT,P_kbar,cpx_only,pwlr,49,14.128795325285912
cpx,ERT,P_kbar,cpx_only,pwlr,50,14.005085581907467
cpx,ERT,P_kbar,cpx_only,pwlr,51,14.222650238238382
cpx,ERT,P_kbar,cpx_only,pwlr,52,14.090357207401158
cpx,ERT,P_kbar,cpx_only,pwlr,53,14.0657107374951
cpx,ERT,P_kbar,cpx_only,pwlr,54,13.94505093205527
cpx,ERT,P_kbar,cpx_only,pwlr,55,14.132151759843794
cpx,ERT,P_kbar,cpx_only,pwlr,56,14.134703852528588
cpx,ERT,P_kbar,cpx_only,pwlr,57,14.077182569583478
cpx,ERT,P_kbar,cpx_only,pwlr,58,13.938760142594456
cpx,ERT,P_kbar,cpx_only,pwlr,59,14.071038716428644
cpx,ERT,P_kbar,cpx_only,pwlr,60,14.12100993586516
cpx,ERT,P_kbar,cpx_only,pwlr,61,14.157065206246312
cpx,ERT,P_kbar,cpx_liq,raw,42,7.309607658223723
cpx,ERT,P_kbar,cpx_liq,raw,43,7.287388382076632
cpx,ERT,P_kbar,cpx_liq,raw,44,7.287500705702216
cpx,ERT,P_kbar,cpx_liq,raw,45,7.357490770094998
cpx,ERT,P_kbar,cpx_liq,raw,46,7.350855820778331
cpx,ERT,P_kbar,cpx_liq,raw,47,7.3957876759131
cpx,ERT,P_kbar,cpx_liq,raw,48,7.357659646153079
cpx,ERT,P_kbar,cpx_liq,raw,49,7.392154639199682
cpx,ERT,P_kbar,cpx_liq,raw,50,7.295636013485755
cpx,ERT,P_kbar,cpx_liq,raw,51,7.298634056607026
cpx,ERT,P_kbar,cpx_liq,raw,52,7.292312106544086
cpx,ERT,P_kbar,cpx_liq,raw,53,7.305458603633631
cpx,ERT,P_kbar,cpx_liq,raw,54,7.340428817238871
cpx,ERT,P_kbar,cpx_liq,raw,55,7.30570423803004
cpx,ERT,P_kbar,cpx_liq,raw,56,7.335945259697509
cpx,ERT,P_kbar,cpx_liq,raw,57,7.348410457851007
cpx,ERT,P_kbar,cpx_liq,raw,58,7.371376179203197
cpx,ERT,P_kbar,cpx_liq,raw,59,7.328753772043942
cpx,ERT,P_kbar,cpx_liq,raw,60,7.331372626988697
cpx,ERT,P_kbar,cpx_liq,raw,61,7.380449461250821
cpx,ERT,P_kbar,cpx_liq,alr,42,7.6725171737683935
cpx,ERT,P_kbar,cpx_liq,alr,43,7.585864278390122
cpx,ERT,P_kbar,cpx_liq,alr,44,7.707024523735479
cpx,ERT,P_kbar,cpx_liq,alr,45,7.531612750582168
cpx,ERT,P_kbar,cpx_liq,alr,46,7.616141129165813
cpx,ERT,P_kbar,cpx_liq,alr,47,7.607984414615179
cpx,ERT,P_kbar,cpx_liq,alr,48,7.560897100518681
cpx,ERT,P_kbar,cpx_liq,alr,49,7.662248996017621
cpx,ERT,P_kbar,cpx_liq,alr,50,7.584045450529882
cpx,ERT,P_kbar,cpx_liq,alr,51,7.595678016966994
cpx,ERT,P_kbar,cpx_liq,alr,52,7.617481826030135
cpx,ERT,P_kbar,cpx_liq,alr,53,7.553188912795218
cpx,ERT,P_kbar,cpx_liq,alr,54,7.712332411803629
cpx,ERT,P_kbar,cpx_liq,alr,55,7.59784132118417
cpx,ERT,P_kbar,cpx_liq,alr,56,7.526802699122357
cpx,ERT,P_kbar,cpx_liq,alr,57,7.557141083340612
cpx,ERT,P_kbar,cpx_liq,alr,58,7.6484426579080464
cpx,ERT,P_kbar,cpx_liq,alr,59,7.645035979095408
cpx,ERT,P_kbar,cpx_liq,alr,60,7.584631563340153
cpx,ERT,P_kbar,cpx_liq,alr,61,7.593055609432362
cpx,ERT,P_kbar,cpx_liq,pwlr,42,7.412852316135044
cpx,ERT,P_kbar,cpx_liq,pwlr,43,7.414964436436035
cpx,ERT,P_kbar,cpx_liq,pwlr,44,7.43031245194781
cpx,ERT,P_kbar,cpx_liq,pwlr,45,7.438770513499445
cpx,ERT,P_kbar,cpx_liq,pwlr,46,7.334393295564835
cpx,ERT,P_kbar,cpx_liq,pwlr,47,7.302536885176809
cpx,ERT,P_kbar,cpx_liq,pwlr,48,7.412318412047245
cpx,ERT,P_kbar,cpx_liq,pwlr,49,7.383046210639973
cpx,ERT,P_kbar,cpx_liq,pwlr,50,7.361648111359277
cpx,ERT,P_kbar,cpx_liq,pwlr,51,7.404173869776776
cpx,ERT,P_kbar,cpx_liq,pwlr,52,7.340907290352661
cpx,ERT,P_kbar,cpx_liq,pwlr,53,7.427013699816255
cpx,ERT,P_kbar,cpx_liq,pwlr,54,7.339618915840126
cpx,ERT,P_kbar,cpx_liq,pwlr,55,7.374840219696833
cpx,ERT,P_kbar,cpx_liq,pwlr,56,7.452791256907339
cpx,ERT,P_kbar,cpx_liq,pwlr,57,7.419450385472999
cpx,ERT,P_kbar,cpx_liq,pwlr,58,7.314285971966958
cpx,ERT,P_kbar,cpx_liq,pwlr,59,7.43240374426745
cpx,ERT,P_kbar,cpx_liq,pwlr,60,7.352479446830253
cpx,ERT,P_kbar,cpx_liq,pwlr,61,7.325883175146515
cpx,XGB,T_C,cpx_only,raw,42,145.68729119097537
cpx,XGB,T_C,cpx_only,raw,43,144.36394302050357
cpx,XGB,T_C,cpx_only,raw,44,143.81621622772482
cpx,XGB,T_C,cpx_only,raw,45,144.8258194978249
cpx,XGB,T_C,cpx_only,raw,46,143.31263470020193
cpx,XGB,T_C,cpx_only,raw,47,144.223247471086
cpx,XGB,T_C,cpx_only,raw,48,144.67873125904632
cpx,XGB,T_C,cpx_only,raw,49,145.13998727321692
cpx,XGB,T_C,cpx_only,raw,50,145.23732405976293
cpx,XGB,T_C,cpx_only,raw,51,144.71034980914027
cpx,XGB,T_C,cpx_only,raw,52,144.49968562706303
cpx,XGB,T_C,cpx_only,raw,53,144.5438411890224
cpx,XGB,T_C,cpx_only,raw,54,144.24669592714625
cpx,XGB,T_C,cpx_only,raw,55,144.45271539642292
cpx,XGB,T_C,cpx_only,raw,56,144.1027266352004
cpx,XGB,T_C,cpx_only,raw,57,144.46388976506125
cpx,XGB,T_C,cpx_only,raw,58,143.8448537987322
cpx,XGB,T_C,cpx_only,raw,59,144.38182954781794
cpx,XGB,T_C,cpx_only,raw,60,143.39892591432297
cpx,XGB,T_C,cpx_only,raw,61,143.87667835870997
cpx,XGB,T_C,cpx_only,alr,42,142.477055491817
cpx,XGB,T_C,cpx_only,alr,43,141.73178476098656
cpx,XGB,T_C,cpx_only,alr,44,141.43257697369842
cpx,XGB,T_C,cpx_only,alr,45,142.41974229577744
cpx,XGB,T_C,cpx_only,alr,46,140.88954567633277
cpx,XGB,T_C,cpx_only,alr,47,141.83781392651855
cpx,XGB,T_C,cpx_only,alr,48,142.90241527869605
cpx,XGB,T_C,cpx_only,alr,49,141.29981343678853
cpx,XGB,T_C,cpx_only,alr,50,141.0616858845497
cpx,XGB,T_C,cpx_only,alr,51,141.89151749667232
cpx,XGB,T_C,cpx_only,alr,52,142.2243300645972
cpx,XGB,T_C,cpx_only,alr,53,141.34700057368957
cpx,XGB,T_C,cpx_only,alr,54,142.54959337815222
cpx,XGB,T_C,cpx_only,alr,55,141.73883048059918
cpx,XGB,T_C,cpx_only,alr,56,141.23878300241793
cpx,XGB,T_C,cpx_only,alr,57,142.12021550095974
cpx,XGB,T_C,cpx_only,alr,58,141.7745152599873
cpx,XGB,T_C,cpx_only,alr,59,141.90540335075497
cpx,XGB,T_C,cpx_only,alr,60,140.61113803503534
cpx,XGB,T_C,cpx_only,alr,61,140.83273210172507
cpx,XGB,T_C,cpx_only,pwlr,42,133.831905894774
cpx,XGB,T_C,cpx_only,pwlr,43,134.63705221437112
cpx,XGB,T_C,cpx_only,pwlr,44,135.04305774392282
cpx,XGB,T_C,cpx_only,pwlr,45,134.49746172725688
cpx,XGB,T_C,cpx_only,pwlr,46,134.40037154489855
cpx,XGB,T_C,cpx_only,pwlr,47,134.33393724244803
cpx,XGB,T_C,cpx_only,pwlr,48,134.22116797997757
cpx,XGB,T_C,cpx_only,pwlr,49,133.68993355596484
cpx,XGB,T_C,cpx_only,pwlr,50,133.30556064223103
cpx,XGB,T_C,cpx_only,pwlr,51,134.7554023675437
cpx,XGB,T_C,cpx_only,pwlr,52,133.09913365114647
cpx,XGB,T_C,cpx_only,pwlr,53,134.0387388031422
cpx,XGB,T_C,cpx_only,pwlr,54,134.35223241243332
cpx,XGB,T_C,cpx_only,pwlr,55,134.40236611161913
cpx,XGB,T_C,cpx_only,pwlr,56,134.94918834283976
cpx,XGB,T_C,cpx_only,pwlr,57,133.8189187534571
cpx,XGB,T_C,cpx_only,pwlr,58,134.98032072718036
cpx,XGB,T_C,cpx_only,pwlr,59,133.43699299651357
cpx,XGB,T_C,cpx_only,pwlr,60,134.3614510668543
cpx,XGB,T_C,cpx_only,pwlr,61,136.76669870350258
cpx,XGB,T_C,cpx_liq,raw,42,74.1795423072363
cpx,XGB,T_C,cpx_liq,raw,43,75.52427936540641
cpx,XGB,T_C,cpx_liq,raw,44,75.58932200503232
cpx,XGB,T_C,cpx_liq,raw,45,74.6592095210776
cpx,XGB,T_C,cpx_liq,raw,46,75.5315937140842
cpx,XGB,T_C,cpx_liq,raw,47,74.94360249076091
cpx,XGB,T_C,cpx_liq,raw,48,74.40003708004643
cpx,XGB,T_C,cpx_liq,raw,49,75.22559506138387
cpx,XGB,T_C,cpx_liq,raw,50,74.36289810992186
cpx,XGB,T_C,cpx_liq,raw,51,74.81568250512449
cpx,XGB,T_C,cpx_liq,raw,52,73.85969911792284
cpx,XGB,T_C,cpx_liq,raw,53,76.05491861612448
cpx,XGB,T_C,cpx_liq,raw,54,75.10345325293659
cpx,XGB,T_C,cpx_liq,raw,55,75.74053122128238
cpx,XGB,T_C,cpx_liq,raw,56,74.94300549040184
cpx,XGB,T_C,cpx_liq,raw,57,74.49566195897475
cpx,XGB,T_C,cpx_liq,raw,58,75.24874492801219
cpx,XGB,T_C,cpx_liq,raw,59,75.04292178028781
cpx,XGB,T_C,cpx_liq,raw,60,75.72250069539683
cpx,XGB,T_C,cpx_liq,raw,61,75.60511708780648
cpx,XGB,T_C,cpx_liq,alr,42,75.58243472221426
cpx,XGB,T_C,cpx_liq,alr,43,75.93970779903673
cpx,XGB,T_C,cpx_liq,alr,44,76.74723510037994
cpx,XGB,T_C,cpx_liq,alr,45,76.44930341782094
cpx,XGB,T_C,cpx_liq,alr,46,75.84553462633124
cpx,XGB,T_C,cpx_liq,alr,47,75.61708150811376
cpx,XGB,T_C,cpx_liq,alr,48,76.31075876355337
cpx,XGB,T_C,cpx_liq,alr,49,75.59375090958132
cpx,XGB,T_C,cpx_liq,alr,50,75.89199304631471
cpx,XGB,T_C,cpx_liq,alr,51,75.75585384975888
cpx,XGB,T_C,cpx_liq,alr,52,76.15080507626506
cpx,XGB,T_C,cpx_liq,alr,53,76.62179250432371
cpx,XGB,T_C,cpx_liq,alr,54,76.1773133977626
cpx,XGB,T_C,cpx_liq,alr,55,75.85626161210823
cpx,XGB,T_C,cpx_liq,alr,56,76.73235060645953
cpx,XGB,T_C,cpx_liq,alr,57,76.82603772274273
cpx,XGB,T_C,cpx_liq,alr,58,75.69733091180532
cpx,XGB,T_C,cpx_liq,alr,59,76.33863913528259
cpx,XGB,T_C,cpx_liq,alr,60,76.58340976409086
cpx,XGB,T_C,cpx_liq,alr,61,76.52100638827511
cpx,XGB,T_C,cpx_liq,pwlr,42,75.36093459310659
cpx,XGB,T_C,cpx_liq,pwlr,43,72.29646984027882
cpx,XGB,T_C,cpx_liq,pwlr,44,73.69879002518462
cpx,XGB,T_C,cpx_liq,pwlr,45,72.61074546738647
cpx,XGB,T_C,cpx_liq,pwlr,46,71.70448499887767
cpx,XGB,T_C,cpx_liq,pwlr,47,75.78970235090065
cpx,XGB,T_C,cpx_liq,pwlr,48,73.99004541756494
cpx,XGB,T_C,cpx_liq,pwlr,49,74.15631726578872
cpx,XGB,T_C,cpx_liq,pwlr,50,72.45754191278371
cpx,XGB,T_C,cpx_liq,pwlr,51,72.67728389543875
cpx,XGB,T_C,cpx_liq,pwlr,52,74.53139055849407
cpx,XGB,T_C,cpx_liq,pwlr,53,72.98425261414874
cpx,XGB,T_C,cpx_liq,pwlr,54,72.56925361695299
cpx,XGB,T_C,cpx_liq,pwlr,55,73.76660622644064
cpx,XGB,T_C,cpx_liq,pwlr,56,73.70660198286595
cpx,XGB,T_C,cpx_liq,pwlr,57,72.5006581189028
cpx,XGB,T_C,cpx_liq,pwlr,58,73.31357686217522
cpx,XGB,T_C,cpx_liq,pwlr,59,71.45923565377748
cpx,XGB,T_C,cpx_liq,pwlr,60,71.77741148841172
cpx,XGB,T_C,cpx_liq,pwlr,61,74.11332960287744
cpx,XGB,P_kbar,cpx_only,raw,42,14.932636987891598
cpx,XGB,P_kbar,cpx_only,raw,43,15.012629375664364
cpx,XGB,P_kbar,cpx_only,raw,44,14.714510931770338
cpx,XGB,P_kbar,cpx_only,raw,45,15.209365823091172
cpx,XGB,P_kbar,cpx_only,raw,46,14.44603431395685
cpx,XGB,P_kbar,cpx_only,raw,47,14.993287703371536
cpx,XGB,P_kbar,cpx_only,raw,48,15.323424172268892
cpx,XGB,P_kbar,cpx_only,raw,49,15.231332726611738
cpx,XGB,P_kbar,cpx_only,raw,50,15.359280821262493
cpx,XGB,P_kbar,cpx_only,raw,51,14.886348306828031
cpx,XGB,P_kbar,cpx_only,raw,52,14.667986310069448
cpx,XGB,P_kbar,cpx_only,raw,53,15.642297944841632
cpx,XGB,P_kbar,cpx_only,raw,54,15.508527791931607
cpx,XGB,P_kbar,cpx_only,raw,55,15.09458067211392
cpx,XGB,P_kbar,cpx_only,raw,56,15.19056626120064
cpx,XGB,P_kbar,cpx_only,raw,57,14.99953120659472
cpx,XGB,P_kbar,cpx_only,raw,58,15.68807206110517
cpx,XGB,P_kbar,cpx_only,raw,59,14.97867831876126
cpx,XGB,P_kbar,cpx_only,raw,60,15.008223010491465
cpx,XGB,P_kbar,cpx_only,raw,61,15.758739221567897
cpx,XGB,P_kbar,cpx_only,alr,42,25.59887886964721
cpx,XGB,P_kbar,cpx_only,alr,43,25.97919222955987
cpx,XGB,P_kbar,cpx_only,alr,44,25.02166953389142
cpx,XGB,P_kbar,cpx_only,alr,45,24.998130942866
cpx,XGB,P_kbar,cpx_only,alr,46,26.86868523734264
cpx,XGB,P_kbar,cpx_only,alr,47,25.500503701995303
cpx,XGB,P_kbar,cpx_only,alr,48,25.69527930627307
cpx,XGB,P_kbar,cpx_only,alr,49,25.591488507569725
cpx,XGB,P_kbar,cpx_only,alr,50,26.21288246032567
cpx,XGB,P_kbar,cpx_only,alr,51,26.670162837023
cpx,XGB,P_kbar,cpx_only,alr,52,26.36627509094358
cpx,XGB,P_kbar,cpx_only,alr,53,25.509398185450124
cpx,XGB,P_kbar,cpx_only,alr,54,25.606205500689644
cpx,XGB,P_kbar,cpx_only,alr,55,25.003480574961557
cpx,XGB,P_kbar,cpx_only,alr,56,25.99932603209524
cpx,XGB,P_kbar,cpx_only,alr,57,25.48934158385144
cpx,XGB,P_kbar,cpx_only,alr,58,26.112164863436465
cpx,XGB,P_kbar,cpx_only,alr,59,25.80553600760852
cpx,XGB,P_kbar,cpx_only,alr,60,26.095065464681625
cpx,XGB,P_kbar,cpx_only,alr,61,25.624053517374104
cpx,XGB,P_kbar,cpx_only,pwlr,42,16.010078777842548
cpx,XGB,P_kbar,cpx_only,pwlr,43,16.3042231768216
cpx,XGB,P_kbar,cpx_only,pwlr,44,16.485456215915782
cpx,XGB,P_kbar,cpx_only,pwlr,45,18.34476562522281
cpx,XGB,P_kbar,cpx_only,pwlr,46,17.665827788635063
cpx,XGB,P_kbar,cpx_only,pwlr,47,15.971029713762862
cpx,XGB,P_kbar,cpx_only,pwlr,48,16.655100685298788
cpx,XGB,P_kbar,cpx_only,pwlr,49,18.94650009064221
cpx,XGB,P_kbar,cpx_only,pwlr,50,18.85434198447381
cpx,XGB,P_kbar,cpx_only,pwlr,51,17.24320066228678
cpx,XGB,P_kbar,cpx_only,pwlr,52,20.63032889886149
cpx,XGB,P_kbar,cpx_only,pwlr,53,16.848236862577398
cpx,XGB,P_kbar,cpx_only,pwlr,54,18.054124763015423
cpx,XGB,P_kbar,cpx_only,pwlr,55,17.16270905914257
cpx,XGB,P_kbar,cpx_only,pwlr,56,17.852811855112133
cpx,XGB,P_kbar,cpx_only,pwlr,57,15.621433837037175
cpx,XGB,P_kbar,cpx_only,pwlr,58,16.65871731731637
cpx,XGB,P_kbar,cpx_only,pwlr,59,17.52687125009718
cpx,XGB,P_kbar,cpx_only,pwlr,60,19.804199556226813
cpx,XGB,P_kbar,cpx_only,pwlr,61,16.371390107057085
cpx,XGB,P_kbar,cpx_liq,raw,42,7.627408221661685
cpx,XGB,P_kbar,cpx_liq,raw,43,7.701634975220556
cpx,XGB,P_kbar,cpx_liq,raw,44,7.681271832933085
cpx,XGB,P_kbar,cpx_liq,raw,45,7.496551172387462
cpx,XGB,P_kbar,cpx_liq,raw,46,7.613352701565888
cpx,XGB,P_kbar,cpx_liq,raw,47,7.619381562033985
cpx,XGB,P_kbar,cpx_liq,raw,48,7.463310478813512
cpx,XGB,P_kbar,cpx_liq,raw,49,7.39287542715283
cpx,XGB,P_kbar,cpx_liq,raw,50,7.529458715445276
cpx,XGB,P_kbar,cpx_liq,raw,51,7.490681784050519
cpx,XGB,P_kbar,cpx_liq,raw,52,7.656666497337838
cpx,XGB,P_kbar,cpx_liq,raw,53,7.391894915831462
cpx,XGB,P_kbar,cpx_liq,raw,54,7.658481338564282
cpx,XGB,P_kbar,cpx_liq,raw,55,7.5038483528175615
cpx,XGB,P_kbar,cpx_liq,raw,56,7.761835031453382
cpx,XGB,P_kbar,cpx_liq,raw,57,7.63541819689071
cpx,XGB,P_kbar,cpx_liq,raw,58,7.559205278330228
cpx,XGB,P_kbar,cpx_liq,raw,59,7.544651096558018
cpx,XGB,P_kbar,cpx_liq,raw,60,7.608394373547973
cpx,XGB,P_kbar,cpx_liq,raw,61,7.465502292154065
cpx,XGB,P_kbar,cpx_liq,alr,42,7.406292841097794
cpx,XGB,P_kbar,cpx_liq,alr,43,7.393702368880951
cpx,XGB,P_kbar,cpx_liq,alr,44,7.239247636245374
cpx,XGB,P_kbar,cpx_liq,alr,45,7.230434232761489
cpx,XGB,P_kbar,cpx_liq,alr,46,7.275265802063322
cpx,XGB,P_kbar,cpx_liq,alr,47,7.294547236195467
cpx,XGB,P_kbar,cpx_liq,alr,48,7.294356487960062
cpx,XGB,P_kbar,cpx_liq,alr,49,7.299429634731969
cpx,XGB,P_kbar,cpx_liq,alr,50,7.216085758808284
cpx,XGB,P_kbar,cpx_liq,alr,51,7.277826392860283
cpx,XGB,P_kbar,cpx_liq,alr,52,7.166237181482627
cpx,XGB,P_kbar,cpx_liq,alr,53,7.327144046147798
cpx,XGB,P_kbar,cpx_liq,alr,54,7.327263020998085
cpx,XGB,P_kbar,cpx_liq,alr,55,7.271567750177447
cpx,XGB,P_kbar,cpx_liq,alr,56,7.317422476520027
cpx,XGB,P_kbar,cpx_liq,alr,57,7.379997742693328
cpx,XGB,P_kbar,cpx_liq,alr,58,7.373286585706209
cpx,XGB,P_kbar,cpx_liq,alr,59,7.279052636527807
cpx,XGB,P_kbar,cpx_liq,alr,60,7.345124787019913
cpx,XGB,P_kbar,cpx_liq,alr,61,7.30571221447482
cpx,XGB,P_kbar,cpx_liq,pwlr,42,7.073629825919581
cpx,XGB,P_kbar,cpx_liq,pwlr,43,6.517433210666006
cpx,XGB,P_kbar,cpx_liq,pwlr,44,6.974381374828963
cpx,XGB,P_kbar,cpx_liq,pwlr,45,7.014971485150285
cpx,XGB,P_kbar,cpx_liq,pwlr,46,6.744343729112023
cpx,XGB,P_kbar,cpx_liq,pwlr,47,6.922759693948131
cpx,XGB,P_kbar,cpx_liq,pwlr,48,7.143811618040886
cpx,XGB,P_kbar,cpx_liq,pwlr,49,7.076576088161671
cpx,XGB,P_kbar,cpx_liq,pwlr,50,7.266612042167997
cpx,XGB,P_kbar,cpx_liq,pwlr,51,7.0234812453204585
cpx,XGB,P_kbar,cpx_liq,pwlr,52,6.853281752214856
cpx,XGB,P_kbar,cpx_liq,pwlr,53,6.940666678191852
cpx,XGB,P_kbar,cpx_liq,pwlr,54,6.926986215672246
cpx,XGB,P_kbar,cpx_liq,pwlr,55,6.867247763177508
cpx,XGB,P_kbar,cpx_liq,pwlr,56,6.973538939274605
cpx,XGB,P_kbar,cpx_liq,pwlr,57,7.004121431805145
cpx,XGB,P_kbar,cpx_liq,pwlr,58,6.769538140909032
cpx,XGB,P_kbar,cpx_liq,pwlr,59,6.793561920975995
cpx,XGB,P_kbar,cpx_liq,pwlr,60,6.906190753946614
cpx,XGB,P_kbar,cpx_liq,pwlr,61,6.876636622221415
cpx,GB,T_C,cpx_only,raw,42,146.36172653028345
cpx,GB,T_C,cpx_only,raw,43,146.36172653028345
cpx,GB,T_C,cpx_only,raw,44,146.36172653028345
cpx,GB,T_C,cpx_only,raw,45,146.36172653028345
cpx,GB,T_C,cpx_only,raw,46,146.36172653028345
cpx,GB,T_C,cpx_only,raw,47,146.36172653028345
cpx,GB,T_C,cpx_only,raw,48,146.36172653028345
cpx,GB,T_C,cpx_only,raw,49,146.36172653028345
cpx,GB,T_C,cpx_only,raw,50,146.36172653028345
cpx,GB,T_C,cpx_only,raw,51,146.36172653028345
cpx,GB,T_C,cpx_only,raw,52,146.36172653028345
cpx,GB,T_C,cpx_only,raw,53,146.36172653028345
cpx,GB,T_C,cpx_only,raw,54,146.36172653028345
cpx,GB,T_C,cpx_only,raw,55,146.36172653028345
cpx,GB,T_C,cpx_only,raw,56,146.36172653028345
cpx,GB,T_C,cpx_only,raw,57,146.36172653028345
cpx,GB,T_C,cpx_only,raw,58,146.36172653028345
cpx,GB,T_C,cpx_only,raw,59,146.36172653028345
cpx,GB,T_C,cpx_only,raw,60,146.36172653028345
cpx,GB,T_C,cpx_only,raw,61,146.36172653028345
cpx,GB,T_C,cpx_only,alr,42,145.95019778247865
cpx,GB,T_C,cpx_only,alr,43,145.95019778247865
cpx,GB,T_C,cpx_only,alr,44,145.95019778247865
cpx,GB,T_C,cpx_only,alr,45,145.95019778247865
cpx,GB,T_C,cpx_only,alr,46,145.95019778247865
cpx,GB,T_C,cpx_only,alr,47,145.95019778247865
cpx,GB,T_C,cpx_only,alr,48,145.95019778247865
cpx,GB,T_C,cpx_only,alr,49,145.95019778247865
cpx,GB,T_C,cpx_only,alr,50,145.95019778247865
cpx,GB,T_C,cpx_only,alr,51,145.95019778247865
cpx,GB,T_C,cpx_only,alr,52,145.95019778247865
cpx,GB,T_C,cpx_only,alr,53,145.95019778247865
cpx,GB,T_C,cpx_only,alr,54,145.95019778247865
cpx,GB,T_C,cpx_only,alr,55,145.95019778247865
cpx,GB,T_C,cpx_only,alr,56,145.95019778247865
cpx,GB,T_C,cpx_only,alr,57,145.95019778247865
cpx,GB,T_C,cpx_only,alr,58,145.95019778247865
cpx,GB,T_C,cpx_only,alr,59,145.95019778247865
cpx,GB,T_C,cpx_only,alr,60,145.95019778247865
cpx,GB,T_C,cpx_only,alr,61,145.95019778247865
cpx,GB,T_C,cpx_only,pwlr,42,131.59019236799173
cpx,GB,T_C,cpx_only,pwlr,43,131.59019236799173
cpx,GB,T_C,cpx_only,pwlr,44,131.59019236799173
cpx,GB,T_C,cpx_only,pwlr,45,131.59019236799173
cpx,GB,T_C,cpx_only,pwlr,46,131.59019236799173
cpx,GB,T_C,cpx_only,pwlr,47,131.59019236799173
cpx,GB,T_C,cpx_only,pwlr,48,131.59019236799173
cpx,GB,T_C,cpx_only,pwlr,49,131.59019236799173
cpx,GB,T_C,cpx_only,pwlr,50,131.59019236799173
cpx,GB,T_C,cpx_only,pwlr,51,131.59019236799173
cpx,GB,T_C,cpx_only,pwlr,52,131.59019236799173
cpx,GB,T_C,cpx_only,pwlr,53,131.59019236799173
cpx,GB,T_C,cpx_only,pwlr,54,131.59019236799173
cpx,GB,T_C,cpx_only,pwlr,55,131.59019236799173
cpx,GB,T_C,cpx_only,pwlr,56,131.59019236799173
cpx,GB,T_C,cpx_only,pwlr,57,131.59019236799173
cpx,GB,T_C,cpx_only,pwlr,58,131.59019236799173
cpx,GB,T_C,cpx_only,pwlr,59,131.59019236799173
cpx,GB,T_C,cpx_only,pwlr,60,131.59019236799173
cpx,GB,T_C,cpx_only,pwlr,61,131.59019236799173
cpx,GB,T_C,cpx_liq,raw,42,75.47126631357939
cpx,GB,T_C,cpx_liq,raw,43,75.47126631357939
cpx,GB,T_C,cpx_liq,raw,44,75.47126631357939
cpx,GB,T_C,cpx_liq,raw,45,75.47126631357939
cpx,GB,T_C,cpx_liq,raw,46,75.47126631357939
cpx,GB,T_C,cpx_liq,raw,47,75.47126631357939
cpx,GB,T_C,cpx_liq,raw,48,75.47126631357939
cpx,GB,T_C,cpx_liq,raw,49,75.47126631357939
cpx,GB,T_C,cpx_liq,raw,50,75.47126631357939
cpx,GB,T_C,cpx_liq,raw,51,75.47126631357939
cpx,GB,T_C,cpx_liq,raw,52,75.47126631357939
cpx,GB,T_C,cpx_liq,raw,53,75.47126631357939
cpx,GB,T_C,cpx_liq,raw,54,75.47126631357939
cpx,GB,T_C,cpx_liq,raw,55,75.47126631357939
cpx,GB,T_C,cpx_liq,raw,56,75.47126631357939
cpx,GB,T_C,cpx_liq,raw,57,75.47126631357939
cpx,GB,T_C,cpx_liq,raw,58,75.47126631357939
cpx,GB,T_C,cpx_liq,raw,59,75.47126631357939
cpx,GB,T_C,cpx_liq,raw,60,75.47126631357939
cpx,GB,T_C,cpx_liq,raw,61,75.47126631357939
cpx,GB,T_C,cpx_liq,alr,42,75.57558883291043
cpx,GB,T_C,cpx_liq,alr,43,75.57558883291043
cpx,GB,T_C,cpx_liq,alr,44,75.57558883291043
cpx,GB,T_C,cpx_liq,alr,45,75.57558883291043
cpx,GB,T_C,cpx_liq,alr,46,75.57558883291043
cpx,GB,T_C,cpx_liq,alr,47,75.57558883291043
cpx,GB,T_C,cpx_liq,alr,48,75.57558883291043
cpx,GB,T_C,cpx_liq,alr,49,75.57558883291043
cpx,GB,T_C,cpx_liq,alr,50,75.57558883291043
cpx,GB,T_C,cpx_liq,alr,51,75.57558883291043
cpx,GB,T_C,cpx_liq,alr,52,75.57558883291043
cpx,GB,T_C,cpx_liq,alr,53,75.57558883291043
cpx,GB,T_C,cpx_liq,alr,54,75.57558883291043
cpx,GB,T_C,cpx_liq,alr,55,75.57558883291043
cpx,GB,T_C,cpx_liq,alr,56,75.57558883291043
cpx,GB,T_C,cpx_liq,alr,57,75.57558883291043
cpx,GB,T_C,cpx_liq,alr,58,75.57558883291043
cpx,GB,T_C,cpx_liq,alr,59,75.57558883291043
cpx,GB,T_C,cpx_liq,alr,60,75.57558883291043
cpx,GB,T_C,cpx_liq,alr,61,75.57558883291043
cpx,GB,T_C,cpx_liq,pwlr,42,75.66579252945712
cpx,GB,T_C,cpx_liq,pwlr,43,75.66579252945712
cpx,GB,T_C,cpx_liq,pwlr,44,75.66579252945712
cpx,GB,T_C,cpx_liq,pwlr,45,75.66579252945712
cpx,GB,T_C,cpx_liq,pwlr,46,75.66579252945712
cpx,GB,T_C,cpx_liq,pwlr,47,75.66579252945712
cpx,GB,T_C,cpx_liq,pwlr,48,75.66579252945712
cpx,GB,T_C,cpx_liq,pwlr,49,75.66579252945712
cpx,GB,T_C,cpx_liq,pwlr,50,75.66579252945712
cpx,GB,T_C,cpx_liq,pwlr,51,75.66579252945712
cpx,GB,T_C,cpx_liq,pwlr,52,75.66579252945712
cpx,GB,T_C,cpx_liq,pwlr,53,75.66579252945712
cpx,GB,T_C,cpx_liq,pwlr,54,75.66579252945712
cpx,GB,T_C,cpx_liq,pwlr,55,75.66579252945712
cpx,GB,T_C,cpx_liq,pwlr,56,75.66579252945712
cpx,GB,T_C,cpx_liq,pwlr,57,75.66579252945712
cpx,GB,T_C,cpx_liq,pwlr,58,75.66579252945712
cpx,GB,T_C,cpx_liq,pwlr,59,75.66579252945712
cpx,GB,T_C,cpx_liq,pwlr,60,75.66579252945712
cpx,GB,T_C,cpx_liq,pwlr,61,75.66579252945712
cpx,GB,P_kbar,cpx_only,raw,42,14.20756348036959
cpx,GB,P_kbar,cpx_only,raw,43,14.20756348036959
cpx,GB,P_kbar,cpx_only,raw,44,14.20756348036959
cpx,GB,P_kbar,cpx_only,raw,45,14.20756348036959
cpx,GB,P_kbar,cpx_only,raw,46,14.20756348036959
cpx,GB,P_kbar,cpx_only,raw,47,14.20756348036959
cpx,GB,P_kbar,cpx_only,raw,48,14.20756348036959
cpx,GB,P_kbar,cpx_only,raw,49,14.20756348036959
cpx,GB,P_kbar,cpx_only,raw,50,14.20756348036959
cpx,GB,P_kbar,cpx_only,raw,51,14.20756348036959
cpx,GB,P_kbar,cpx_only,raw,52,14.20756348036959
cpx,GB,P_kbar,cpx_only,raw,53,14.20756348036959
cpx,GB,P_kbar,cpx_only,raw,54,14.20756348036959
cpx,GB,P_kbar,cpx_only,raw,55,14.20756348036959
cpx,GB,P_kbar,cpx_only,raw,56,14.20756348036959
cpx,GB,P_kbar,cpx_only,raw,57,14.20756348036959
cpx,GB,P_kbar,cpx_only,raw,58,14.20756348036959
cpx,GB,P_kbar,cpx_only,raw,59,14.20756348036959
cpx,GB,P_kbar,cpx_only,raw,60,14.20756348036959
cpx,GB,P_kbar,cpx_only,raw,61,14.20756348036959
cpx,GB,P_kbar,cpx_only,alr,42,20.248269063830325
cpx,GB,P_kbar,cpx_only,alr,43,20.248269063830325
cpx,GB,P_kbar,cpx_only,alr,44,20.248269063830325
cpx,GB,P_kbar,cpx_only,alr,45,20.248269063830325
cpx,GB,P_kbar,cpx_only,alr,46,20.248269063830325
cpx,GB,P_kbar,cpx_only,alr,47,20.248269063830325
cpx,GB,P_kbar,cpx_only,alr,48,20.248269063830325
cpx,GB,P_kbar,cpx_only,alr,49,20.248269063830325
cpx,GB,P_kbar,cpx_only,alr,50,20.248269063830325
cpx,GB,P_kbar,cpx_only,alr,51,20.248269063830325
cpx,GB,P_kbar,cpx_only,alr,52,20.248269063830325
cpx,GB,P_kbar,cpx_only,alr,53,20.248269063830325
cpx,GB,P_kbar,cpx_only,alr,54,20.248269063830325
cpx,GB,P_kbar,cpx_only,alr,55,20.248269063830325
cpx,GB,P_kbar,cpx_only,alr,56,20.248269063830325
cpx,GB,P_kbar,cpx_only,alr,57,20.248269063830325
cpx,GB,P_kbar,cpx_only,alr,58,20.248269063830325
cpx,GB,P_kbar,cpx_only,alr,59,20.248269063830325
cpx,GB,P_kbar,cpx_only,alr,60,20.248269063830325
cpx,GB,P_kbar,cpx_only,alr,61,20.248269063830325
cpx,GB,P_kbar,cpx_only,pwlr,42,15.6581509712797
cpx,GB,P_kbar,cpx_only,pwlr,43,15.6581509712797
cpx,GB,P_kbar,cpx_only,pwlr,44,15.6581509712797
cpx,GB,P_kbar,cpx_only,pwlr,45,15.6581509712797
cpx,GB,P_kbar,cpx_only,pwlr,46,15.6581509712797
cpx,GB,P_kbar,cpx_only,pwlr,47,15.6581509712797
cpx,GB,P_kbar,cpx_only,pwlr,48,15.6581509712797
cpx,GB,P_kbar,cpx_only,pwlr,49,15.6581509712797
cpx,GB,P_kbar,cpx_only,pwlr,50,15.6581509712797
cpx,GB,P_kbar,cpx_only,pwlr,51,15.6581509712797
cpx,GB,P_kbar,cpx_only,pwlr,52,15.6581509712797
cpx,GB,P_kbar,cpx_only,pwlr,53,15.6581509712797
cpx,GB,P_kbar,cpx_only,pwlr,54,15.6581509712797
cpx,GB,P_kbar,cpx_only,pwlr,55,15.6581509712797
cpx,GB,P_kbar,cpx_only,pwlr,56,15.6581509712797
cpx,GB,P_kbar,cpx_only,pwlr,57,15.6581509712797
cpx,GB,P_kbar,cpx_only,pwlr,58,15.6581509712797
cpx,GB,P_kbar,cpx_only,pwlr,59,15.6581509712797
cpx,GB,P_kbar,cpx_only,pwlr,60,15.6581509712797
cpx,GB,P_kbar,cpx_only,pwlr,61,15.6581509712797
cpx,GB,P_kbar,cpx_liq,raw,42,7.259173965437224
cpx,GB,P_kbar,cpx_liq,raw,43,7.259173965437224
cpx,GB,P_kbar,cpx_liq,raw,44,7.259173965437224
cpx,GB,P_kbar,cpx_liq,raw,45,7.259173965437224
cpx,GB,P_kbar,cpx_liq,raw,46,7.259173965437224
cpx,GB,P_kbar,cpx_liq,raw,47,7.259173965437224
cpx,GB,P_kbar,cpx_liq,raw,48,7.259173965437224
cpx,GB,P_kbar,cpx_liq,raw,49,7.259173965437224
cpx,GB,P_kbar,cpx_liq,raw,50,7.259173965437224
cpx,GB,P_kbar,cpx_liq,raw,51,7.259173965437224
cpx,GB,P_kbar,cpx_liq,raw,52,7.259173965437224
cpx,GB,P_kbar,cpx_liq,raw,53,7.259173965437224
cpx,GB,P_kbar,cpx_liq,raw,54,7.259173965437224
cpx,GB,P_kbar,cpx_liq,raw,55,7.259173965437224
cpx,GB,P_kbar,cpx_liq,raw,56,7.259173965437224
cpx,GB,P_kbar,cpx_liq,raw,57,7.259173965437224
cpx,GB,P_kbar,cpx_liq,raw,58,7.259173965437224
cpx,GB,P_kbar,cpx_liq,raw,59,7.259173965437224
cpx,GB,P_kbar,cpx_liq,raw,60,7.259173965437224
cpx,GB,P_kbar,cpx_liq,raw,61,7.259173965437224
cpx,GB,P_kbar,cpx_liq,alr,42,7.262548958803217
cpx,GB,P_kbar,cpx_liq,alr,43,7.262548958803217
cpx,GB,P_kbar,cpx_liq,alr,44,7.262548958803217
cpx,GB,P_kbar,cpx_liq,alr,45,7.262548958803217
cpx,GB,P_kbar,cpx_liq,alr,46,7.262548958803217
cpx,GB,P_kbar,cpx_liq,alr,47,7.262548958803217
cpx,GB,P_kbar,cpx_liq,alr,48,7.262548958803217
cpx,GB,P_kbar,cpx_liq,alr,49,7.262548958803217
cpx,GB,P_kbar,cpx_liq,alr,50,7.262548958803217
cpx,GB,P_kbar,cpx_liq,alr,51,7.262548958803217
cpx,GB,P_kbar,cpx_liq,alr,52,7.262548958803217
cpx,GB,P_kbar,cpx_liq,alr,53,7.262548958803217
cpx,GB,P_kbar,cpx_liq,alr,54,7.262548958803217
cpx,GB,P_kbar,cpx_liq,alr,55,7.262548958803217
cpx,GB,P_kbar,cpx_liq,alr,56,7.262548958803217
cpx,GB,P_kbar,cpx_liq,alr,57,7.262548958803217
cpx,GB,P_kbar,cpx_liq,alr,58,7.262548958803217
cpx,GB,P_kbar,cpx_liq,alr,59,7.262548958803217
cpx,GB,P_kbar,cpx_liq,alr,60,7.262548958803217
cpx,GB,P_kbar,cpx_liq,alr,61,7.262548958803217
cpx,GB,P_kbar,cpx_liq,pwlr,42,7.052132163652133
cpx,GB,P_kbar,cpx_liq,pwlr,43,7.052132163652133
cpx,GB,P_kbar,cpx_liq,pwlr,44,7.052132163652133
cpx,GB,P_kbar,cpx_liq,pwlr,45,7.052132163652133
cpx,GB,P_kbar,cpx_liq,pwlr,46,7.052132163652133
cpx,GB,P_kbar,cpx_liq,pwlr,47,7.052132163652133
cpx,GB,P_kbar,cpx_liq,pwlr,48,7.052132163652133
cpx,GB,P_kbar,cpx_liq,pwlr,49,7.052132163652133
cpx,GB,P_kbar,cpx_liq,pwlr,50,7.052132163652133
cpx,GB,P_kbar,cpx_liq,pwlr,51,7.052132163652133
cpx,GB,P_kbar,cpx_liq,pwlr,52,7.052132163652133
cpx,GB,P_kbar,cpx_liq,pwlr,53,7.052132163652133
cpx,GB,P_kbar,cpx_liq,pwlr,54,7.052132163652133
cpx,GB,P_kbar,cpx_liq,pwlr,55,7.052132163652133
cpx,GB,P_kbar,cpx_liq,pwlr,56,7.052132163652133
cpx,GB,P_kbar,cpx_liq,pwlr,57,7.052132163652133
cpx,GB,P_kbar,cpx_liq,pwlr,58,7.052132163652133
cpx,GB,P_kbar,cpx_liq,pwlr,59,7.052132163652133
cpx,GB,P_kbar,cpx_liq,pwlr,60,7.052132163652133
cpx,GB,P_kbar,cpx_liq,pwlr,61,7.052132163652133
cpx,CatBoost,T_C,cpx_only,raw,42,139.72230333962128
cpx,CatBoost,T_C,cpx_only,raw,43,141.68324945475678
cpx,CatBoost,T_C,cpx_only,raw,44,142.17186649348625
cpx,CatBoost,T_C,cpx_only,raw,45,139.70906998524822
cpx,CatBoost,T_C,cpx_only,raw,46,140.68251620589663
cpx,CatBoost,T_C,cpx_only,raw,47,139.65309112291166
cpx,CatBoost,T_C,cpx_only,raw,48,139.69771581275634
cpx,CatBoost,T_C,cpx_only,raw,49,139.41265332864438
cpx,CatBoost,T_C,cpx_only,raw,50,140.50102071674894
cpx,CatBoost,T_C,cpx_only,raw,51,141.61888439213968
cpx,CatBoost,T_C,cpx_only,raw,52,143.67574127483644
cpx,CatBoost,T_C,cpx_only,raw,53,140.4860472662054
cpx,CatBoost,T_C,cpx_only,raw,54,138.51777505397249
cpx,CatBoost,T_C,cpx_only,raw,55,141.47544375716305
cpx,CatBoost,T_C,cpx_only,raw,56,139.99723459350213
cpx,CatBoost,T_C,cpx_only,raw,57,142.09563578887727
cpx,CatBoost,T_C,cpx_only,raw,58,141.52786782712343
cpx,CatBoost,T_C,cpx_only,raw,59,141.04634493573442
cpx,CatBoost,T_C,cpx_only,raw,60,140.90651539962
cpx,CatBoost,T_C,cpx_only,raw,61,140.28113646648185
cpx,CatBoost,T_C,cpx_only,alr,42,138.1527196759428
cpx,CatBoost,T_C,cpx_only,alr,43,135.74700245432706
cpx,CatBoost,T_C,cpx_only,alr,44,137.85848284022765
cpx,CatBoost,T_C,cpx_only,alr,45,136.83097048652434
cpx,CatBoost,T_C,cpx_only,alr,46,135.55643231451248
cpx,CatBoost,T_C,cpx_only,alr,47,137.8673343072818
cpx,CatBoost,T_C,cpx_only,alr,48,136.69665608996837
cpx,CatBoost,T_C,cpx_only,alr,49,137.54830722010837
cpx,CatBoost,T_C,cpx_only,alr,50,137.22102479227868
cpx,CatBoost,T_C,cpx_only,alr,51,137.11590449090494
cpx,CatBoost,T_C,cpx_only,alr,52,137.18633449042994
cpx,CatBoost,T_C,cpx_only,alr,53,136.59624653172614
cpx,CatBoost,T_C,cpx_only,alr,54,135.8935819410598
cpx,CatBoost,T_C,cpx_only,alr,55,136.60569058179814
cpx,CatBoost,T_C,cpx_only,alr,56,136.57442885856076
cpx,CatBoost,T_C,cpx_only,alr,57,137.7208629111352
cpx,CatBoost,T_C,cpx_only,alr,58,137.14658114018386
cpx,CatBoost,T_C,cpx_only,alr,59,137.39441007618723
cpx,CatBoost,T_C,cpx_only,alr,60,135.58031974186198
cpx,CatBoost,T_C,cpx_only,alr,61,136.80126561738194
cpx,CatBoost,T_C,cpx_only,pwlr,42,137.02158378842944
cpx,CatBoost,T_C,cpx_only,pwlr,43,133.90770801617592
cpx,CatBoost,T_C,cpx_only,pwlr,44,134.18441200872348
cpx,CatBoost,T_C,cpx_only,pwlr,45,134.59400854076625
cpx,CatBoost,T_C,cpx_only,pwlr,46,134.88288339812925
cpx,CatBoost,T_C,cpx_only,pwlr,47,133.39281746860226
cpx,CatBoost,T_C,cpx_only,pwlr,48,136.6147312115427
cpx,CatBoost,T_C,cpx_only,pwlr,49,134.40746645695523
cpx,CatBoost,T_C,cpx_only,pwlr,50,134.39040159384078
cpx,CatBoost,T_C,cpx_only,pwlr,51,135.9332444302714
cpx,CatBoost,T_C,cpx_only,pwlr,52,134.9646293259581
cpx,CatBoost,T_C,cpx_only,pwlr,53,135.09086258175145
cpx,CatBoost,T_C,cpx_only,pwlr,54,134.40311898171916
cpx,CatBoost,T_C,cpx_only,pwlr,55,133.39152124486665
cpx,CatBoost,T_C,cpx_only,pwlr,56,133.6759417861823
cpx,CatBoost,T_C,cpx_only,pwlr,57,134.9731925995202
cpx,CatBoost,T_C,cpx_only,pwlr,58,136.4269039069592
cpx,CatBoost,T_C,cpx_only,pwlr,59,133.70136893949726
cpx,CatBoost,T_C,cpx_only,pwlr,60,133.76771721862866
cpx,CatBoost,T_C,cpx_only,pwlr,61,134.8710029578622
cpx,CatBoost,T_C,cpx_liq,raw,42,76.08411541888674
cpx,CatBoost,T_C,cpx_liq,raw,43,76.0560467538255
cpx,CatBoost,T_C,cpx_liq,raw,44,75.7494272087162
cpx,CatBoost,T_C,cpx_liq,raw,45,75.62289952972115
cpx,CatBoost,T_C,cpx_liq,raw,46,74.32387270231229
cpx,CatBoost,T_C,cpx_liq,raw,47,76.28708504822372
cpx,CatBoost,T_C,cpx_liq,raw,48,75.22445240869537
cpx,CatBoost,T_C,cpx_liq,raw,49,75.79782768530971
cpx,CatBoost,T_C,cpx_liq,raw,50,74.61699393599484
cpx,CatBoost,T_C,cpx_liq,raw,51,76.43576198876531
cpx,CatBoost,T_C,cpx_liq,raw,52,75.94713973979457
cpx,CatBoost,T_C,cpx_liq,raw,53,74.59509625813018
cpx,CatBoost,T_C,cpx_liq,raw,54,76.26866159296993
cpx,CatBoost,T_C,cpx_liq,raw,55,76.72002332657844
cpx,CatBoost,T_C,cpx_liq,raw,56,75.09944448245975
cpx,CatBoost,T_C,cpx_liq,raw,57,75.21680667263391
cpx,CatBoost,T_C,cpx_liq,raw,58,75.49379097402456
cpx,CatBoost,T_C,cpx_liq,raw,59,75.77938011412557
cpx,CatBoost,T_C,cpx_liq,raw,60,73.28995132885835
cpx,CatBoost,T_C,cpx_liq,raw,61,76.24457209987763
cpx,CatBoost,T_C,cpx_liq,alr,42,76.89399322371258
cpx,CatBoost,T_C,cpx_liq,alr,43,76.98688327411247
cpx,CatBoost,T_C,cpx_liq,alr,44,74.59701645212044
cpx,CatBoost,T_C,cpx_liq,alr,45,77.90763652290174
cpx,CatBoost,T_C,cpx_liq,alr,46,76.20458228863237
cpx,CatBoost,T_C,cpx_liq,alr,47,76.80153618785165
cpx,CatBoost,T_C,cpx_liq,alr,48,76.06999388856096
cpx,CatBoost,T_C,cpx_liq,alr,49,78.11768641548642
cpx,CatBoost,T_C,cpx_liq,alr,50,77.77885838959426
cpx,CatBoost,T_C,cpx_liq,alr,51,77.6359226981541
cpx,CatBoost,T_C,cpx_liq,alr,52,74.33290127430752
cpx,CatBoost,T_C,cpx_liq,alr,53,76.91243869256816
cpx,CatBoost,T_C,cpx_liq,alr,54,76.64824048665285
cpx,CatBoost,T_C,cpx_liq,alr,55,75.3700516511675
cpx,CatBoost,T_C,cpx_liq,alr,56,77.32812243483356
cpx,CatBoost,T_C,cpx_liq,alr,57,76.71702228402998
cpx,CatBoost,T_C,cpx_liq,alr,58,77.22128982629354
cpx,CatBoost,T_C,cpx_liq,alr,59,77.45070338456085
cpx,CatBoost,T_C,cpx_liq,alr,60,75.85028002642419
cpx,CatBoost,T_C,cpx_liq,alr,61,77.15219341734188
cpx,CatBoost,T_C,cpx_liq,pwlr,42,71.57088937329678
cpx,CatBoost,T_C,cpx_liq,pwlr,43,72.1183746209394
cpx,CatBoost,T_C,cpx_liq,pwlr,44,72.40103243669786
cpx,CatBoost,T_C,cpx_liq,pwlr,45,72.51097881972177
cpx,CatBoost,T_C,cpx_liq,pwlr,46,73.40013934868837
cpx,CatBoost,T_C,cpx_liq,pwlr,47,71.33050490161042
cpx,CatBoost,T_C,cpx_liq,pwlr,48,71.67308662154272
cpx,CatBoost,T_C,cpx_liq,pwlr,49,72.38096128472712
cpx,CatBoost,T_C,cpx_liq,pwlr,50,74.18183346859539
cpx,CatBoost,T_C,cpx_liq,pwlr,51,73.20479589915954
cpx,CatBoost,T_C,cpx_liq,pwlr,52,72.67238496347879
cpx,CatBoost,T_C,cpx_liq,pwlr,53,72.78996528502883
cpx,CatBoost,T_C,cpx_liq,pwlr,54,71.92643945126096
cpx,CatBoost,T_C,cpx_liq,pwlr,55,72.86390970262073
cpx,CatBoost,T_C,cpx_liq,pwlr,56,73.63093783012602
cpx,CatBoost,T_C,cpx_liq,pwlr,57,72.82908242535392
cpx,CatBoost,T_C,cpx_liq,pwlr,58,73.89214590695917
cpx,CatBoost,T_C,cpx_liq,pwlr,59,73.39574748416727
cpx,CatBoost,T_C,cpx_liq,pwlr,60,73.22399273232617
cpx,CatBoost,T_C,cpx_liq,pwlr,61,73.50703399431029
cpx,CatBoost,P_kbar,cpx_only,raw,42,14.332758458989831
cpx,CatBoost,P_kbar,cpx_only,raw,43,14.312977805258829
cpx,CatBoost,P_kbar,cpx_only,raw,44,14.224230603674544
cpx,CatBoost,P_kbar,cpx_only,raw,45,14.192604795751858
cpx,CatBoost,P_kbar,cpx_only,raw,46,14.272769219576093
cpx,CatBoost,P_kbar,cpx_only,raw,47,14.56135840787119
cpx,CatBoost,P_kbar,cpx_only,raw,48,14.4119933619752
cpx,CatBoost,P_kbar,cpx_only,raw,49,14.3749457009226
cpx,CatBoost,P_kbar,cpx_only,raw,50,14.30658949399494
cpx,CatBoost,P_kbar,cpx_only,raw,51,14.269566941331409
cpx,CatBoost,P_kbar,cpx_only,raw,52,14.30172017405608
cpx,CatBoost,P_kbar,cpx_only,raw,53,14.253043059327
cpx,CatBoost,P_kbar,cpx_only,raw,54,14.138098929544714
cpx,CatBoost,P_kbar,cpx_only,raw,55,14.34225035371908
cpx,CatBoost,P_kbar,cpx_only,raw,56,14.358338827025335
cpx,CatBoost,P_kbar,cpx_only,raw,57,14.243925846249647
cpx,CatBoost,P_kbar,cpx_only,raw,58,14.294451766091832
cpx,CatBoost,P_kbar,cpx_only,raw,59,14.467438589354373
cpx,CatBoost,P_kbar,cpx_only,raw,60,14.432976119930675
cpx,CatBoost,P_kbar,cpx_only,raw,61,14.276618332513248
cpx,CatBoost,P_kbar,cpx_only,alr,42,15.813644258460362
cpx,CatBoost,P_kbar,cpx_only,alr,43,16.037292860058376
cpx,CatBoost,P_kbar,cpx_only,alr,44,15.323583351719018
cpx,CatBoost,P_kbar,cpx_only,alr,45,15.37369354712247
cpx,CatBoost,P_kbar,cpx_only,alr,46,15.879523749276633
cpx,CatBoost,P_kbar,cpx_only,alr,47,16.03078971761133
cpx,CatBoost,P_kbar,cpx_only,alr,48,15.48550614302322
cpx,CatBoost,P_kbar,cpx_only,alr,49,16.136052688278266
cpx,CatBoost,P_kbar,cpx_only,alr,50,15.357651768098592
cpx,CatBoost,P_kbar,cpx_only,alr,51,15.613165411360471
cpx,CatBoost,P_kbar,cpx_only,alr,52,15.380167297034433
cpx,CatBoost,P_kbar,cpx_only,alr,53,15.954493171496845
cpx,CatBoost,P_kbar,cpx_only,alr,54,15.297813312275151
cpx,CatBoost,P_kbar,cpx_only,alr,55,15.605895302918713
cpx,CatBoost,P_kbar,cpx_only,alr,56,15.536493095540546
cpx,CatBoost,P_kbar,cpx_only,alr,57,16.220910241378217
cpx,CatBoost,P_kbar,cpx_only,alr,58,15.465041878485666
cpx,CatBoost,P_kbar,cpx_only,alr,59,15.214179993049903
cpx,CatBoost,P_kbar,cpx_only,alr,60,15.336880688700104
cpx,CatBoost,P_kbar,cpx_only,alr,61,15.640606606681985
cpx,CatBoost,P_kbar,cpx_only,pwlr,42,15.79456276880308
cpx,CatBoost,P_kbar,cpx_only,pwlr,43,14.487035561510634
cpx,CatBoost,P_kbar,cpx_only,pwlr,44,15.972348927175725
cpx,CatBoost,P_kbar,cpx_only,pwlr,45,15.144850677638034
cpx,CatBoost,P_kbar,cpx_only,pwlr,46,15.801342158492956
cpx,CatBoost,P_kbar,cpx_only,pwlr,47,16.123822943715897
cpx,CatBoost,P_kbar,cpx_only,pwlr,48,16.31798439724357
cpx,CatBoost,P_kbar,cpx_only,pwlr,49,16.761621875669043
cpx,CatBoost,P_kbar,cpx_only,pwlr,50,15.469757028294431
cpx,CatBoost,P_kbar,cpx_only,pwlr,51,16.31957135620003
cpx,CatBoost,P_kbar,cpx_only,pwlr,52,15.015214990114924
cpx,CatBoost,P_kbar,cpx_only,pwlr,53,14.934059934120087
cpx,CatBoost,P_kbar,cpx_only,pwlr,54,15.09649516551345
cpx,CatBoost,P_kbar,cpx_only,pwlr,55,15.78835423184306
cpx,CatBoost,P_kbar,cpx_only,pwlr,56,15.08136951118476
cpx,CatBoost,P_kbar,cpx_only,pwlr,57,16.875164130402144
cpx,CatBoost,P_kbar,cpx_only,pwlr,58,15.360981721833609
cpx,CatBoost,P_kbar,cpx_only,pwlr,59,16.56807118589494
cpx,CatBoost,P_kbar,cpx_only,pwlr,60,15.887012477848408
cpx,CatBoost,P_kbar,cpx_only,pwlr,61,15.73026230053973
cpx,CatBoost,P_kbar,cpx_liq,raw,42,7.803076148465326
cpx,CatBoost,P_kbar,cpx_liq,raw,43,7.941500409961995
cpx,CatBoost,P_kbar,cpx_liq,raw,44,7.725955314988779
cpx,CatBoost,P_kbar,cpx_liq,raw,45,7.719870129500903
cpx,CatBoost,P_kbar,cpx_liq,raw,46,7.8526052779928674
cpx,CatBoost,P_kbar,cpx_liq,raw,47,7.694453300457813
cpx,CatBoost,P_kbar,cpx_liq,raw,48,7.95255448675582
cpx,CatBoost,P_kbar,cpx_liq,raw,49,7.915261217415209
cpx,CatBoost,P_kbar,cpx_liq,raw,50,8.014166005234296
cpx,CatBoost,P_kbar,cpx_liq,raw,51,7.977300417575384
cpx,CatBoost,P_kbar,cpx_liq,raw,52,7.642620773262395
cpx,CatBoost,P_kbar,cpx_liq,raw,53,7.907707020848006
cpx,CatBoost,P_kbar,cpx_liq,raw,54,7.771342411250658
cpx,CatBoost,P_kbar,cpx_liq,raw,55,8.074519639222464
cpx,CatBoost,P_kbar,cpx_liq,raw,56,7.584733580929088
cpx,CatBoost,P_kbar,cpx_liq,raw,57,7.68122401370305
cpx,CatBoost,P_kbar,cpx_liq,raw,58,7.835495388949914
cpx,CatBoost,P_kbar,cpx_liq,raw,59,8.140962813521377
cpx,CatBoost,P_kbar,cpx_liq,raw,60,7.708488298148016
cpx,CatBoost,P_kbar,cpx_liq,raw,61,7.940385204285841
cpx,CatBoost,P_kbar,cpx_liq,alr,42,7.228917443318905
cpx,CatBoost,P_kbar,cpx_liq,alr,43,7.513034719570306
cpx,CatBoost,P_kbar,cpx_liq,alr,44,7.39475717778886
cpx,CatBoost,P_kbar,cpx_liq,alr,45,7.629002255561891
cpx,CatBoost,P_kbar,cpx_liq,alr,46,7.230952882130119
cpx,CatBoost,P_kbar,cpx_liq,alr,47,7.507638801850488
cpx,CatBoost,P_kbar,cpx_liq,alr,48,7.647469703138692
cpx,CatBoost,P_kbar,cpx_liq,alr,49,7.315314834007768
cpx,CatBoost,P_kbar,cpx_liq,alr,50,7.317927754816683
cpx,CatBoost,P_kbar,cpx_liq,alr,51,7.250797018439562
cpx,CatBoost,P_kbar,cpx_liq,alr,52,7.478375533558572
cpx,CatBoost,P_kbar,cpx_liq,alr,53,7.222990583062183
cpx,CatBoost,P_kbar,cpx_liq,alr,54,7.122130299384746
cpx,CatBoost,P_kbar,cpx_liq,alr,55,7.384983443377873
cpx,CatBoost,P_kbar,cpx_liq,alr,56,7.274639821510433
cpx,CatBoost,P_kbar,cpx_liq,alr,57,7.486755584742696
cpx,CatBoost,P_kbar,cpx_liq,alr,58,7.48421676907193
cpx,CatBoost,P_kbar,cpx_liq,alr,59,7.189848589592319
cpx,CatBoost,P_kbar,cpx_liq,alr,60,7.529595924522357
cpx,CatBoost,P_kbar,cpx_liq,alr,61,7.4888011535713535
cpx,CatBoost,P_kbar,cpx_liq,pwlr,42,7.349762423516187
cpx,CatBoost,P_kbar,cpx_liq,pwlr,43,7.4005211700521025
cpx,CatBoost,P_kbar,cpx_liq,pwlr,44,7.484910282022374
cpx,CatBoost,P_kbar,cpx_liq,pwlr,45,7.487000784550539
cpx,CatBoost,P_kbar,cpx_liq,pwlr,46,7.312670046265525
cpx,CatBoost,P_kbar,cpx_liq,pwlr,47,7.359252056983541
cpx,CatBoost,P_kbar,cpx_liq,pwlr,48,7.368288224333751
cpx,CatBoost,P_kbar,cpx_liq,pwlr,49,7.576383616531658
cpx,CatBoost,P_kbar,cpx_liq,pwlr,50,7.374771186985976
cpx,CatBoost,P_kbar,cpx_liq,pwlr,51,7.054311263422253
cpx,CatBoost,P_kbar,cpx_liq,pwlr,52,7.391733863934447
cpx,CatBoost,P_kbar,cpx_liq,pwlr,53,7.279013432377234
cpx,CatBoost,P_kbar,cpx_liq,pwlr,54,6.987206451931646
cpx,CatBoost,P_kbar,cpx_liq,pwlr,55,7.015742028971277
cpx,CatBoost,P_kbar,cpx_liq,pwlr,56,6.937370127615255
cpx,CatBoost,P_kbar,cpx_liq,pwlr,57,7.201951628596331
cpx,CatBoost,P_kbar,cpx_liq,pwlr,58,7.406279927799305
cpx,CatBoost,P_kbar,cpx_liq,pwlr,59,7.097175380293901
cpx,CatBoost,P_kbar,cpx_liq,pwlr,60,7.331958050360501
cpx,CatBoost,P_kbar,cpx_liq,pwlr,61,7.147218155813099
cpx,LightGBM,T_C,cpx_only,raw,42,145.15377327134118
cpx,LightGBM,T_C,cpx_only,raw,43,144.08778792580054
cpx,LightGBM,T_C,cpx_only,raw,44,143.3718721936106
cpx,LightGBM,T_C,cpx_only,raw,45,144.35952003579496
cpx,LightGBM,T_C,cpx_only,raw,46,143.27672903778716
cpx,LightGBM,T_C,cpx_only,raw,47,144.1562754980003
cpx,LightGBM,T_C,cpx_only,raw,48,144.43792730751906
cpx,LightGBM,T_C,cpx_only,raw,49,143.93751497068334
cpx,LightGBM,T_C,cpx_only,raw,50,144.25964561830293
cpx,LightGBM,T_C,cpx_only,raw,51,144.79235201602592
cpx,LightGBM,T_C,cpx_only,raw,52,144.10983687951614
cpx,LightGBM,T_C,cpx_only,raw,53,143.1414835236579
cpx,LightGBM,T_C,cpx_only,raw,54,145.21277075902492
cpx,LightGBM,T_C,cpx_only,raw,55,144.52025320242282
cpx,LightGBM,T_C,cpx_only,raw,56,143.66505816532342
cpx,LightGBM,T_C,cpx_only,raw,57,144.97390210642658
cpx,LightGBM,T_C,cpx_only,raw,58,143.76334697774607
cpx,LightGBM,T_C,cpx_only,raw,59,143.40971034857068
cpx,LightGBM,T_C,cpx_only,raw,60,143.8494123246996
cpx,LightGBM,T_C,cpx_only,raw,61,144.3787795904292
cpx,LightGBM,T_C,cpx_only,alr,42,144.98004825500686
cpx,LightGBM,T_C,cpx_only,alr,43,146.04306916665945
cpx,LightGBM,T_C,cpx_only,alr,44,144.69568663613316
cpx,LightGBM,T_C,cpx_only,alr,45,144.02514606325295
cpx,LightGBM,T_C,cpx_only,alr,46,145.50520873799377
cpx,LightGBM,T_C,cpx_only,alr,47,143.6338224958721
cpx,LightGBM,T_C,cpx_only,alr,48,144.7633914780378
cpx,LightGBM,T_C,cpx_only,alr,49,143.7875168706335
cpx,LightGBM,T_C,cpx_only,alr,50,145.01057647260785
cpx,LightGBM,T_C,cpx_only,alr,51,144.88111041943054
cpx,LightGBM,T_C,cpx_only,alr,52,145.14281647472285
cpx,LightGBM,T_C,cpx_only,alr,53,145.42599263575258
cpx,LightGBM,T_C,cpx_only,alr,54,144.80539729074545
cpx,LightGBM,T_C,cpx_only,alr,55,144.22159644549248
cpx,LightGBM,T_C,cpx_only,alr,56,145.33798921117375
cpx,LightGBM,T_C,cpx_only,alr,57,145.16025293202264
cpx,LightGBM,T_C,cpx_only,alr,58,144.35509086870425
cpx,LightGBM,T_C,cpx_only,alr,59,144.66579414492162
cpx,LightGBM,T_C,cpx_only,alr,60,145.09138738265978
cpx,LightGBM,T_C,cpx_only,alr,61,144.1952644212994
cpx,LightGBM,T_C,cpx_only,pwlr,42,132.2532059805331
cpx,LightGBM,T_C,cpx_only,pwlr,43,133.50543590811006
cpx,LightGBM,T_C,cpx_only,pwlr,44,133.22299833279638
cpx,LightGBM,T_C,cpx_only,pwlr,45,132.63355767654755
cpx,LightGBM,T_C,cpx_only,pwlr,46,132.65630433440214
cpx,LightGBM,T_C,cpx_only,pwlr,47,132.2225246642216
cpx,LightGBM,T_C,cpx_only,pwlr,48,133.3370132306462
cpx,LightGBM,T_C,cpx_only,pwlr,49,133.6989252099988
cpx,LightGBM,T_C,cpx_only,pwlr,50,132.61753314197648
cpx,LightGBM,T_C,cpx_only,pwlr,51,132.9986311500677
cpx,LightGBM,T_C,cpx_only,pwlr,52,133.72551938584792
cpx,LightGBM,T_C,cpx_only,pwlr,53,132.6775652991739
cpx,LightGBM,T_C,cpx_only,pwlr,54,133.43835744533794
cpx,LightGBM,T_C,cpx_only,pwlr,55,132.7637205593845
cpx,LightGBM,T_C,cpx_only,pwlr,56,133.2169500349278
cpx,LightGBM,T_C,cpx_only,pwlr,57,133.21149366038998
cpx,LightGBM,T_C,cpx_only,pwlr,58,133.13481207183654
cpx,LightGBM,T_C,cpx_only,pwlr,59,132.44340578030472
cpx,LightGBM,T_C,cpx_only,pwlr,60,133.45922341101172
cpx,LightGBM,T_C,cpx_only,pwlr,61,133.59886790609548
cpx,LightGBM,T_C,cpx_liq,raw,42,76.94006309815414
cpx,LightGBM,T_C,cpx_liq,raw,43,76.71339171391783
cpx,LightGBM,T_C,cpx_liq,raw,44,76.516639832753
cpx,LightGBM,T_C,cpx_liq,raw,45,75.38880774355069
cpx,LightGBM,T_C,cpx_liq,raw,46,77.12726606298925
cpx,LightGBM,T_C,cpx_liq,raw,47,77.20792569882354
cpx,LightGBM,T_C,cpx_liq,raw,48,73.62791523243364
cpx,LightGBM,T_C,cpx_liq,raw,49,77.19703885630737
cpx,LightGBM,T_C,cpx_liq,raw,50,78.72572830795734
cpx,LightGBM,T_C,cpx_liq,raw,51,75.39123022363962
cpx,LightGBM,T_C,cpx_liq,raw,52,76.17531588605158
cpx,LightGBM,T_C,cpx_liq,raw,53,74.94871469385416
cpx,LightGBM,T_C,cpx_liq,raw,54,75.17288047671418
cpx,LightGBM,T_C,cpx_liq,raw,55,75.6582372993483
cpx,LightGBM,T_C,cpx_liq,raw,56,77.50525716555259
cpx,LightGBM,T_C,cpx_liq,raw,57,75.14511817980396
cpx,LightGBM,T_C,cpx_liq,raw,58,74.65402496317108
cpx,LightGBM,T_C,cpx_liq,raw,59,77.6712511691636
cpx,LightGBM,T_C,cpx_liq,raw,60,77.23235806995116
cpx,LightGBM,T_C,cpx_liq,raw,61,74.49687652043245
cpx,LightGBM,T_C,cpx_liq,alr,42,78.40124179444294
cpx,LightGBM,T_C,cpx_liq,alr,43,79.58428648832964
cpx,LightGBM,T_C,cpx_liq,alr,44,78.90265672031742
cpx,LightGBM,T_C,cpx_liq,alr,45,78.14728026986789
cpx,LightGBM,T_C,cpx_liq,alr,46,75.28487556817771
cpx,LightGBM,T_C,cpx_liq,alr,47,79.38746398897696
cpx,LightGBM,T_C,cpx_liq,alr,48,76.35892289618444
cpx,LightGBM,T_C,cpx_liq,alr,49,76.60550988723625
cpx,LightGBM,T_C,cpx_liq,alr,50,77.82284519929426
cpx,LightGBM,T_C,cpx_liq,alr,51,77.76907451181246
cpx,LightGBM,T_C,cpx_liq,alr,52,75.1069076609456
cpx,LightGBM,T_C,cpx_liq,alr,53,75.17916916999559
cpx,LightGBM,T_C,cpx_liq,alr,54,78.40469162643993
cpx,LightGBM,T_C,cpx_liq,alr,55,77.07755376950543
cpx,LightGBM,T_C,cpx_liq,alr,56,78.80153361973227
cpx,LightGBM,T_C,cpx_liq,alr,57,80.44354833734013
cpx,LightGBM,T_C,cpx_liq,alr,58,76.70170910003127
cpx,LightGBM,T_C,cpx_liq,alr,59,77.6860934633492
cpx,LightGBM,T_C,cpx_liq,alr,60,79.55423997054439
cpx,LightGBM,T_C,cpx_liq,alr,61,78.06384124275527
cpx,LightGBM,T_C,cpx_liq,pwlr,42,74.18043798075021
cpx,LightGBM,T_C,cpx_liq,pwlr,43,74.40878350324675
cpx,LightGBM,T_C,cpx_liq,pwlr,44,75.00426458381985
cpx,LightGBM,T_C,cpx_liq,pwlr,45,74.6197043904966
cpx,LightGBM,T_C,cpx_liq,pwlr,46,73.89821007691359
cpx,LightGBM,T_C,cpx_liq,pwlr,47,74.56893047339383
cpx,LightGBM,T_C,cpx_liq,pwlr,48,73.84352403831971
cpx,LightGBM,T_C,cpx_liq,pwlr,49,73.9524960090928
cpx,LightGBM,T_C,cpx_liq,pwlr,50,73.67502438832486
cpx,LightGBM,T_C,cpx_liq,pwlr,51,75.11803192069743
cpx,LightGBM,T_C,cpx_liq,pwlr,52,74.33098448879355
cpx,LightGBM,T_C,cpx_liq,pwlr,53,75.04236463883763
cpx,LightGBM,T_C,cpx_liq,pwlr,54,75.23331372229559
cpx,LightGBM,T_C,cpx_liq,pwlr,55,73.98055153704084
cpx,LightGBM,T_C,cpx_liq,pwlr,56,75.16765716308623
cpx,LightGBM,T_C,cpx_liq,pwlr,57,74.98584754640068
cpx,LightGBM,T_C,cpx_liq,pwlr,58,74.24009731305571
cpx,LightGBM,T_C,cpx_liq,pwlr,59,74.71406631509993
cpx,LightGBM,T_C,cpx_liq,pwlr,60,75.16628687771528
cpx,LightGBM,T_C,cpx_liq,pwlr,61,74.80566618762312
cpx,LightGBM,P_kbar,cpx_only,raw,42,14.39232674263334
cpx,LightGBM,P_kbar,cpx_only,raw,43,14.393063677312748
cpx,LightGBM,P_kbar,cpx_only,raw,44,14.374991893850387
cpx,LightGBM,P_kbar,cpx_only,raw,45,14.251186392236733
cpx,LightGBM,P_kbar,cpx_only,raw,46,14.36995141796166
cpx,LightGBM,P_kbar,cpx_only,raw,47,14.24228225928343
cpx,LightGBM,P_kbar,cpx_only,raw,48,14.461789659122
cpx,LightGBM,P_kbar,cpx_only,raw,49,14.393836852328734
cpx,LightGBM,P_kbar,cpx_only,raw,50,14.27972967110252
cpx,LightGBM,P_kbar,cpx_only,raw,51,14.559928944765346
cpx,LightGBM,P_kbar,cpx_only,raw,52,14.41911490936771
cpx,LightGBM,P_kbar,cpx_only,raw,53,14.514839264455324
cpx,LightGBM,P_kbar,cpx_only,raw,54,14.391041005490552
cpx,LightGBM,P_kbar,cpx_only,raw,55,14.30341693526821
cpx,LightGBM,P_kbar,cpx_only,raw,56,14.448384775487012
cpx,LightGBM,P_kbar,cpx_only,raw,57,14.290847242150123
cpx,LightGBM,P_kbar,cpx_only,raw,58,14.131617187259083
cpx,LightGBM,P_kbar,cpx_only,raw,59,14.361221866610084
cpx,LightGBM,P_kbar,cpx_only,raw,60,14.512418653452556
cpx,LightGBM,P_kbar,cpx_only,raw,61,14.315322159556487
cpx,LightGBM,P_kbar,cpx_only,alr,42,18.060771849728045
cpx,LightGBM,P_kbar,cpx_only,alr,43,18.952089225176376
cpx,LightGBM,P_kbar,cpx_only,alr,44,19.09214725362097
cpx,LightGBM,P_kbar,cpx_only,alr,45,18.40634675010476
cpx,LightGBM,P_kbar,cpx_only,alr,46,19.5899474507501
cpx,LightGBM,P_kbar,cpx_only,alr,47,19.41969347335781
cpx,LightGBM,P_kbar,cpx_only,alr,48,19.18763416992803
cpx,LightGBM,P_kbar,cpx_only,alr,49,18.42179379304446
cpx,LightGBM,P_kbar,cpx_only,alr,50,18.81519009338042
cpx,LightGBM,P_kbar,cpx_only,alr,51,18.55277052940229
cpx,LightGBM,P_kbar,cpx_only,alr,52,18.95794073443859
cpx,LightGBM,P_kbar,cpx_only,alr,53,18.64100752798444
cpx,LightGBM,P_kbar,cpx_only,alr,54,18.803832941692235
cpx,LightGBM,P_kbar,cpx_only,alr,55,18.72596240920207
cpx,LightGBM,P_kbar,cpx_only,alr,56,19.601666396821862
cpx,LightGBM,P_kbar,cpx_only,alr,57,19.296362808881742
cpx,LightGBM,P_kbar,cpx_only,alr,58,19.82044389143813
cpx,LightGBM,P_kbar,cpx_only,alr,59,18.825961143694155
cpx,LightGBM,P_kbar,cpx_only,alr,60,18.74484918745045
cpx,LightGBM,P_kbar,cpx_only,alr,61,19.381292456602303
cpx,LightGBM,P_kbar,cpx_only,pwlr,42,15.323156318956222
cpx,LightGBM,P_kbar,cpx_only,pwlr,43,15.108679838645209
cpx,LightGBM,P_kbar,cpx_only,pwlr,44,15.332792525012836
cpx,LightGBM,P_kbar,cpx_only,pwlr,45,15.339080206301489
cpx,LightGBM,P_kbar,cpx_only,pwlr,46,15.240643556690676
cpx,LightGBM,P_kbar,cpx_only,pwlr,47,15.208929879001762
cpx,LightGBM,P_kbar,cpx_only,pwlr,48,15.173426979127228
cpx,LightGBM,P_kbar,cpx_only,pwlr,49,15.29537680038368
cpx,LightGBM,P_kbar,cpx_only,pwlr,50,15.153100768782844
cpx,LightGBM,P_kbar,cpx_only,pwlr,51,15.148040266683225
cpx,LightGBM,P_kbar,cpx_only,pwlr,52,15.200861442482044
cpx,LightGBM,P_kbar,cpx_only,pwlr,53,15.279529035720785
cpx,LightGBM,P_kbar,cpx_only,pwlr,54,15.246197470681244
cpx,LightGBM,P_kbar,cpx_only,pwlr,55,15.392039558804864
cpx,LightGBM,P_kbar,cpx_only,pwlr,56,15.161436814918872
cpx,LightGBM,P_kbar,cpx_only,pwlr,57,15.31334225629051
cpx,LightGBM,P_kbar,cpx_only,pwlr,58,15.450486288749158
cpx,LightGBM,P_kbar,cpx_only,pwlr,59,15.356701175915004
cpx,LightGBM,P_kbar,cpx_only,pwlr,60,15.279083524219926
cpx,LightGBM,P_kbar,cpx_only,pwlr,61,15.322830216777628
cpx,LightGBM,P_kbar,cpx_liq,raw,42,7.447061245735498
cpx,LightGBM,P_kbar,cpx_liq,raw,43,7.529114340576844
cpx,LightGBM,P_kbar,cpx_liq,raw,44,7.393307161394816
cpx,LightGBM,P_kbar,cpx_liq,raw,45,7.264995674493141
cpx,LightGBM,P_kbar,cpx_liq,raw,46,7.421303204935097
cpx,LightGBM,P_kbar,cpx_liq,raw,47,7.405606041834578
cpx,LightGBM,P_kbar,cpx_liq,raw,48,7.371874828273635
cpx,LightGBM,P_kbar,cpx_liq,raw,49,7.318098769368079
cpx,LightGBM,P_kbar,cpx_liq,raw,50,7.372877845588641
cpx,LightGBM,P_kbar,cpx_liq,raw,51,7.259524152859359
cpx,LightGBM,P_kbar,cpx_liq,raw,52,7.5005981432267586
cpx,LightGBM,P_kbar,cpx_liq,raw,53,7.284720704429409
cpx,LightGBM,P_kbar,cpx_liq,raw,54,7.377118252682742
cpx,LightGBM,P_kbar,cpx_liq,raw,55,7.408556623290334
cpx,LightGBM,P_kbar,cpx_liq,raw,56,7.476064249641176
cpx,LightGBM,P_kbar,cpx_liq,raw,57,7.344584695661777
cpx,LightGBM,P_kbar,cpx_liq,raw,58,7.41960209519749
cpx,LightGBM,P_kbar,cpx_liq,raw,59,7.477620597671312
cpx,LightGBM,P_kbar,cpx_liq,raw,60,7.374995261793106
cpx,LightGBM,P_kbar,cpx_liq,raw,61,7.338862336922724
cpx,LightGBM,P_kbar,cpx_liq,alr,42,7.322066818244874
cpx,LightGBM,P_kbar,cpx_liq,alr,43,7.356562949941833
cpx,LightGBM,P_kbar,cpx_liq,alr,44,7.351165230192626
cpx,LightGBM,P_kbar,cpx_liq,alr,45,7.384950656704357
cpx,LightGBM,P_kbar,cpx_liq,alr,46,7.345446529260465
cpx,LightGBM,P_kbar,cpx_liq,alr,47,7.269569609930525
cpx,LightGBM,P_kbar,cpx_liq,alr,48,7.411969822720804
cpx,LightGBM,P_kbar,cpx_liq,alr,49,7.389453253620116
cpx,LightGBM,P_kbar,cpx_liq,alr,50,7.37214603113527
cpx,LightGBM,P_kbar,cpx_liq,alr,51,7.405315598404666
cpx,LightGBM,P_kbar,cpx_liq,alr,52,7.345510676344756
cpx,LightGBM,P_kbar,cpx_liq,alr,53,7.313518416398369
cpx,LightGBM,P_kbar,cpx_liq,alr,54,7.407333732752114
cpx,LightGBM,P_kbar,cpx_liq,alr,55,7.49962728487342
cpx,LightGBM,P_kbar,cpx_liq,alr,56,7.4261663952046275
cpx,LightGBM,P_kbar,cpx_liq,alr,57,7.413575799591636
cpx,LightGBM,P_kbar,cpx_liq,alr,58,7.390480755541562
cpx,LightGBM,P_kbar,cpx_liq,alr,59,7.329076475507136
cpx,LightGBM,P_kbar,cpx_liq,alr,60,7.293518795511282
cpx,LightGBM,P_kbar,cpx_liq,alr,61,7.366464492171716
cpx,LightGBM,P_kbar,cpx_liq,pwlr,42,6.536933057636693
cpx,LightGBM,P_kbar,cpx_liq,pwlr,43,6.590243894118035
cpx,LightGBM,P_kbar,cpx_liq,pwlr,44,6.495917591844084
cpx,LightGBM,P_kbar,cpx_liq,pwlr,45,6.555701305690136
cpx,LightGBM,P_kbar,cpx_liq,pwlr,46,6.554938758306332
cpx,LightGBM,P_kbar,cpx_liq,pwlr,47,6.523176636006713
cpx,LightGBM,P_kbar,cpx_liq,pwlr,48,6.611234344741539
cpx,LightGBM,P_kbar,cpx_liq,pwlr,49,6.504809056337191
cpx,LightGBM,P_kbar,cpx_liq,pwlr,50,6.518908800265969
cpx,LightGBM,P_kbar,cpx_liq,pwlr,51,6.647523209887015
cpx,LightGBM,P_kbar,cpx_liq,pwlr,52,6.472247864833115
cpx,LightGBM,P_kbar,cpx_liq,pwlr,53,6.541180997910408
cpx,LightGBM,P_kbar,cpx_liq,pwlr,54,6.476288885264271
cpx,LightGBM,P_kbar,cpx_liq,pwlr,55,6.590797657590222
cpx,LightGBM,P_kbar,cpx_liq,pwlr,56,6.503491603792681
cpx,LightGBM,P_kbar,cpx_liq,pwlr,57,6.542915034966297
cpx,LightGBM,P_kbar,cpx_liq,pwlr,58,6.555705739003633
cpx,LightGBM,P_kbar,cpx_liq,pwlr,59,6.515066845342748
cpx,LightGBM,P_kbar,cpx_liq,pwlr,60,6.53450156010129
cpx,LightGBM,P_kbar,cpx_liq,pwlr,61,6.647797079429865
cpx,ElasticNet,T_C,cpx_only,raw,42,151.75057974977986
cpx,ElasticNet,T_C,cpx_only,raw,43,151.75057974977986
cpx,ElasticNet,T_C,cpx_only,raw,44,151.75057974977986
cpx,ElasticNet,T_C,cpx_only,raw,45,151.75057974977986
cpx,ElasticNet,T_C,cpx_only,raw,46,151.75057974977986
cpx,ElasticNet,T_C,cpx_only,raw,47,151.75057974977986
cpx,ElasticNet,T_C,cpx_only,raw,48,151.75057974977986
cpx,ElasticNet,T_C,cpx_only,raw,49,151.75057974977986
cpx,ElasticNet,T_C,cpx_only,raw,50,151.75057974977986
cpx,ElasticNet,T_C,cpx_only,raw,51,151.75057974977986
cpx,ElasticNet,T_C,cpx_only,raw,52,151.75057974977986
cpx,ElasticNet,T_C,cpx_only,raw,53,151.75057974977986
cpx,ElasticNet,T_C,cpx_only,raw,54,151.75057974977986
cpx,ElasticNet,T_C,cpx_only,raw,55,151.75057974977986
cpx,ElasticNet,T_C,cpx_only,raw,56,151.75057974977986
cpx,ElasticNet,T_C,cpx_only,raw,57,151.75057974977986
cpx,ElasticNet,T_C,cpx_only,raw,58,151.75057974977986
cpx,ElasticNet,T_C,cpx_only,raw,59,151.75057974977986
cpx,ElasticNet,T_C,cpx_only,raw,60,151.75057974977986
cpx,ElasticNet,T_C,cpx_only,raw,61,151.75057974977986
cpx,ElasticNet,T_C,cpx_only,alr,42,151.5589753504157
cpx,ElasticNet,T_C,cpx_only,alr,43,151.5589753504157
cpx,ElasticNet,T_C,cpx_only,alr,44,151.5589753504157
cpx,ElasticNet,T_C,cpx_only,alr,45,151.5589753504157
cpx,ElasticNet,T_C,cpx_only,alr,46,151.5589753504157
cpx,ElasticNet,T_C,cpx_only,alr,47,151.5589753504157
cpx,ElasticNet,T_C,cpx_only,alr,48,151.5589753504157
cpx,ElasticNet,T_C,cpx_only,alr,49,151.5589753504157
cpx,ElasticNet,T_C,cpx_only,alr,50,151.5589753504157
cpx,ElasticNet,T_C,cpx_only,alr,51,151.5589753504157
cpx,ElasticNet,T_C,cpx_only,alr,52,151.5589753504157
cpx,ElasticNet,T_C,cpx_only,alr,53,151.5589753504157
cpx,ElasticNet,T_C,cpx_only,alr,54,151.5589753504157
cpx,ElasticNet,T_C,cpx_only,alr,55,151.5589753504157
cpx,ElasticNet,T_C,cpx_only,alr,56,151.5589753504157
cpx,ElasticNet,T_C,cpx_only,alr,57,151.5589753504157
cpx,ElasticNet,T_C,cpx_only,alr,58,151.5589753504157
cpx,ElasticNet,T_C,cpx_only,alr,59,151.5589753504157
cpx,ElasticNet,T_C,cpx_only,alr,60,151.5589753504157
cpx,ElasticNet,T_C,cpx_only,alr,61,151.5589753504157
cpx,ElasticNet,T_C,cpx_only,pwlr,42,151.32654929532444
cpx,ElasticNet,T_C,cpx_only,pwlr,43,151.32654929532444
cpx,ElasticNet,T_C,cpx_only,pwlr,44,151.32654929532444
cpx,ElasticNet,T_C,cpx_only,pwlr,45,151.32654929532444
cpx,ElasticNet,T_C,cpx_only,pwlr,46,151.32654929532444
cpx,ElasticNet,T_C,cpx_only,pwlr,47,151.32654929532444
cpx,ElasticNet,T_C,cpx_only,pwlr,48,151.32654929532444
cpx,ElasticNet,T_C,cpx_only,pwlr,49,151.32654929532444
cpx,ElasticNet,T_C,cpx_only,pwlr,50,151.32654929532444
cpx,ElasticNet,T_C,cpx_only,pwlr,51,151.32654929532444
cpx,ElasticNet,T_C,cpx_only,pwlr,52,151.32654929532444
cpx,ElasticNet,T_C,cpx_only,pwlr,53,151.32654929532444
cpx,ElasticNet,T_C,cpx_only,pwlr,54,151.32654929532444
cpx,ElasticNet,T_C,cpx_only,pwlr,55,151.32654929532444
cpx,ElasticNet,T_C,cpx_only,pwlr,56,151.32654929532444
cpx,ElasticNet,T_C,cpx_only,pwlr,57,151.32654929532444
cpx,ElasticNet,T_C,cpx_only,pwlr,58,151.32654929532444
cpx,ElasticNet,T_C,cpx_only,pwlr,59,151.32654929532444
cpx,ElasticNet,T_C,cpx_only,pwlr,60,151.32654929532444
cpx,ElasticNet,T_C,cpx_only,pwlr,61,151.32654929532444
cpx,ElasticNet,T_C,cpx_liq,raw,42,93.99018437258832
cpx,ElasticNet,T_C,cpx_liq,raw,43,93.99018437258832
cpx,ElasticNet,T_C,cpx_liq,raw,44,93.99018437258832
cpx,ElasticNet,T_C,cpx_liq,raw,45,93.99018437258832
cpx,ElasticNet,T_C,cpx_liq,raw,46,93.99018437258832
cpx,ElasticNet,T_C,cpx_liq,raw,47,93.99018437258832
cpx,ElasticNet,T_C,cpx_liq,raw,48,93.99018437258832
cpx,ElasticNet,T_C,cpx_liq,raw,49,93.99018437258832
cpx,ElasticNet,T_C,cpx_liq,raw,50,93.99018437258832
cpx,ElasticNet,T_C,cpx_liq,raw,51,93.99018437258832
cpx,ElasticNet,T_C,cpx_liq,raw,52,93.99018437258832
cpx,ElasticNet,T_C,cpx_liq,raw,53,93.99018437258832
cpx,ElasticNet,T_C,cpx_liq,raw,54,93.99018437258832
cpx,ElasticNet,T_C,cpx_liq,raw,55,93.99018437258832
cpx,ElasticNet,T_C,cpx_liq,raw,56,93.99018437258832
cpx,ElasticNet,T_C,cpx_liq,raw,57,93.99018437258832
cpx,ElasticNet,T_C,cpx_liq,raw,58,93.99018437258832
cpx,ElasticNet,T_C,cpx_liq,raw,59,93.99018437258832
cpx,ElasticNet,T_C,cpx_liq,raw,60,93.99018437258832
cpx,ElasticNet,T_C,cpx_liq,raw,61,93.99018437258832
cpx,ElasticNet,T_C,cpx_liq,alr,42,89.66595115175612
cpx,ElasticNet,T_C,cpx_liq,alr,43,89.66595115175612
cpx,ElasticNet,T_C,cpx_liq,alr,44,89.66595115175612
cpx,ElasticNet,T_C,cpx_liq,alr,45,89.66595115175612
cpx,ElasticNet,T_C,cpx_liq,alr,46,89.66595115175612
cpx,ElasticNet,T_C,cpx_liq,alr,47,89.66595115175612
cpx,ElasticNet,T_C,cpx_liq,alr,48,89.66595115175612
cpx,ElasticNet,T_C,cpx_liq,alr,49,89.66595115175612
cpx,ElasticNet,T_C,cpx_liq,alr,50,89.66595115175612
cpx,ElasticNet,T_C,cpx_liq,alr,51,89.66595115175612
cpx,ElasticNet,T_C,cpx_liq,alr,52,89.66595115175612
cpx,ElasticNet,T_C,cpx_liq,alr,53,89.66595115175612
cpx,ElasticNet,T_C,cpx_liq,alr,54,89.66595115175612
cpx,ElasticNet,T_C,cpx_liq,alr,55,89.66595115175612
cpx,ElasticNet,T_C,cpx_liq,alr,56,89.66595115175612
cpx,ElasticNet,T_C,cpx_liq,alr,57,89.66595115175612
cpx,ElasticNet,T_C,cpx_liq,alr,58,89.66595115175612
cpx,ElasticNet,T_C,cpx_liq,alr,59,89.66595115175612
cpx,ElasticNet,T_C,cpx_liq,alr,60,89.66595115175612
cpx,ElasticNet,T_C,cpx_liq,alr,61,89.66595115175612
cpx,ElasticNet,T_C,cpx_liq,pwlr,42,91.8709006268369
cpx,ElasticNet,T_C,cpx_liq,pwlr,43,91.8709006268369
cpx,ElasticNet,T_C,cpx_liq,pwlr,44,91.8709006268369
cpx,ElasticNet,T_C,cpx_liq,pwlr,45,91.8709006268369
cpx,ElasticNet,T_C,cpx_liq,pwlr,46,91.8709006268369
cpx,ElasticNet,T_C,cpx_liq,pwlr,47,91.8709006268369
cpx,ElasticNet,T_C,cpx_liq,pwlr,48,91.8709006268369
cpx,ElasticNet,T_C,cpx_liq,pwlr,49,91.8709006268369
cpx,ElasticNet,T_C,cpx_liq,pwlr,50,91.8709006268369
cpx,ElasticNet,T_C,cpx_liq,pwlr,51,91.8709006268369
cpx,ElasticNet,T_C,cpx_liq,pwlr,52,91.8709006268369
cpx,ElasticNet,T_C,cpx_liq,pwlr,53,91.8709006268369
cpx,ElasticNet,T_C,cpx_liq,pwlr,54,91.8709006268369
cpx,ElasticNet,T_C,cpx_liq,pwlr,55,91.8709006268369
cpx,ElasticNet,T_C,cpx_liq,pwlr,56,91.8709006268369
cpx,ElasticNet,T_C,cpx_liq,pwlr,57,91.8709006268369
cpx,ElasticNet,T_C,cpx_liq,pwlr,58,91.8709006268369
cpx,ElasticNet,T_C,cpx_liq,pwlr,59,91.8709006268369
cpx,ElasticNet,T_C,cpx_liq,pwlr,60,91.8709006268369
cpx,ElasticNet,T_C,cpx_liq,pwlr,61,91.8709006268369
cpx,ElasticNet,P_kbar,cpx_only,raw,42,16.102325975631732
cpx,ElasticNet,P_kbar,cpx_only,raw,43,16.102325975631732
cpx,ElasticNet,P_kbar,cpx_only,raw,44,16.102325975631732
cpx,ElasticNet,P_kbar,cpx_only,raw,45,16.102325975631732
cpx,ElasticNet,P_kbar,cpx_only,raw,46,16.102325975631732
cpx,ElasticNet,P_kbar,cpx_only,raw,47,16.102325975631732
cpx,ElasticNet,P_kbar,cpx_only,raw,48,16.102325975631732
cpx,ElasticNet,P_kbar,cpx_only,raw,49,16.102325975631732
cpx,ElasticNet,P_kbar,cpx_only,raw,50,16.102325975631732
cpx,ElasticNet,P_kbar,cpx_only,raw,51,16.102325975631732
cpx,ElasticNet,P_kbar,cpx_only,raw,52,16.102325975631732
cpx,ElasticNet,P_kbar,cpx_only,raw,53,16.102325975631732
cpx,ElasticNet,P_kbar,cpx_only,raw,54,16.102325975631732
cpx,ElasticNet,P_kbar,cpx_only,raw,55,16.102325975631732
cpx,ElasticNet,P_kbar,cpx_only,raw,56,16.102325975631732
cpx,ElasticNet,P_kbar,cpx_only,raw,57,16.102325975631732
cpx,ElasticNet,P_kbar,cpx_only,raw,58,16.102325975631732
cpx,ElasticNet,P_kbar,cpx_only,raw,59,16.102325975631732
cpx,ElasticNet,P_kbar,cpx_only,raw,60,16.102325975631732
cpx,ElasticNet,P_kbar,cpx_only,raw,61,16.102325975631732
cpx,ElasticNet,P_kbar,cpx_only,alr,42,15.984798370955644
cpx,ElasticNet,P_kbar,cpx_only,alr,43,15.984798370955644
cpx,ElasticNet,P_kbar,cpx_only,alr,44,15.984798370955644
cpx,ElasticNet,P_kbar,cpx_only,alr,45,15.984798370955644
cpx,ElasticNet,P_kbar,cpx_only,alr,46,15.984798370955644
cpx,ElasticNet,P_kbar,cpx_only,alr,47,15.984798370955644
cpx,ElasticNet,P_kbar,cpx_only,alr,48,15.984798370955644
cpx,ElasticNet,P_kbar,cpx_only,alr,49,15.984798370955644
cpx,ElasticNet,P_kbar,cpx_only,alr,50,15.984798370955644
cpx,ElasticNet,P_kbar,cpx_only,alr,51,15.984798370955644
cpx,ElasticNet,P_kbar,cpx_only,alr,52,15.984798370955644
cpx,ElasticNet,P_kbar,cpx_only,alr,53,15.984798370955644
cpx,ElasticNet,P_kbar,cpx_only,alr,54,15.984798370955644
cpx,ElasticNet,P_kbar,cpx_only,alr,55,15.984798370955644
cpx,ElasticNet,P_kbar,cpx_only,alr,56,15.984798370955644
cpx,ElasticNet,P_kbar,cpx_only,alr,57,15.984798370955644
cpx,ElasticNet,P_kbar,cpx_only,alr,58,15.984798370955644
cpx,ElasticNet,P_kbar,cpx_only,alr,59,15.984798370955644
cpx,ElasticNet,P_kbar,cpx_only,alr,60,15.984798370955644
cpx,ElasticNet,P_kbar,cpx_only,alr,61,15.984798370955644
cpx,ElasticNet,P_kbar,cpx_only,pwlr,42,15.781491226139186
cpx,ElasticNet,P_kbar,cpx_only,pwlr,43,15.781491226139186
cpx,ElasticNet,P_kbar,cpx_only,pwlr,44,15.781491226139186
cpx,ElasticNet,P_kbar,cpx_only,pwlr,45,15.781491226139186
cpx,ElasticNet,P_kbar,cpx_only,pwlr,46,15.781491226139186
cpx,ElasticNet,P_kbar,cpx_only,pwlr,47,15.781491226139186
cpx,ElasticNet,P_kbar,cpx_only,pwlr,48,15.781491226139186
cpx,ElasticNet,P_kbar,cpx_only,pwlr,49,15.781491226139186
cpx,ElasticNet,P_kbar,cpx_only,pwlr,50,15.781491226139186
cpx,ElasticNet,P_kbar,cpx_only,pwlr,51,15.781491226139186
cpx,ElasticNet,P_kbar,cpx_only,pwlr,52,15.781491226139186
cpx,ElasticNet,P_kbar,cpx_only,pwlr,53,15.781491226139186
cpx,ElasticNet,P_kbar,cpx_only,pwlr,54,15.781491226139186
cpx,ElasticNet,P_kbar,cpx_only,pwlr,55,15.781491226139186
cpx,ElasticNet,P_kbar,cpx_only,pwlr,56,15.781491226139186
cpx,ElasticNet,P_kbar,cpx_only,pwlr,57,15.781491226139186
cpx,ElasticNet,P_kbar,cpx_only,pwlr,58,15.781491226139186
cpx,ElasticNet,P_kbar,cpx_only,pwlr,59,15.781491226139186
cpx,ElasticNet,P_kbar,cpx_only,pwlr,60,15.781491226139186
cpx,ElasticNet,P_kbar,cpx_only,pwlr,61,15.781491226139186
cpx,ElasticNet,P_kbar,cpx_liq,raw,42,9.225202737028804
cpx,ElasticNet,P_kbar,cpx_liq,raw,43,9.225202737028804
cpx,ElasticNet,P_kbar,cpx_liq,raw,44,9.225202737028804
cpx,ElasticNet,P_kbar,cpx_liq,raw,45,9.225202737028804
cpx,ElasticNet,P_kbar,cpx_liq,raw,46,9.225202737028804
cpx,ElasticNet,P_kbar,cpx_liq,raw,47,9.225202737028804
cpx,ElasticNet,P_kbar,cpx_liq,raw,48,9.225202737028804
cpx,ElasticNet,P_kbar,cpx_liq,raw,49,9.225202737028804
cpx,ElasticNet,P_kbar,cpx_liq,raw,50,9.225202737028804
cpx,ElasticNet,P_kbar,cpx_liq,raw,51,9.225202737028804
cpx,ElasticNet,P_kbar,cpx_liq,raw,52,9.225202737028804
cpx,ElasticNet,P_kbar,cpx_liq,raw,53,9.225202737028804
cpx,ElasticNet,P_kbar,cpx_liq,raw,54,9.225202737028804
cpx,ElasticNet,P_kbar,cpx_liq,raw,55,9.225202737028804
cpx,ElasticNet,P_kbar,cpx_liq,raw,56,9.225202737028804
cpx,ElasticNet,P_kbar,cpx_liq,raw,57,9.225202737028804
cpx,ElasticNet,P_kbar,cpx_liq,raw,58,9.225202737028804
cpx,ElasticNet,P_kbar,cpx_liq,raw,59,9.225202737028804
cpx,ElasticNet,P_kbar,cpx_liq,raw,60,9.225202737028804
cpx,ElasticNet,P_kbar,cpx_liq,raw,61,9.225202737028804
cpx,ElasticNet,P_kbar,cpx_liq,alr,42,7.712227991981382
cpx,ElasticNet,P_kbar,cpx_liq,alr,43,7.712227991981382
cpx,ElasticNet,P_kbar,cpx_liq,alr,44,7.712227991981382
cpx,ElasticNet,P_kbar,cpx_liq,alr,45,7.712227991981382
cpx,ElasticNet,P_kbar,cpx_liq,alr,46,7.712227991981382
cpx,ElasticNet,P_kbar,cpx_liq,alr,47,7.712227991981382
cpx,ElasticNet,P_kbar,cpx_liq,alr,48,7.712227991981382
cpx,ElasticNet,P_kbar,cpx_liq,alr,49,7.712227991981382
cpx,ElasticNet,P_kbar,cpx_liq,alr,50,7.712227991981382
cpx,ElasticNet,P_kbar,cpx_liq,alr,51,7.712227991981382
cpx,ElasticNet,P_kbar,cpx_liq,alr,52,7.712227991981382
cpx,ElasticNet,P_kbar,cpx_liq,alr,53,7.712227991981382
cpx,ElasticNet,P_kbar,cpx_liq,alr,54,7.712227991981382
cpx,ElasticNet,P_kbar,cpx_liq,alr,55,7.712227991981382
cpx,ElasticNet,P_kbar,cpx_liq,alr,56,7.712227991981382
cpx,ElasticNet,P_kbar,cpx_liq,alr,57,7.712227991981382
cpx,ElasticNet,P_kbar,cpx_liq,alr,58,7.712227991981382
cpx,ElasticNet,P_kbar,cpx_liq,alr,59,7.712227991981382
cpx,ElasticNet,P_kbar,cpx_liq,alr,60,7.712227991981382
cpx,ElasticNet,P_kbar,cpx_liq,alr,61,7.712227991981382
cpx,ElasticNet,P_kbar,cpx_liq,pwlr,42,7.775659541363487
cpx,ElasticNet,P_kbar,cpx_liq,pwlr,43,7.775659541363487
cpx,ElasticNet,P_kbar,cpx_liq,pwlr,44,7.775659541363487
cpx,ElasticNet,P_kbar,cpx_liq,pwlr,45,7.775659541363487
cpx,ElasticNet,P_kbar,cpx_liq,pwlr,46,7.775659541363487
cpx,ElasticNet,P_kbar,cpx_liq,pwlr,47,7.775659541363487
cpx,ElasticNet,P_kbar,cpx_liq,pwlr,48,7.775659541363487
cpx,ElasticNet,P_kbar,cpx_liq,pwlr,49,7.775659541363487
cpx,ElasticNet,P_kbar,cpx_liq,pwlr,50,7.775659541363487
cpx,ElasticNet,P_kbar,cpx_liq,pwlr,51,7.775659541363487
cpx,ElasticNet,P_kbar,cpx_liq,pwlr,52,7.775659541363487
cpx,ElasticNet,P_kbar,cpx_liq,pwlr,53,7.775659541363487
cpx,ElasticNet,P_kbar,cpx_liq,pwlr,54,7.775659541363487
cpx,ElasticNet,P_kbar,cpx_liq,pwlr,55,7.775659541363487
cpx,ElasticNet,P_kbar,cpx_liq,pwlr,56,7.775659541363487
cpx,ElasticNet,P_kbar,cpx_liq,pwlr,57,7.775659541363487
cpx,ElasticNet,P_kbar,cpx_liq,pwlr,58,7.775659541363487
cpx,ElasticNet,P_kbar,cpx_liq,pwlr,59,7.775659541363487
cpx,ElasticNet,P_kbar,cpx_liq,pwlr,60,7.775659541363487
cpx,ElasticNet,P_kbar,cpx_liq,pwlr,61,7.775659541363487
cpx,MLP,T_C,cpx_only,raw,42,156.7953323984207
cpx,MLP,T_C,cpx_only,raw,43,139.93299072508782
cpx,MLP,T_C,cpx_only,raw,44,154.83745748811478
cpx,MLP,T_C,cpx_only,raw,45,146.2266015183746
cpx,MLP,T_C,cpx_only,raw,46,143.32539133990855
cpx,MLP,T_C,cpx_only,raw,47,147.85599702327409
cpx,MLP,T_C,cpx_only,raw,48,140.69341129710207
cpx,MLP,T_C,cpx_only,raw,49,144.23098799243235
cpx,MLP,T_C,cpx_only,raw,50,151.97038715791044
cpx,MLP,T_C,cpx_only,raw,51,146.1569016463726
cpx,MLP,T_C,cpx_only,raw,52,154.02012144692134
cpx,MLP,T_C,cpx_only,raw,53,158.55883714790428
cpx,MLP,T_C,cpx_only,raw,54,149.05425356654698
cpx,MLP,T_C,cpx_only,raw,55,145.2091396365716
cpx,MLP,T_C,cpx_only,raw,56,142.19018447154247
cpx,MLP,T_C,cpx_only,raw,57,150.69804245293963
cpx,MLP,T_C,cpx_only,raw,58,141.017303699594
cpx,MLP,T_C,cpx_only,raw,59,141.62722501303006
cpx,MLP,T_C,cpx_only,raw,60,143.19613889862936
cpx,MLP,T_C,cpx_only,raw,61,143.9339395039869
cpx,MLP,T_C,cpx_only,alr,42,136.9457514896057
cpx,MLP,T_C,cpx_only,alr,43,137.85404973988642
cpx,MLP,T_C,cpx_only,alr,44,141.5973017471073
cpx,MLP,T_C,cpx_only,alr,45,134.02072225352316
cpx,MLP,T_C,cpx_only,alr,46,135.99805620923686
cpx,MLP,T_C,cpx_only,alr,47,142.79872903860397
cpx,MLP,T_C,cpx_only,alr,48,136.61627809293688
cpx,MLP,T_C,cpx_only,alr,49,137.5272232000912
cpx,MLP,T_C,cpx_only,alr,50,142.96180096786833
cpx,MLP,T_C,cpx_only,alr,51,134.01933318819275
cpx,MLP,T_C,cpx_only,alr,52,135.89885528408092
cpx,MLP,T_C,cpx_only,alr,53,137.63697061798229
cpx,MLP,T_C,cpx_only,alr,54,134.55785318790458
cpx,MLP,T_C,cpx_only,alr,55,137.04477608738364
cpx,MLP,T_C,cpx_only,alr,56,133.1568799294452
cpx,MLP,T_C,cpx_only,alr,57,137.99527342527404
cpx,MLP,T_C,cpx_only,alr,58,136.30880646116995
cpx,MLP,T_C,cpx_only,alr,59,134.46273547975292
cpx,MLP,T_C,cpx_only,alr,60,140.73754470218566
cpx,MLP,T_C,cpx_only,alr,61,131.25491887480578
cpx,MLP,T_C,cpx_only,pwlr,42,130.8329932011939
cpx,MLP,T_C,cpx_only,pwlr,43,136.27676729081531
cpx,MLP,T_C,cpx_only,pwlr,44,133.06550990360788
cpx,MLP,T_C,cpx_only,pwlr,45,127.55213926631976
cpx,MLP,T_C,cpx_only,pwlr,46,138.5600991296437
cpx,MLP,T_C,cpx_only,pwlr,47,134.31907284735297
cpx,MLP,T_C,cpx_only,pwlr,48,133.40139972011195
cpx,MLP,T_C,cpx_only,pwlr,49,128.14972128139573
cpx,MLP,T_C,cpx_only,pwlr,50,145.2300848785518
cpx,MLP,T_C,cpx_only,pwlr,51,134.12183885077116
cpx,MLP,T_C,cpx_only,pwlr,52,149.3522195518854
cpx,MLP,T_C,cpx_only,pwlr,53,131.82718796626185
cpx,MLP,T_C,cpx_only,pwlr,54,147.73578039042926
cpx,MLP,T_C,cpx_only,pwlr,55,139.57275960439793
cpx,MLP,T_C,cpx_only,pwlr,56,130.70003304289517
cpx,MLP,T_C,cpx_only,pwlr,57,132.2171513675276
cpx,MLP,T_C,cpx_only,pwlr,58,151.8772746054381
cpx,MLP,T_C,cpx_only,pwlr,59,131.4094001295878
cpx,MLP,T_C,cpx_only,pwlr,60,129.47947436014164
cpx,MLP,T_C,cpx_only,pwlr,61,143.29312181132784
cpx,MLP,T_C,cpx_liq,raw,42,107.40087892790255
cpx,MLP,T_C,cpx_liq,raw,43,103.40261668027088
cpx,MLP,T_C,cpx_liq,raw,44,99.7955841385915
cpx,MLP,T_C,cpx_liq,raw,45,105.91109407906572
cpx,MLP,T_C,cpx_liq,raw,46,102.88530519325552
cpx,MLP,T_C,cpx_liq,raw,47,117.870667218033
cpx,MLP,T_C,cpx_liq,raw,48,110.87204142931697
cpx,MLP,T_C,cpx_liq,raw,49,114.50055096058912
cpx,MLP,T_C,cpx_liq,raw,50,112.33085269427173
cpx,MLP,T_C,cpx_liq,raw,51,102.5718463811858
cpx,MLP,T_C,cpx_liq,raw,52,102.44593983238704
cpx,MLP,T_C,cpx_liq,raw,53,103.85098684824452
cpx,MLP,T_C,cpx_liq,raw,54,105.48160881017424
cpx,MLP,T_C,cpx_liq,raw,55,105.5184627915287
cpx,MLP,T_C,cpx_liq,raw,56,114.75892828094632
cpx,MLP,T_C,cpx_liq,raw,57,97.92015851251466
cpx,MLP,T_C,cpx_liq,raw,58,121.58428067481046
cpx,MLP,T_C,cpx_liq,raw,59,96.48763694826164
cpx,MLP,T_C,cpx_liq,raw,60,105.48047761121914
cpx,MLP,T_C,cpx_liq,raw,61,104.2409952450091
cpx,MLP,T_C,cpx_liq,alr,42,97.06028009189988
cpx,MLP,T_C,cpx_liq,alr,43,120.64990284812632
cpx,MLP,T_C,cpx_liq,alr,44,107.11913760461886
cpx,MLP,T_C,cpx_liq,alr,45,104.60208878787336
cpx,MLP,T_C,cpx_liq,alr,46,99.69613941444008
cpx,MLP,T_C,cpx_liq,alr,47,123.44581682627256
cpx,MLP,T_C,cpx_liq,alr,48,113.406375895021
cpx,MLP,T_C,cpx_liq,alr,49,96.20286046856212
cpx,MLP,T_C,cpx_liq,alr,50,105.3350438961334
cpx,MLP,T_C,cpx_liq,alr,51,106.08616653122957
cpx,MLP,T_C,cpx_liq,alr,52,117.45880357063972
cpx,MLP,T_C,cpx_liq,alr,53,113.38308044936056
cpx,MLP,T_C,cpx_liq,alr,54,108.09974545258714
cpx,MLP,T_C,cpx_liq,alr,55,110.23464865432707
cpx,MLP,T_C,cpx_liq,alr,56,116.99590096527464
cpx,MLP,T_C,cpx_liq,alr,57,106.67845497174936
cpx,MLP,T_C,cpx_liq,alr,58,106.83346184682792
cpx,MLP,T_C,cpx_liq,alr,59,108.83098486242928
cpx,MLP,T_C,cpx_liq,alr,60,112.54401933320533
cpx,MLP,T_C,cpx_liq,alr,61,97.10698408581706
cpx,MLP,T_C,cpx_liq,pwlr,42,132.13622316389927
cpx,MLP,T_C,cpx_liq,pwlr,43,109.12615625067188
cpx,MLP,T_C,cpx_liq,pwlr,44,135.72537793151585
cpx,MLP,T_C,cpx_liq,pwlr,45,124.94836597356694
cpx,MLP,T_C,cpx_liq,pwlr,46,98.64857298139866
cpx,MLP,T_C,cpx_liq,pwlr,47,108.9788284154449
cpx,MLP,T_C,cpx_liq,pwlr,48,145.2402485928756
cpx,MLP,T_C,cpx_liq,pwlr,49,110.75141510947728
cpx,MLP,T_C,cpx_liq,pwlr,50,115.59146799007934
cpx,MLP,T_C,cpx_liq,pwlr,51,141.34237944806637
cpx,MLP,T_C,cpx_liq,pwlr,52,132.0148145208057
cpx,MLP,T_C,cpx_liq,pwlr,53,106.42033802465328
cpx,MLP,T_C,cpx_liq,pwlr,54,106.56816818212523
cpx,MLP,T_C,cpx_liq,pwlr,55,97.8554991098618
cpx,MLP,T_C,cpx_liq,pwlr,56,130.2536177305971
cpx,MLP,T_C,cpx_liq,pwlr,57,116.68732808550064
cpx,MLP,T_C,cpx_liq,pwlr,58,118.9439503165392
cpx,MLP,T_C,cpx_liq,pwlr,59,143.76592008202982
cpx,MLP,T_C,cpx_liq,pwlr,60,135.58061795617357
cpx,MLP,T_C,cpx_liq,pwlr,61,132.65244791534215
cpx,MLP,P_kbar,cpx_only,raw,42,15.79354053052118
cpx,MLP,P_kbar,cpx_only,raw,43,15.611510518439616
cpx,MLP,P_kbar,cpx_only,raw,44,16.209182850489235
cpx,MLP,P_kbar,cpx_only,raw,45,15.507943019557151
cpx,MLP,P_kbar,cpx_only,raw,46,15.532865890553731
cpx,MLP,P_kbar,cpx_only,raw,47,15.719922019404615
cpx,MLP,P_kbar,cpx_only,raw,48,15.554416420715476
cpx,MLP,P_kbar,cpx_only,raw,49,15.496060115980114
cpx,MLP,P_kbar,cpx_only,raw,50,15.56974369686415
cpx,MLP,P_kbar,cpx_only,raw,51,16.062753879514197
cpx,MLP,P_kbar,cpx_only,raw,52,15.613342409689098
cpx,MLP,P_kbar,cpx_only,raw,53,15.709114874630805
cpx,MLP,P_kbar,cpx_only,raw,54,15.508993014361147
cpx,MLP,P_kbar,cpx_only,raw,55,15.683319772547865
cpx,MLP,P_kbar,cpx_only,raw,56,15.498807172253994
cpx,MLP,P_kbar,cpx_only,raw,57,15.575496492849876
cpx,MLP,P_kbar,cpx_only,raw,58,15.556531758679098
cpx,MLP,P_kbar,cpx_only,raw,59,15.413239522955427
cpx,MLP,P_kbar,cpx_only,raw,60,15.596151913937884
cpx,MLP,P_kbar,cpx_only,raw,61,15.564085278574726
cpx,MLP,P_kbar,cpx_only,alr,42,13.46565902091653
cpx,MLP,P_kbar,cpx_only,alr,43,13.896130831281733
cpx,MLP,P_kbar,cpx_only,alr,44,13.291874060294164
cpx,MLP,P_kbar,cpx_only,alr,45,13.128245887336483
cpx,MLP,P_kbar,cpx_only,alr,46,13.746601765219774
cpx,MLP,P_kbar,cpx_only,alr,47,13.80339724900017
cpx,MLP,P_kbar,cpx_only,alr,48,13.778757680109951
cpx,MLP,P_kbar,cpx_only,alr,49,13.982927407596792
cpx,MLP,P_kbar,cpx_only,alr,50,14.167870385783448
cpx,MLP,P_kbar,cpx_only,alr,51,13.955756794597097
cpx,MLP,P_kbar,cpx_only,alr,52,13.579173563782364
cpx,MLP,P_kbar,cpx_only,alr,53,13.436508955553409
cpx,MLP,P_kbar,cpx_only,alr,54,13.335826357689864
cpx,MLP,P_kbar,cpx_only,alr,55,13.863779769510549
cpx,MLP,P_kbar,cpx_only,alr,56,13.958577861981157
cpx,MLP,P_kbar,cpx_only,alr,57,13.533789332222158
cpx,MLP,P_kbar,cpx_only,alr,58,13.797927003814872
cpx,MLP,P_kbar,cpx_only,alr,59,13.742734198558445
cpx,MLP,P_kbar,cpx_only,alr,60,13.565410090743123
cpx,MLP,P_kbar,cpx_only,alr,61,13.2391124183252
cpx,MLP,P_kbar,cpx_only,pwlr,42,14.171405374024587
cpx,MLP,P_kbar,cpx_only,pwlr,43,14.623898117772631
cpx,MLP,P_kbar,cpx_only,pwlr,44,14.745294224734325
cpx,MLP,P_kbar,cpx_only,pwlr,45,14.313293243305113
cpx,MLP,P_kbar,cpx_only,pwlr,46,14.349236964596184
cpx,MLP,P_kbar,cpx_only,pwlr,47,14.310476482816188
cpx,MLP,P_kbar,cpx_only,pwlr,48,14.398422314724815
cpx,MLP,P_kbar,cpx_only,pwlr,49,14.36202277638617
cpx,MLP,P_kbar,cpx_only,pwlr,50,14.536220566290472
cpx,MLP,P_kbar,cpx_only,pwlr,51,14.269969654872106
cpx,MLP,P_kbar,cpx_only,pwlr,52,14.319475819284463
cpx,MLP,P_kbar,cpx_only,pwlr,53,14.436240788126655
cpx,MLP,P_kbar,cpx_only,pwlr,54,14.531163455146434
cpx,MLP,P_kbar,cpx_only,pwlr,55,14.47083923967078
cpx,MLP,P_kbar,cpx_only,pwlr,56,14.33092821797846
cpx,MLP,P_kbar,cpx_only,pwlr,57,14.430878936197528
cpx,MLP,P_kbar,cpx_only,pwlr,58,14.371093530419657
cpx,MLP,P_kbar,cpx_only,pwlr,59,14.1987093057209
cpx,MLP,P_kbar,cpx_only,pwlr,60,14.502113750041046
cpx,MLP,P_kbar,cpx_only,pwlr,61,14.389811528342294
cpx,MLP,P_kbar,cpx_liq,raw,42,7.417884145408285
cpx,MLP,P_kbar,cpx_liq,raw,43,7.975298586369811
cpx,MLP,P_kbar,cpx_liq,raw,44,7.80946293039836
cpx,MLP,P_kbar,cpx_liq,raw,45,8.629130917110231
cpx,MLP,P_kbar,cpx_liq,raw,46,7.872328729981015
cpx,MLP,P_kbar,cpx_liq,raw,47,7.392244772756391
cpx,MLP,P_kbar,cpx_liq,raw,48,8.01256597542521
cpx,MLP,P_kbar,cpx_liq,raw,49,7.94096953213199
cpx,MLP,P_kbar,cpx_liq,raw,50,7.758978199922537
cpx,MLP,P_kbar,cpx_liq,raw,51,7.220226896025168
cpx,MLP,P_kbar,cpx_liq,raw,52,8.118661472993184
cpx,MLP,P_kbar,cpx_liq,raw,53,8.227654619311236
cpx,MLP,P_kbar,cpx_liq,raw,54,7.169816436827321
cpx,MLP,P_kbar,cpx_liq,raw,55,8.203533142306869
cpx,MLP,P_kbar,cpx_liq,raw,56,7.78892412450639
cpx,MLP,P_kbar,cpx_liq,raw,57,8.11015138404615
cpx,MLP,P_kbar,cpx_liq,raw,58,7.767516676098337
cpx,MLP,P_kbar,cpx_liq,raw,59,7.981623463007314
cpx,MLP,P_kbar,cpx_liq,raw,60,7.934319730706398
cpx,MLP,P_kbar,cpx_liq,raw,61,7.529757228911126
cpx,MLP,P_kbar,cpx_liq,alr,42,8.721922436372374
cpx,MLP,P_kbar,cpx_liq,alr,43,9.79475298491195
cpx,MLP,P_kbar,cpx_liq,alr,44,8.625243481139012
cpx,MLP,P_kbar,cpx_liq,alr,45,8.458811569537618
cpx,MLP,P_kbar,cpx_liq,alr,46,9.254610185357365
cpx,MLP,P_kbar,cpx_liq,alr,47,8.946291305649988
cpx,MLP,P_kbar,cpx_liq,alr,48,9.671277599109612
cpx,MLP,P_kbar,cpx_liq,alr,49,8.793678602313177
cpx,MLP,P_kbar,cpx_liq,alr,50,8.817436272403471
cpx,MLP,P_kbar,cpx_liq,alr,51,9.287851746715958
cpx,MLP,P_kbar,cpx_liq,alr,52,8.393372042871023
cpx,MLP,P_kbar,cpx_liq,alr,53,8.825756750941059
cpx,MLP,P_kbar,cpx_liq,alr,54,9.41385240297279
cpx,MLP,P_kbar,cpx_liq,alr,55,8.415280802455035
cpx,MLP,P_kbar,cpx_liq,alr,56,8.27632341913134
cpx,MLP,P_kbar,cpx_liq,alr,57,9.269825251911064
cpx,MLP,P_kbar,cpx_liq,alr,58,9.955562637752342
cpx,MLP,P_kbar,cpx_liq,alr,59,9.501610610120316
cpx,MLP,P_kbar,cpx_liq,alr,60,9.132941488456373
cpx,MLP,P_kbar,cpx_liq,alr,61,9.146486626133498
cpx,MLP,P_kbar,cpx_liq,pwlr,42,7.135593232227349
cpx,MLP,P_kbar,cpx_liq,pwlr,43,7.342126957859191
cpx,MLP,P_kbar,cpx_liq,pwlr,44,7.291620810877307
cpx,MLP,P_kbar,cpx_liq,pwlr,45,7.080487309429623
cpx,MLP,P_kbar,cpx_liq,pwlr,46,7.180550300415105
cpx,MLP,P_kbar,cpx_liq,pwlr,47,7.678374186130887
cpx,MLP,P_kbar,cpx_liq,pwlr,48,8.360628317404933
cpx,MLP,P_kbar,cpx_liq,pwlr,49,8.068185549205731
cpx,MLP,P_kbar,cpx_liq,pwlr,50,7.449556215561994
cpx,MLP,P_kbar,cpx_liq,pwlr,51,7.339864086558192
cpx,MLP,P_kbar,cpx_liq,pwlr,52,7.614226134996305
cpx,MLP,P_kbar,cpx_liq,pwlr,53,9.145686119793629
cpx,MLP,P_kbar,cpx_liq,pwlr,54,7.1193780483502085
cpx,MLP,P_kbar,cpx_liq,pwlr,55,8.486398688556472
cpx,MLP,P_kbar,cpx_liq,pwlr,56,7.240642991549683
cpx,MLP,P_kbar,cpx_liq,pwlr,57,7.815916024894317
cpx,MLP,P_kbar,cpx_liq,pwlr,58,6.8361871858284
cpx,MLP,P_kbar,cpx_liq,pwlr,59,7.122650336067527
cpx,MLP,P_kbar,cpx_liq,pwlr,60,8.124431977670305
cpx,MLP,P_kbar,cpx_liq,pwlr,61,8.231207767758912
cpx,TabPFN,T_C,cpx_liq,raw,42,68.78487447623733
cpx,TabPFN,T_C,cpx_liq,raw,43,69.58155476204031
cpx,TabPFN,T_C,cpx_liq,raw,44,70.94907985184814
cpx,TabPFN,T_C,cpx_liq,raw,45,69.68964404655559
cpx,TabPFN,T_C,cpx_liq,raw,46,71.3140052900291
cpx,TabPFN,T_C,cpx_liq,raw,47,69.09175796546924
cpx,TabPFN,T_C,cpx_liq,raw,48,69.13140779045335
cpx,TabPFN,T_C,cpx_liq,raw,49,69.1583638057073
cpx,TabPFN,T_C,cpx_liq,raw,50,70.97782402191716
cpx,TabPFN,T_C,cpx_liq,raw,51,69.30922415625457
cpx,TabPFN,T_C,cpx_liq,raw,52,68.37893953612098
cpx,TabPFN,T_C,cpx_liq,raw,53,71.83723285559766
cpx,TabPFN,T_C,cpx_liq,raw,54,70.02711986447633
cpx,TabPFN,T_C,cpx_liq,raw,55,69.655529001959
cpx,TabPFN,T_C,cpx_liq,raw,56,70.36967696874933
cpx,TabPFN,T_C,cpx_liq,raw,57,70.23840069640708
cpx,TabPFN,T_C,cpx_liq,raw,58,70.17579702013177
cpx,TabPFN,T_C,cpx_liq,raw,59,69.70235785412784
cpx,TabPFN,T_C,cpx_liq,raw,60,71.7267124051621
cpx,TabPFN,T_C,cpx_liq,raw,61,69.09203062366633
cpx,TabPFN,P_kbar,cpx_liq,raw,42,7.303225068206751
cpx,TabPFN,P_kbar,cpx_liq,raw,43,7.640550961893151
cpx,TabPFN,P_kbar,cpx_liq,raw,44,7.503040933577674
cpx,TabPFN,P_kbar,cpx_liq,raw,45,7.58705960725199
cpx,TabPFN,P_kbar,cpx_liq,raw,46,7.5332598268501405
cpx,TabPFN,P_kbar,cpx_liq,raw,47,7.483393034201211
cpx,TabPFN,P_kbar,cpx_liq,raw,48,7.420929909520635
cpx,TabPFN,P_kbar,cpx_liq,raw,49,7.303690189176735
cpx,TabPFN,P_kbar,cpx_liq,raw,50,7.466072800750847
cpx,TabPFN,P_kbar,cpx_liq,raw,51,7.427088230930761
cpx,TabPFN,P_kbar,cpx_liq,raw,52,7.527630086613407
cpx,TabPFN,P_kbar,cpx_liq,raw,53,7.30992234022055
cpx,TabPFN,P_kbar,cpx_liq,raw,54,7.341005972488192
cpx,TabPFN,P_kbar,cpx_liq,raw,55,7.307079953457775
cpx,TabPFN,P_kbar,cpx_liq,raw,56,7.32781469643093
cpx,TabPFN,P_kbar,cpx_liq,raw,57,7.26002114559687
cpx,TabPFN,P_kbar,cpx_liq,raw,58,7.41616708703416
cpx,TabPFN,P_kbar,cpx_liq,raw,59,7.183252980843083
cpx,TabPFN,P_kbar,cpx_liq,raw,60,7.657482859486778
cpx,TabPFN,P_kbar,cpx_liq,raw,61,7.310239453474209
cpx,TabPFN,T_C,cpx_only,raw,42,128.07101442662665
cpx,TabPFN,T_C,cpx_only,raw,43,134.70132987906135
cpx,TabPFN,T_C,cpx_only,raw,44,132.56540464939164
cpx,TabPFN,T_C,cpx_only,raw,45,129.38179434125908
cpx,TabPFN,T_C,cpx_only,raw,46,128.0473036863498
cpx,TabPFN,T_C,cpx_only,raw,47,132.66975249465912
cpx,TabPFN,T_C,cpx_only,raw,48,131.1756354343894
cpx,TabPFN,T_C,cpx_only,raw,49,130.77459212728104
cpx,TabPFN,T_C,cpx_only,raw,50,129.77837144168026
cpx,TabPFN,T_C,cpx_only,raw,51,130.3673840503832
cpx,TabPFN,T_C,cpx_only,raw,52,130.0353278548783
cpx,TabPFN,T_C,cpx_only,raw,53,132.9785927374602
cpx,TabPFN,T_C,cpx_only,raw,54,131.55954706715235
cpx,TabPFN,T_C,cpx_only,raw,55,130.7852019336648
cpx,TabPFN,T_C,cpx_only,raw,56,134.40836170958696
cpx,TabPFN,T_C,cpx_only,raw,57,129.19539559463325
cpx,TabPFN,T_C,cpx_only,raw,58,134.75298573987834
cpx,TabPFN,T_C,cpx_only,raw,59,130.45322377178687
cpx,TabPFN,T_C,cpx_only,raw,60,129.67065547634934
cpx,TabPFN,T_C,cpx_only,raw,61,136.53575926274075
cpx,TabPFN,P_kbar,cpx_only,raw,42,13.32921099345755
cpx,TabPFN,P_kbar,cpx_only,raw,43,13.603755827173195
cpx,TabPFN,P_kbar,cpx_only,raw,44,13.380011471606736
cpx,TabPFN,P_kbar,cpx_only,raw,45,12.572094548226088
cpx,TabPFN,P_kbar,cpx_only,raw,46,14.185041893157509
cpx,TabPFN,P_kbar,cpx_only,raw,47,13.265267302406333
cpx,TabPFN,P_kbar,cpx_only,raw,48,14.162556058556694
cpx,TabPFN,P_kbar,cpx_only,raw,49,13.0895044220905
cpx,TabPFN,P_kbar,cpx_only,raw,50,13.18656831490885
cpx,TabPFN,P_kbar,cpx_only,raw,51,13.937729258497193
cpx,TabPFN,P_kbar,cpx_only,raw,52,13.315879686411993
cpx,TabPFN,P_kbar,cpx_only,raw,53,13.594702267394732
cpx,TabPFN,P_kbar,cpx_only,raw,54,13.570256598929838
cpx,TabPFN,P_kbar,cpx_only,raw,55,13.601293594274845
cpx,TabPFN,P_kbar,cpx_only,raw,56,12.88751875044006
cpx,TabPFN,P_kbar,cpx_only,raw,57,12.792632911139211
cpx,TabPFN,P_kbar,cpx_only,raw,58,13.628808276793253
cpx,TabPFN,P_kbar,cpx_only,raw,59,13.17188420127684
cpx,TabPFN,P_kbar,cpx_only,raw,60,13.379558166383417
cpx,TabPFN,P_kbar,cpx_only,raw,61,13.718251518899852
