target,model,model_type,rmse_train,rmse_test,mae_test,r2_test,cv_rmse_mean,cv_rmse_std,train_test_ratio,best_params,n_train_studies,n_test_studies,y_test,p_test
T_C,RF,opx_only,102.08968164155684,193.8072399825695,148.3851751356156,0.20217316580698053,156.0068018000045,13.976390130933472,0.5267588643785366,"{'n_estimators': 200, 'min_samples_split': 10, 'min_samples_leaf': 1, 'max_features': 'log2', 'max_depth': 10}",100,26,"[1850. 1830. 1775. 1750. 1775. 1750. 1750. 1750. 1750. 1340. 1524. 1350.
 1330. 1300. 1400. 1270. 1270. 1200. 1300. 1400. 1500. 1200. 1300. 1400.
 1500. 1200. 1300. 1400. 1500. 1500. 1550. 1290. 1270. 1450. 1360. 1450.
 1400. 1075. 1295. 1270. 1260. 1370. 1350. 1325. 1260. 1340. 1245. 1230.
 1215. 1200. 1185. 1115. 1100. 1345. 1330. 1315. 1260. 1255. 1245. 1230.
 1370. 1355. 1290. 1275. 1200. 1200. 1170. 1200. 1185. 1260. 1260. 1650.
 1620. 1600. 1500. 1400. 1400. 1500. 1500. 1400. 1550. 1550. 1500. 1500.
 1400. 1400. 1500. 1500. 1330. 1250. 1280. 1330. 1250. 1300. 1360. 1335.
 1400. 1400. 1410. 1340. 1360. 1380. 1400. 1420. 1220. 1260. 1300. 1280.
 1290. 1300. 1320. 1275.  850.  876.  876.  876.  876.  876.  902.  900.
  900.  903.  903.  903.  903.  903.  902.  902.  902.  930.  930.  930.
  930.  950.  950.  951.  951.  951. 1003.  925.  925. 1350. 1350. 1110.
 1085. 1200. 1175. 1150. 1125. 1200. 1175. 1150. 1125. 1175. 1150. 1125.
 1175. 1150. 1125. 1125. 1150. 1125.  950.  950.  950.  950.  950.  950.
  950.  950.  950.  950. 1000. 1000. 1000. 1000. 1000. 1000. 1000. 1269.
 1291. 1289. 1318. 1319. 1348. 1336. 1315. 1325. 1336. 1390. 1360. 1300.
 1285. 1270. 1255. 1270. 1390. 1390. 1360. 1330. 1300. 1270. 1300. 1270.
 1245. 1078. 1180. 1150. 1120. 1090. 1270. 1445. 1440. 1440. 1440. 1430.
 1435. 1430. 1450. 1450. 1465. 1465. 1465. 1465. 1465. 1470. 1470. 1470.
 1275. 1400. 1450. 1250. 1350. 1375. 1375. 1600. 1150. 1300. 1300. 1290.
 1075.  990.  950. 1100. 1050. 1000.  980.  950.  930. 1100. 1065. 1035.
 1016.  975.  975.  909.  925. 1100. 1071. 1050. 1000.  950.  942. 1115.
 1050. 1000.  950. 1000.  950. 1050. 1000.  950.  949. 1000. 1016.  945.
  995. 1000.]","[1238.30223046 1161.17755648 1195.32231695 1139.68389045 1171.13329285
 1141.82811177 1152.68434117 1178.20436952 1241.64968786 1338.18272022
 1347.72936431 1369.49931739 1351.47514572 1343.12511651 1349.08342951
 1322.19145585 1319.41256195 1175.70884508 1185.80658246 1162.99199598
 1132.93281424 1242.02786997 1351.38564762 1266.42796223 1154.75637297
 1459.48183126 1418.25500245 1454.96073458 1256.20504467 1256.20504467
 1177.95037358 1189.14515506 1188.99006201 1180.52673645 1200.51863677
 1218.26625454 1239.85336432 1159.39673983 1444.54986999 1445.441866
 1452.82453364 1464.51283845 1460.21779566 1354.47317996 1428.17922598
 1406.5575128  1344.12336372 1299.30605029 1338.28538155 1300.60182914
 1213.95772247 1305.7045758  1203.19480105 1419.70608898 1379.8311414
 1350.56019692 1368.11685067 1349.3266237  1335.60949657 1344.80752353
 1400.84074902 1376.94715908 1340.76612516 1307.41557161 1253.66866793
 1244.93350937 1199.88311965 1286.40722085 1296.22052059 1343.68318908
 1346.5780987  1275.61638516 1436.29778751 1261.33889383 1200.41136558
 1245.04114727 1232.03806651 1319.36435425 1405.61085207 1244.27868916
 1204.57309025 1195.0906185  1209.87276558 1208.52297046 1242.19364968
 1233.85705036 1229.02120927 1198.54589295 1464.68077697 1465.31110932
 1231.79694613 1323.80884112 1248.25267296 1284.92937885 1293.42920606
 1344.33088188 1341.25330601 1360.23027903 1312.9830123  1337.61333328
 1329.53630035 1341.37472555 1330.52564635 1300.0314289  1282.11410875
 1303.18310763 1244.42014735 1299.6121182  1274.9686739  1329.94012361
 1274.48992215 1264.43638531 1164.61513433 1106.94995566  987.32696891
 1091.45660112  983.27775444 1087.95828896  971.00786686 1001.62275571
  965.94052894 1050.96066    1096.52967619 1029.93932205 1014.24493649
  959.71677881  967.28998126  951.44823613 1088.85825758 1206.60315091
 1123.37764942 1121.32385596  970.32410993 1106.16343339 1018.20360679
 1020.37603333  962.22382756  941.45273473 1108.6685171   983.66456015
  989.92863222 1469.69596555 1425.57449618 1111.88110896 1143.80931317
 1002.76102129  999.41358398 1028.60471934 1002.13497913 1113.69774038
 1079.99470649 1092.92668062 1002.69577155 1010.45161496 1053.55402368
 1165.2943452  1067.27289472 1013.46183201 1025.17272242 1165.66924774
 1160.07378028 1177.64706485 1195.88896704 1216.8855385  1395.23732623
 1277.85157758 1190.25396635 1287.2460619  1194.52103281 1410.544092
 1212.82426023 1200.46764824 1211.47826175 1244.08857586 1200.63612778
 1221.9664813  1159.58810167 1166.80646178 1193.83942599 1439.84860605
 1438.21368408 1449.99108585 1458.10858055 1443.83667423 1456.47108618
 1444.74124745 1495.55119377 1478.45261622 1459.19828862 1408.5690672
 1413.10685952 1351.67134897 1492.48041662 1348.62390171 1209.22008337
 1197.49144148 1220.12283125 1302.67196674 1401.74654889 1384.4926884
 1382.54562932 1250.83588997 1412.34348653 1418.13357723 1381.31634382
 1034.12270496 1339.54550843 1293.17864587 1304.26404429 1247.38751584
 1259.69701325 1346.12229611 1343.61706286 1404.60919427 1403.95276157
 1286.83800754 1323.69040214 1301.14110493 1319.02999438 1293.27931837
 1529.31954901 1458.29490661 1431.81663876 1538.13242605 1433.7732486
 1428.66688603 1448.82144439 1466.09490434 1302.1969827  1288.43554816
 1282.68681404 1251.2856103  1390.19404201 1377.82367098 1364.13507698
 1151.4204956  1221.48993802 1499.15585983 1431.84119687 1206.44412133
 1203.19791448 1258.31402544 1146.92629873 1213.94844781 1180.49912467
 1262.51489148 1249.56659451 1192.09258929 1287.42641013 1183.21885981
 1164.95883462 1215.7205071  1348.45695934 1261.69314875 1161.57508592
 1185.04535248 1134.23794757 1249.55273972 1224.58762155 1196.89787617
 1187.00487783 1226.26381184 1175.6765924  1212.9631351  1221.70878251
 1141.11323086 1211.07326593 1301.74984934 1151.43151145 1190.87822147
 1150.84680709 1195.86383247 1057.17341865 1095.36980476 1122.40601172
 1149.11856592 1202.91296124 1231.09723205]"
T_C,ERT,opx_only,124.9599980594249,186.7248590379902,142.46036411423503,0.259418385333829,156.98886057468115,13.271192033505152,0.669219935166753,"{'n_estimators': 200, 'min_samples_split': 10, 'min_samples_leaf': 1, 'max_features': 'log2', 'max_depth': 10}",100,26,"[1850. 1830. 1775. 1750. 1775. 1750. 1750. 1750. 1750. 1340. 1524. 1350.
 1330. 1300. 1400. 1270. 1270. 1200. 1300. 1400. 1500. 1200. 1300. 1400.
 1500. 1200. 1300. 1400. 1500. 1500. 1550. 1290. 1270. 1450. 1360. 1450.
 1400. 1075. 1295. 1270. 1260. 1370. 1350. 1325. 1260. 1340. 1245. 1230.
 1215. 1200. 1185. 1115. 1100. 1345. 1330. 1315. 1260. 1255. 1245. 1230.
 1370. 1355. 1290. 1275. 1200. 1200. 1170. 1200. 1185. 1260. 1260. 1650.
 1620. 1600. 1500. 1400. 1400. 1500. 1500. 1400. 1550. 1550. 1500. 1500.
 1400. 1400. 1500. 1500. 1330. 1250. 1280. 1330. 1250. 1300. 1360. 1335.
 1400. 1400. 1410. 1340. 1360. 1380. 1400. 1420. 1220. 1260. 1300. 1280.
 1290. 1300. 1320. 1275.  850.  876.  876.  876.  876.  876.  902.  900.
  900.  903.  903.  903.  903.  903.  902.  902.  902.  930.  930.  930.
  930.  950.  950.  951.  951.  951. 1003.  925.  925. 1350. 1350. 1110.
 1085. 1200. 1175. 1150. 1125. 1200. 1175. 1150. 1125. 1175. 1150. 1125.
 1175. 1150. 1125. 1125. 1150. 1125.  950.  950.  950.  950.  950.  950.
  950.  950.  950.  950. 1000. 1000. 1000. 1000. 1000. 1000. 1000. 1269.
 1291. 1289. 1318. 1319. 1348. 1336. 1315. 1325. 1336. 1390. 1360. 1300.
 1285. 1270. 1255. 1270. 1390. 1390. 1360. 1330. 1300. 1270. 1300. 1270.
 1245. 1078. 1180. 1150. 1120. 1090. 1270. 1445. 1440. 1440. 1440. 1430.
 1435. 1430. 1450. 1450. 1465. 1465. 1465. 1465. 1465. 1470. 1470. 1470.
 1275. 1400. 1450. 1250. 1350. 1375. 1375. 1600. 1150. 1300. 1300. 1290.
 1075.  990.  950. 1100. 1050. 1000.  980.  950.  930. 1100. 1065. 1035.
 1016.  975.  975.  909.  925. 1100. 1071. 1050. 1000.  950.  942. 1115.
 1050. 1000.  950. 1000.  950. 1050. 1000.  950.  949. 1000. 1016.  945.
  995. 1000.]","[1236.04433111 1180.3926091  1199.73669325 1151.75266014 1187.06211132
 1165.14600943 1183.54665082 1192.05207806 1211.85963411 1331.5019464
 1340.77071312 1338.2847107  1341.92450333 1334.96957871 1338.69426961
 1329.2236683  1336.49850573 1201.55245256 1177.56071603 1159.67244068
 1149.03082051 1285.48921066 1284.14593592 1263.90569068 1195.33438226
 1398.83794397 1370.42662732 1396.56331813 1294.8586595  1294.8586595
 1185.38369144 1199.51763194 1202.60183434 1179.23691471 1223.9466253
 1239.10055487 1241.51965604 1169.66848495 1394.11286799 1410.46595337
 1406.67222809 1413.93316715 1424.41414555 1358.21043762 1409.57988544
 1392.72702243 1355.92160693 1318.62425347 1335.31280775 1298.44292283
 1252.01916178 1310.62723021 1227.03129867 1402.21034808 1373.65617794
 1366.43145162 1341.87889614 1330.56212188 1334.98386161 1342.93517785
 1390.70736928 1383.00650377 1341.19040876 1309.54194635 1228.7001954
 1235.1077584  1240.44216625 1275.59445354 1292.13149273 1343.97562532
 1328.60635823 1283.06145347 1388.98825713 1248.42991529 1235.54522909
 1259.04690082 1238.00336744 1338.95379028 1351.92710382 1263.88061517
 1221.92421257 1225.05322048 1231.79875199 1217.12440602 1242.74202237
 1236.84221575 1226.62358521 1204.33620363 1435.66905309 1415.93180017
 1262.39122579 1306.52813179 1236.98884077 1313.31241132 1300.09632446
 1344.88789258 1336.40078977 1345.89817839 1312.75031026 1331.66441172
 1346.99093523 1346.00158805 1340.48781435 1323.00308753 1300.27754499
 1296.97931218 1280.29627052 1298.94951816 1284.58283733 1306.60966794
 1287.19025631 1249.38268431 1109.19102012 1082.7948608  1004.65846425
 1081.03012497 1025.27312163 1069.95966002  962.82620061 1037.4310402
 1003.70626205 1053.16844788 1121.33146732 1013.98863694 1054.8920976
  979.80455966 1007.4659199   983.6043     1034.20916551 1200.04044973
 1108.86307492 1087.24029881 1015.54248436 1125.19069993 1042.66395245
 1032.38339418 1015.74573     977.25077641 1157.24658328  995.66218738
 1004.74532584 1431.65220788 1388.17597357 1089.66569128 1113.33757249
 1042.8160623  1034.90699528 1041.98342436 1045.47716004 1105.90976404
 1085.30785001 1090.71554932 1036.48000475 1031.22488577 1063.39254503
 1123.57332721 1079.66934298 1056.33377707 1051.07074882 1181.26907425
 1184.67457868 1190.83822811 1198.51503138 1242.83491527 1363.82263892
 1283.32228174 1152.74813363 1284.16932022 1203.61294757 1346.92286943
 1219.53271669 1203.6325385  1216.42148576 1206.22912657 1201.71068403
 1236.88895403 1203.96250107 1219.67383521 1184.59813578 1377.56672839
 1432.03798229 1438.22701401 1413.34737527 1431.52997446 1408.86456646
 1400.73713988 1452.95935315 1436.82004358 1443.82495043 1373.86383256
 1381.17000554 1329.93198051 1434.49556946 1325.02918844 1254.38865977
 1239.01679321 1219.94264392 1295.55821919 1385.53304485 1342.7853312
 1360.70872204 1286.39009467 1374.43616864 1382.09543395 1349.61420137
  991.19119726 1337.38702024 1275.60775674 1280.3014531  1225.23150682
 1314.47540078 1342.36756873 1324.84338834 1358.49191085 1384.05820175
 1297.69863043 1318.85301346 1320.86968326 1309.70748058 1315.51245554
 1428.6262468  1396.78160205 1402.37707405 1419.89745702 1384.50769333
 1412.90383893 1425.49161986 1428.67033481 1317.33142682 1329.11565307
 1282.79249232 1260.84766322 1363.71544536 1368.80831241 1335.45238088
 1244.67240177 1249.12777075 1430.60079    1351.19690948 1262.56675338
 1203.26068627 1252.4869344  1180.57454624 1210.26721654 1188.205885
 1286.29263865 1242.97852561 1200.21097992 1259.98746101 1186.99353681
 1192.22251631 1209.62873026 1295.10120048 1257.27484012 1180.43988418
 1197.6748677  1148.71330008 1243.24405394 1221.39594179 1198.39699641
 1199.50976131 1227.30482387 1180.24874909 1221.73108948 1240.58800745
 1174.77858473 1200.58746039 1250.47545863 1175.01348726 1202.17678909
 1177.90350876 1205.17693541 1033.11244936 1092.75009177 1136.69510795
 1136.41586823 1191.92393301 1258.46038241]"
T_C,XGB,opx_only,92.88118255526949,194.46501457685025,149.52108523142422,0.1967483862011895,157.38653733868222,13.064264832356944,0.47762412564221907,"{'subsample': 0.8, 'reg_lambda': 2, 'reg_alpha': 0.1, 'n_estimators': 200, 'max_depth': 8, 'learning_rate': 0.01, 'colsample_bytree': 0.8}",100,26,"[1850. 1830. 1775. 1750. 1775. 1750. 1750. 1750. 1750. 1340. 1524. 1350.
 1330. 1300. 1400. 1270. 1270. 1200. 1300. 1400. 1500. 1200. 1300. 1400.
 1500. 1200. 1300. 1400. 1500. 1500. 1550. 1290. 1270. 1450. 1360. 1450.
 1400. 1075. 1295. 1270. 1260. 1370. 1350. 1325. 1260. 1340. 1245. 1230.
 1215. 1200. 1185. 1115. 1100. 1345. 1330. 1315. 1260. 1255. 1245. 1230.
 1370. 1355. 1290. 1275. 1200. 1200. 1170. 1200. 1185. 1260. 1260. 1650.
 1620. 1600. 1500. 1400. 1400. 1500. 1500. 1400. 1550. 1550. 1500. 1500.
 1400. 1400. 1500. 1500. 1330. 1250. 1280. 1330. 1250. 1300. 1360. 1335.
 1400. 1400. 1410. 1340. 1360. 1380. 1400. 1420. 1220. 1260. 1300. 1280.
 1290. 1300. 1320. 1275.  850.  876.  876.  876.  876.  876.  902.  900.
  900.  903.  903.  903.  903.  903.  902.  902.  902.  930.  930.  930.
  930.  950.  950.  951.  951.  951. 1003.  925.  925. 1350. 1350. 1110.
 1085. 1200. 1175. 1150. 1125. 1200. 1175. 1150. 1125. 1175. 1150. 1125.
 1175. 1150. 1125. 1125. 1150. 1125.  950.  950.  950.  950.  950.  950.
  950.  950.  950.  950. 1000. 1000. 1000. 1000. 1000. 1000. 1000. 1269.
 1291. 1289. 1318. 1319. 1348. 1336. 1315. 1325. 1336. 1390. 1360. 1300.
 1285. 1270. 1255. 1270. 1390. 1390. 1360. 1330. 1300. 1270. 1300. 1270.
 1245. 1078. 1180. 1150. 1120. 1090. 1270. 1445. 1440. 1440. 1440. 1430.
 1435. 1430. 1450. 1450. 1465. 1465. 1465. 1465. 1465. 1470. 1470. 1470.
 1275. 1400. 1450. 1250. 1350. 1375. 1375. 1600. 1150. 1300. 1300. 1290.
 1075.  990.  950. 1100. 1050. 1000.  980.  950.  930. 1100. 1065. 1035.
 1016.  975.  975.  909.  925. 1100. 1071. 1050. 1000.  950.  942. 1115.
 1050. 1000.  950. 1000.  950. 1050. 1000.  950.  949. 1000. 1016.  945.
  995. 1000.]","[1249.5872  1188.0001  1204.5288  1117.1151  1160.0901  1126.8203
 1137.8923  1162.4742  1288.0571  1296.67    1340.4375  1320.0957
 1350.1967  1363.558   1361.441   1317.7859  1307.6415  1188.0166
 1199.3953  1178.4069  1108.4869  1259.0027  1329.2714  1266.7697
 1131.1022  1447.113   1420.9883  1445.1458  1269.8889  1269.8889
 1166.7546  1161.9164  1190.7688  1186.305   1200.3171  1223.5619
 1239.4551  1141.5747  1401.0499  1419.3359  1419.7118  1430.4161
 1418.958   1334.583   1392.6385  1379.4644  1341.8684  1308.8771
 1309.1274  1303.4281  1211.7833  1281.267   1176.8745  1387.7762
 1358.7043  1337.3632  1356.0044  1344.0898  1319.1895  1330.3818
 1384.1091  1360.2714  1333.3263  1303.5977  1274.939   1251.316
 1210.2355  1287.2194  1312.8413  1335.7622  1332.351   1276.5238
 1440.1633  1249.8303  1185.5635  1226.8883  1229.894   1277.6833
 1388.719   1264.3883  1191.0479  1192.1046  1190.8154  1202.9448
 1233.3335  1234.7424  1209.0312  1212.0623  1456.9185  1452.904
 1198.4767  1275.0315  1160.1439  1231.0505  1293.7587  1311.255
 1334.4834  1359.5902  1301.1459  1321.4977  1298.7004  1339.6385
 1341.4911  1306.2416  1305.2518  1296.5372  1252.905   1298.7867
 1273.3486  1321.8658  1293.4841  1273.1456  1242.1001  1182.6107
 1021.7104  1141.157   1034.4021  1106.5586   985.926   1036.3905
  997.40485 1083.3604  1134.7631  1106.7855  1027.838   1013.25354
  994.42395 1003.07086 1172.4113  1228.8788  1152.5452  1101.0087
 1017.28925 1113.6024  1058.5919  1038.4344   989.62933  984.8323
 1098.0145  1007.3236  1007.51117 1421.8257  1394.6559  1126.4915
 1206.7128  1049.5918  1078.6144  1048.3617  1018.04736 1121.2756
 1082.1984  1109.9408  1044.3157  1030.2045  1142.952   1212.0735
 1117.5427  1034.2883  1040.04    1144.4073  1142.6436  1171.9468
 1195.5404  1226.7322  1405.5995  1196.454   1213.9915  1196.0598
 1192.4218  1378.289   1176.995   1200.4769  1222.9558  1170.9539
 1180.7211  1198.9028  1095.9722  1135.752   1156.4224  1412.9658
 1414.4846  1432.5054  1459.1259  1456.4133  1448.742   1429.0734
 1458.2375  1436.3301  1433.6174  1331.27    1362.9183  1373.8909
 1487.2484  1373.9413  1156.752   1157.3608  1232.0004  1259.8812
 1390.9929  1380.4003  1384.256   1196.7102  1389.4852  1403.0181
 1387.1099  1116.1957  1328.4376  1291.9603  1301.2557  1250.2406
 1239.2964  1361.1016  1334.6075  1421.3315  1385.5369  1285.1091
 1323.6726  1314.991   1326.9431  1328.9417  1454.2701  1445.7197
 1399.7339  1472.4769  1419.9716  1409.3059  1421.345   1418.9822
 1288.5763  1273.1754  1290.7507  1290.9133  1402.35    1368.356
 1367.5676  1147.4352  1259.749   1483.6141  1422.9067  1176.5995
 1199.343   1260.3816  1132.836   1227.2775  1194.9447  1278.6748
 1244.5697  1194.0579  1259.9363  1199.5271  1176.5876  1226.1547
 1364.4072  1259.1672  1156.7511  1183.9292  1151.9221  1256.1108
 1225.9336  1183.526   1172.6056  1241.5632  1166.5398  1230.9583
 1208.5116  1137.2346  1203.7216  1326.5907  1159.0371  1186.139
 1142.3142  1179.8445  1092.354   1143.5612  1140.8481  1208.6051
 1183.9672  1246.5135 ]"
T_C,GB,opx_only,152.86169408341877,185.01216769915555,141.34153324771955,0.2729417129141838,166.22071587219384,14.258067720411852,0.8262250855413142,"{'subsample': 0.8, 'n_estimators': 200, 'min_samples_split': 2, 'min_samples_leaf': 4, 'max_depth': 3, 'learning_rate': 0.01}",100,26,"[1850. 1830. 1775. 1750. 1775. 1750. 1750. 1750. 1750. 1340. 1524. 1350.
 1330. 1300. 1400. 1270. 1270. 1200. 1300. 1400. 1500. 1200. 1300. 1400.
 1500. 1200. 1300. 1400. 1500. 1500. 1550. 1290. 1270. 1450. 1360. 1450.
 1400. 1075. 1295. 1270. 1260. 1370. 1350. 1325. 1260. 1340. 1245. 1230.
 1215. 1200. 1185. 1115. 1100. 1345. 1330. 1315. 1260. 1255. 1245. 1230.
 1370. 1355. 1290. 1275. 1200. 1200. 1170. 1200. 1185. 1260. 1260. 1650.
 1620. 1600. 1500. 1400. 1400. 1500. 1500. 1400. 1550. 1550. 1500. 1500.
 1400. 1400. 1500. 1500. 1330. 1250. 1280. 1330. 1250. 1300. 1360. 1335.
 1400. 1400. 1410. 1340. 1360. 1380. 1400. 1420. 1220. 1260. 1300. 1280.
 1290. 1300. 1320. 1275.  850.  876.  876.  876.  876.  876.  902.  900.
  900.  903.  903.  903.  903.  903.  902.  902.  902.  930.  930.  930.
  930.  950.  950.  951.  951.  951. 1003.  925.  925. 1350. 1350. 1110.
 1085. 1200. 1175. 1150. 1125. 1200. 1175. 1150. 1125. 1175. 1150. 1125.
 1175. 1150. 1125. 1125. 1150. 1125.  950.  950.  950.  950.  950.  950.
  950.  950.  950.  950. 1000. 1000. 1000. 1000. 1000. 1000. 1000. 1269.
 1291. 1289. 1318. 1319. 1348. 1336. 1315. 1325. 1336. 1390. 1360. 1300.
 1285. 1270. 1255. 1270. 1390. 1390. 1360. 1330. 1300. 1270. 1300. 1270.
 1245. 1078. 1180. 1150. 1120. 1090. 1270. 1445. 1440. 1440. 1440. 1430.
 1435. 1430. 1450. 1450. 1465. 1465. 1465. 1465. 1465. 1470. 1470. 1470.
 1275. 1400. 1450. 1250. 1350. 1375. 1375. 1600. 1150. 1300. 1300. 1290.
 1075.  990.  950. 1100. 1050. 1000.  980.  950.  930. 1100. 1065. 1035.
 1016.  975.  975.  909.  925. 1100. 1071. 1050. 1000.  950.  942. 1115.
 1050. 1000.  950. 1000.  950. 1050. 1000.  950.  949. 1000. 1016.  945.
  995. 1000.]","[1243.3125863  1193.90178631 1217.3381997  1207.9316913  1202.49797059
 1194.77943668 1194.77943668 1194.10992307 1226.62694974 1340.1762409
 1322.38407868 1322.2679312  1326.19922587 1338.23004932 1343.17484904
 1318.85306633 1332.00595954 1226.67962047 1265.75847284 1247.88854704
 1246.01223135 1280.29970789 1318.40766369 1282.10208046 1271.36191564
 1339.00830119 1333.0061018  1339.00830119 1285.32455443 1285.32455443
 1218.50845123 1212.82374061 1226.98830277 1210.0491896  1202.34672669
 1217.14884755 1218.08846134 1208.30361716 1363.57098143 1364.90919915
 1364.90919915 1370.17112721 1374.93811324 1341.79500949 1360.30762924
 1344.64462008 1324.77992214 1314.37172117 1327.10901994 1309.13090664
 1251.60106469 1268.27650964 1243.51329285 1345.16191335 1344.01248023
 1341.61203895 1317.51796002 1316.88582017 1312.84144446 1335.84748927
 1344.64462008 1344.01248023 1323.86697402 1299.92191401 1274.02739571
 1267.91926283 1248.07593467 1287.47475026 1316.47505968 1324.77992214
 1310.04385475 1277.18055743 1334.4068045  1224.98413503 1236.56744916
 1243.65554239 1230.51201829 1257.28113517 1320.26489944 1265.99007924
 1237.54486887 1214.71592715 1234.28577866 1224.96044644 1230.09917003
 1230.09917003 1244.88892728 1214.73505557 1338.41384531 1339.00830119
 1278.38203539 1277.92950638 1267.52760839 1286.72525713 1268.47731283
 1313.07519861 1335.14120908 1340.06269539 1318.15970248 1295.33156083
 1311.44385026 1297.63699888 1335.82751935 1307.94280912 1266.48797399
 1296.33894243 1280.89361978 1268.23491727 1260.40268216 1299.92191401
 1290.18856746 1240.10047498 1149.6383727  1108.31229796 1036.97716759
 1101.35794826 1088.55964089 1110.59960797  983.77167113 1060.40815609
 1036.19090924 1093.05936448 1133.5160109  1047.96087967 1060.92684382
 1022.15682576 1031.92584573 1016.37610788 1105.12824846 1215.78755209
 1134.5547609  1111.44742965 1052.61220048 1106.74164425 1089.08352131
 1043.78257929 1038.98764673 1035.55064824 1157.50924687 1056.36401454
 1034.16320552 1369.67618519 1363.43840901 1131.21426609 1134.14226359
 1060.74154385 1066.20561043 1089.08352131 1094.02521569 1128.99101856
 1099.5287534  1115.20091759 1085.81713546 1085.15501192 1097.61023924
 1144.85077811 1099.38374773 1089.93641826 1082.26323791 1213.54601567
 1215.16519486 1214.81749429 1218.80438384 1212.6420792  1327.59590411
 1265.00334739 1197.65345376 1308.61807845 1196.53312686 1322.05841984
 1254.97183437 1208.63877479 1220.5812026  1278.27583604 1228.80769224
 1234.10524703 1225.42775236 1194.61137428 1253.00379254 1369.08235217
 1388.82693631 1390.92949853 1388.50924124 1396.88315752 1390.03596051
 1390.03596051 1378.39354548 1374.93811324 1390.92949853 1351.43033109
 1355.79708078 1325.85667399 1371.43513035 1315.08193238 1232.78842307
 1228.73305142 1272.56158352 1282.80259084 1327.86984888 1326.35747312
 1330.68238091 1247.84938713 1350.04161475 1364.90919915 1345.47370836
 1056.36913025 1297.63699888 1283.71520138 1285.45299733 1243.45122137
 1292.99006263 1342.847878   1332.68890043 1362.80663693 1353.63350741
 1292.63174438 1327.28656695 1329.12465686 1323.32955296 1308.20870191
 1396.5641438  1374.64351135 1344.64462008 1398.48064522 1410.89310104
 1381.9797393  1382.31430354 1371.54634847 1312.61551532 1298.97318169
 1260.41173832 1281.67829463 1339.70670807 1322.25799248 1332.06041828
 1249.18137965 1293.4399042  1366.83539956 1348.41447416 1235.50180111
 1206.77844855 1225.1030382  1195.4128853  1222.17943261 1219.75476597
 1228.77027068 1205.32340761 1212.07551272 1253.84764122 1219.75476597
 1211.39912435 1224.89573415 1273.92731386 1228.91270217 1205.01514804
 1146.99741377 1192.34177407 1254.11902534 1225.52918277 1202.90544116
 1207.93247568 1216.66569318 1212.83824607 1200.58346902 1210.27582568
 1193.51849606 1212.28603936 1268.71831381 1214.75613995 1220.22226992
 1196.73789736 1160.45898946 1095.13935622 1121.34137599 1145.98634371
 1146.50348026 1170.33288073 1248.42255181]"
P_kbar,RF,opx_only,6.909012333434547,15.443823457371314,10.213146060083101,0.1675651390852626,10.107578048806783,0.18930428126313997,0.44736410983362324,"{'n_estimators': 200, 'min_samples_split': 2, 'min_samples_leaf': 4, 'max_features': 'log2', 'max_depth': 20}",100,26,"[5.00000000e+01 5.00000000e+01 5.00000000e+01 5.00000000e+01
 4.69999981e+01 4.69999981e+01 4.69999981e+01 4.69999981e+01
 5.00000000e+01 1.00000000e+01 9.99999975e-04 1.00000000e+01
 1.00000000e+01 9.99999975e-04 9.99999975e-04 1.00000000e+01
 1.00000000e+01 3.00000000e+01 3.00000000e+01 3.00000000e+01
 3.00000000e+01 4.00000000e+01 4.00000000e+01 4.00000000e+01
 4.00000000e+01 5.00000000e+01 5.00000000e+01 5.00000000e+01
 5.00000000e+01 5.00000000e+01 9.99999975e-04 8.00000012e+00
 1.00000000e+01 9.99999975e-04 1.00000000e+01 9.99999975e-04
 9.99999975e-04 1.00000001e+00 1.00000000e+01 1.00000000e+01
 1.00000000e+01 1.50000000e+01 1.50000000e+01 1.50000000e+01
 1.00000000e+01 1.50000000e+01 1.20000005e+01 1.20000005e+01
 1.20000005e+01 1.20000005e+01 1.20000005e+01 1.20000005e+01
 1.20000005e+01 1.20000005e+01 1.20000005e+01 1.20000005e+01
 1.60000002e+01 1.60000002e+01 1.60000002e+01 1.60000002e+01
 1.60000002e+01 1.60000002e+01 2.00000000e+01 2.00000000e+01
 1.20000005e+01 1.20000005e+01 1.20000005e+01 1.20000005e+01
 1.20000005e+01 1.60000002e+01 1.79999995e+01 5.50000000e+01
 5.50000000e+01 5.50000000e+01 5.50000000e+01 5.50000000e+01
 5.50000000e+01 5.00000000e+01 4.50000000e+01 4.50000000e+01
 5.50000000e+01 5.50000000e+01 5.50000000e+01 5.50000000e+01
 5.50000000e+01 5.50000000e+01 4.50000000e+01 4.50000000e+01
 5.50000000e+01 5.50000000e+01 4.50000000e+01 5.50000000e+01
 5.50000000e+01 5.00000000e+01 1.60000002e+01 1.50000000e+01
 1.60000002e+01 1.79999995e+01 1.79999995e+01 2.00000000e+01
 2.00000000e+01 2.00000000e+01 2.00000000e+01 2.00000000e+01
 1.39999998e+01 1.60000002e+01 1.70000005e+01 1.79999995e+01
 1.79999995e+01 2.00000000e+01 2.00000000e+01 2.29999995e+01
 2.02800006e+00 2.13000000e+00 2.13000000e+00 2.13000000e+00
 2.13000000e+00 2.13000000e+00 2.15000004e+00 1.97999999e+00
 1.97999999e+00 2.20500007e+00 2.20500007e+00 2.20500007e+00
 2.20500007e+00 2.20500007e+00 2.11199999e+00 2.11199999e+00
 2.11199999e+00 2.26500005e+00 2.26500005e+00 2.12599993e+00
 2.21000001e+00 2.11700007e+00 2.11700007e+00 2.12599993e+00
 2.12599993e+00 2.12599993e+00 2.10199997e+00 3.12500000e+00
 4.16000009e+00 1.50000000e+01 1.50000000e+01 9.99999975e-04
 9.99999975e-04 1.00000000e+01 1.00000000e+01 1.00000000e+01
 1.00000000e+01 1.00000000e+01 1.00000000e+01 1.00000000e+01
 1.00000000e+01 1.00000000e+01 1.00000000e+01 1.00000000e+01
 1.00000000e+01 1.00000000e+01 1.00000000e+01 9.99999975e-04
 9.99999975e-04 9.99999975e-04 4.00000006e+00 4.00000006e+00
 9.20000017e+00 9.20000017e+00 9.20000017e+00 9.20000017e+00
 9.20000017e+00 9.20000017e+00 9.20000017e+00 9.20000017e+00
 9.20000017e+00 9.20000017e+00 9.20000017e+00 9.20000017e+00
 9.20000017e+00 9.20000017e+00 9.20000017e+00 1.50000000e+01
 1.50000000e+01 1.50000000e+01 1.50000000e+01 1.50000000e+01
 1.50000000e+01 1.50000000e+01 1.50000000e+01 1.50000000e+01
 1.50000000e+01 1.00000000e+01 1.00000000e+01 1.00000000e+01
 1.00000000e+01 1.00000000e+01 1.00000000e+01 1.00000000e+01
 1.00000000e+01 1.00000000e+01 1.00000000e+01 1.00000000e+01
 1.00000000e+01 1.00000000e+01 1.00000000e+01 1.00000000e+01
 1.00000000e+01 5.00000000e+00 1.00000000e+01 1.00000000e+01
 1.00000000e+01 1.00000000e+01 1.00000000e+01 3.00000000e+01
 3.00000000e+01 3.00000000e+01 3.00000000e+01 3.00000000e+01
 3.00000000e+01 3.00000000e+01 3.00000000e+01 3.00000000e+01
 3.00000000e+01 3.00000000e+01 3.00000000e+01 3.00000000e+01
 3.00000000e+01 3.00000000e+01 3.00000000e+01 3.00000000e+01
 1.00000000e+01 2.00000000e+01 2.00000000e+01 1.00000000e+01
 1.00000000e+01 1.00000000e+01 1.00000000e+01 1.00000000e+02
 1.10000000e+01 1.00000000e+01 1.00000000e+01 1.00000000e+01
 3.01400006e+00 2.91999996e+00 2.96600014e+00 2.00000003e+00
 2.02099994e+00 2.10299999e+00 2.00000003e+00 1.93800002e+00
 2.28000000e+00 1.50000006e+00 1.59299999e+00 1.55200005e+00
 1.49700001e+00 1.71000004e+00 1.50999993e+00 1.41000003e+00
 1.32400006e+00 1.00000001e+00 9.79999974e-01 1.24100000e+00
 1.09800003e+00 1.06899999e+00 1.00000001e+00 5.90000004e-01
 5.24000004e-01 5.48000000e-01 5.93000017e-01 2.11700007e+00
 2.09000006e+00 9.38000008e-01 1.17200002e+00 1.00699998e+00
 3.98799986e+00 4.26999986e+00 3.94899994e+00 4.00200009e+00
 4.04799998e+00 4.05999988e+00]","[ 4.51238078  5.55913545  7.70831562  1.32093495  8.36919513  6.36490658
  6.41196108  2.8614299  20.93373591 11.51784227 12.47651871 11.56633838
 12.25688665 10.54568585 11.71675823 15.16477752 14.35847825 20.97110436
 21.27705866 20.25079037 20.24773596 22.55483243 24.74850267 27.64634331
 23.22887681 23.49836162 25.85357133 24.217884   21.94207325 21.94207325
  9.83194618  9.5722501  11.8420896   2.59012106  1.86707149  1.37799138
  5.80428587  7.17879715 24.07718622 22.69217773 22.75172924 23.17938225
 21.37024091 15.00370326 23.53886527 21.00190333 18.20037308 16.42057318
 16.01118966 16.28618192 16.17459967 14.6669974  15.45582099 22.8068129
 16.23774555 15.22938466 18.64828116 18.4161142  16.40366754 19.23308884
 19.99936033 16.66464654 17.53873764 18.80771792 13.34932111 13.96928955
 16.50831277 13.63699667 16.16449463 17.37756703 17.30121793 14.7264216
 18.46676416 14.64251989 22.33436844 31.83118127 14.74420505 26.65671327
 26.80244405 14.91807731 28.90407435 17.90537259 21.56988058 21.18881969
 15.16696477 15.92177703 20.80358736 13.78151827 21.34580238 15.34493908
 22.3553621  18.77472595 19.4427671  24.58567732 14.236585   15.21728323
 17.18148972 16.03414796 15.97121199 15.51330484 15.987999   16.07493195
 16.87588084 15.51166275 10.76474508 15.65731882 18.54610701 15.20426533
 13.97296005 17.43101322 21.17273211 13.23704369  8.06220498  5.54201204
  5.25941816  4.00537638  6.43526312  6.46317373  4.32310302  7.64887887
  5.79177361  8.18976486  7.59030701  7.27197246  6.8521334   5.13790545
  7.98009688  5.2270814   7.03158703 11.7684847   7.16544533  5.0904296
  6.81222942  8.45538679  7.30090061  5.41372541  5.77188398  6.44711489
  7.99950976  8.48433763  9.56665827 22.8516968  21.17910335  5.83892872
  7.09363981  4.39171748  3.97054114  7.1423912   6.14832583  5.18113596
  3.53695307  3.76147424  3.8361757   6.5560018   7.15611113  5.25566755
  7.93964436  7.40050971  7.63695822  4.00583621  9.03698126  7.14446444
  8.21005759 13.05585156 24.56672181 24.58020137 11.59798237 22.86408223
  4.58216274 26.45532045 17.7014882   7.81435491 10.99303798 24.37299216
 14.85405963 17.42752701 21.70384094 17.31356698 19.50250922 22.54673425
 23.9689136  25.26436093 26.45213626 26.45078198 26.26168319 26.62916029
 25.48867039 23.70007356 25.60322834 21.48824119 17.43834747 14.71800214
 28.4694081  12.49435665 21.29067034 19.4287582  23.3134886  28.40274476
 19.49018264 17.86337606 20.14073102 24.71394936 19.1654466  18.43187309
 14.65626333  5.04051439 15.63178036 13.40306959 14.0931316  13.28250991
 10.1419486  14.03652863 13.19342541 15.77739522 19.85785255 11.37210121
 12.50936758 12.31905587 11.88339088 15.02498139 29.32734849 21.75339351
 22.76474685 32.70950885 27.50398919 24.5385072  24.57338134 24.58650403
 12.11264826 15.09264145 10.16822474 18.39694261 16.10971223 13.86481454
 14.30151095 11.18906264 19.01510653 25.22862159 25.57575569 12.77301712
  6.62344736  9.5002986   7.68923255  3.38232288  3.94842299  3.28278594
  5.20767353  2.78824304  6.52076943  4.46573241  5.5375072   5.1773208
  9.18341784  8.13352942  2.64060344  7.70803772  8.2745312  11.0093471
  6.0329173   4.90266954  7.34059672  4.77243159  1.84904724  3.77169516
  3.38504667  5.23308657  9.52675022  6.17225306  2.22942895  3.09608912
  5.02200446  3.51107925  8.93478343  9.94057339 10.44854765 10.77754453
 12.08057204 14.0226816 ]"
P_kbar,ERT,opx_only,8.247497805265892,15.703194206345716,10.405657829482095,0.13936975157344667,10.133885116248292,0.26377964957229205,0.5252114758876923,"{'n_estimators': 800, 'min_samples_split': 5, 'min_samples_leaf': 4, 'max_features': 'log2', 'max_depth': None}",100,26,"[5.00000000e+01 5.00000000e+01 5.00000000e+01 5.00000000e+01
 4.69999981e+01 4.69999981e+01 4.69999981e+01 4.69999981e+01
 5.00000000e+01 1.00000000e+01 9.99999975e-04 1.00000000e+01
 1.00000000e+01 9.99999975e-04 9.99999975e-04 1.00000000e+01
 1.00000000e+01 3.00000000e+01 3.00000000e+01 3.00000000e+01
 3.00000000e+01 4.00000000e+01 4.00000000e+01 4.00000000e+01
 4.00000000e+01 5.00000000e+01 5.00000000e+01 5.00000000e+01
 5.00000000e+01 5.00000000e+01 9.99999975e-04 8.00000012e+00
 1.00000000e+01 9.99999975e-04 1.00000000e+01 9.99999975e-04
 9.99999975e-04 1.00000001e+00 1.00000000e+01 1.00000000e+01
 1.00000000e+01 1.50000000e+01 1.50000000e+01 1.50000000e+01
 1.00000000e+01 1.50000000e+01 1.20000005e+01 1.20000005e+01
 1.20000005e+01 1.20000005e+01 1.20000005e+01 1.20000005e+01
 1.20000005e+01 1.20000005e+01 1.20000005e+01 1.20000005e+01
 1.60000002e+01 1.60000002e+01 1.60000002e+01 1.60000002e+01
 1.60000002e+01 1.60000002e+01 2.00000000e+01 2.00000000e+01
 1.20000005e+01 1.20000005e+01 1.20000005e+01 1.20000005e+01
 1.20000005e+01 1.60000002e+01 1.79999995e+01 5.50000000e+01
 5.50000000e+01 5.50000000e+01 5.50000000e+01 5.50000000e+01
 5.50000000e+01 5.00000000e+01 4.50000000e+01 4.50000000e+01
 5.50000000e+01 5.50000000e+01 5.50000000e+01 5.50000000e+01
 5.50000000e+01 5.50000000e+01 4.50000000e+01 4.50000000e+01
 5.50000000e+01 5.50000000e+01 4.50000000e+01 5.50000000e+01
 5.50000000e+01 5.00000000e+01 1.60000002e+01 1.50000000e+01
 1.60000002e+01 1.79999995e+01 1.79999995e+01 2.00000000e+01
 2.00000000e+01 2.00000000e+01 2.00000000e+01 2.00000000e+01
 1.39999998e+01 1.60000002e+01 1.70000005e+01 1.79999995e+01
 1.79999995e+01 2.00000000e+01 2.00000000e+01 2.29999995e+01
 2.02800006e+00 2.13000000e+00 2.13000000e+00 2.13000000e+00
 2.13000000e+00 2.13000000e+00 2.15000004e+00 1.97999999e+00
 1.97999999e+00 2.20500007e+00 2.20500007e+00 2.20500007e+00
 2.20500007e+00 2.20500007e+00 2.11199999e+00 2.11199999e+00
 2.11199999e+00 2.26500005e+00 2.26500005e+00 2.12599993e+00
 2.21000001e+00 2.11700007e+00 2.11700007e+00 2.12599993e+00
 2.12599993e+00 2.12599993e+00 2.10199997e+00 3.12500000e+00
 4.16000009e+00 1.50000000e+01 1.50000000e+01 9.99999975e-04
 9.99999975e-04 1.00000000e+01 1.00000000e+01 1.00000000e+01
 1.00000000e+01 1.00000000e+01 1.00000000e+01 1.00000000e+01
 1.00000000e+01 1.00000000e+01 1.00000000e+01 1.00000000e+01
 1.00000000e+01 1.00000000e+01 1.00000000e+01 9.99999975e-04
 9.99999975e-04 9.99999975e-04 4.00000006e+00 4.00000006e+00
 9.20000017e+00 9.20000017e+00 9.20000017e+00 9.20000017e+00
 9.20000017e+00 9.20000017e+00 9.20000017e+00 9.20000017e+00
 9.20000017e+00 9.20000017e+00 9.20000017e+00 9.20000017e+00
 9.20000017e+00 9.20000017e+00 9.20000017e+00 1.50000000e+01
 1.50000000e+01 1.50000000e+01 1.50000000e+01 1.50000000e+01
 1.50000000e+01 1.50000000e+01 1.50000000e+01 1.50000000e+01
 1.50000000e+01 1.00000000e+01 1.00000000e+01 1.00000000e+01
 1.00000000e+01 1.00000000e+01 1.00000000e+01 1.00000000e+01
 1.00000000e+01 1.00000000e+01 1.00000000e+01 1.00000000e+01
 1.00000000e+01 1.00000000e+01 1.00000000e+01 1.00000000e+01
 1.00000000e+01 5.00000000e+00 1.00000000e+01 1.00000000e+01
 1.00000000e+01 1.00000000e+01 1.00000000e+01 3.00000000e+01
 3.00000000e+01 3.00000000e+01 3.00000000e+01 3.00000000e+01
 3.00000000e+01 3.00000000e+01 3.00000000e+01 3.00000000e+01
 3.00000000e+01 3.00000000e+01 3.00000000e+01 3.00000000e+01
 3.00000000e+01 3.00000000e+01 3.00000000e+01 3.00000000e+01
 1.00000000e+01 2.00000000e+01 2.00000000e+01 1.00000000e+01
 1.00000000e+01 1.00000000e+01 1.00000000e+01 1.00000000e+02
 1.10000000e+01 1.00000000e+01 1.00000000e+01 1.00000000e+01
 3.01400006e+00 2.91999996e+00 2.96600014e+00 2.00000003e+00
 2.02099994e+00 2.10299999e+00 2.00000003e+00 1.93800002e+00
 2.28000000e+00 1.50000006e+00 1.59299999e+00 1.55200005e+00
 1.49700001e+00 1.71000004e+00 1.50999993e+00 1.41000003e+00
 1.32400006e+00 1.00000001e+00 9.79999974e-01 1.24100000e+00
 1.09800003e+00 1.06899999e+00 1.00000001e+00 5.90000004e-01
 5.24000004e-01 5.48000000e-01 5.93000017e-01 2.11700007e+00
 2.09000006e+00 9.38000008e-01 1.17200002e+00 1.00699998e+00
 3.98799986e+00 4.26999986e+00 3.94899994e+00 4.00200009e+00
 4.04799998e+00 4.05999988e+00]","[ 6.74390504  7.14241549  9.5787845   3.89013168  9.66266443  7.62385482
  8.96557571  5.04843964 22.65359313 15.21494026 13.4010024  12.71572515
 12.71111077 12.67993878 13.27477973 15.41955235 15.16665156 19.77968571
 19.48182302 19.34308646 19.15193386 19.38926639 19.90774919 21.57315583
 20.33975978 16.71764623 18.92553609 16.4165695  17.85158511 17.85158511
  7.67244005  7.85615355 10.53696852  4.53979846  4.29945027  3.61953027
  5.24275945  6.93008869 20.52070945 20.68756535 20.8666315  20.95956782
 20.7133822  16.31686854 20.99821954 19.70704528 18.45817249 16.67277205
 16.64490421 15.99364882 16.51102642 15.53284658 16.38919135 21.08825331
 18.40499496 17.11243628 18.02497363 18.21122943 17.46561557 19.15724793
 20.168816   18.57445853 17.70884087 16.16099099 13.63205378 14.48080331
 16.0645079  13.7477526  16.92759755 18.15861012 16.77804009 14.88333146
 17.86424127 14.91229964 21.44443059 23.42739502 14.57417758 22.4009562
 23.54765803 15.33380031 21.53941035 18.89161734 19.31711914 18.43573254
 12.42871361 12.94315155 19.39550511 12.76051992 19.72701343 14.80534641
 21.27190646 16.53204167 16.8018153  21.77546095 14.096472   16.07198612
 17.01716844 15.96077313 15.83793348 15.58772482 16.99101692 17.52532058
 16.6230631  15.91938055 12.57638646 14.87377488 15.9671779  14.58802606
 13.69000184 15.99483417 17.41681132 12.46258089  8.27775754  5.37950959
  5.07316111  4.990034    5.5997516   5.38546359  4.21457717  6.51489481
  5.46009957  7.48592496  7.06455543  5.94957945  6.17244025  4.81072425
  6.88488439  6.25915444  6.81227006 12.20880139  7.13528177  5.02888024
  6.31855627  8.70576482  6.07522438  5.72504709  5.2555853   6.34802439
  8.21719397  7.50300457  8.90854445 21.28091158 19.13940491  4.97906364
  6.57522289  3.98371647  3.75413706  5.91549322  5.60165031  5.68315934
  5.0982971   5.36706436  4.60853509  6.05636487  6.34837792  6.24904677
  6.94267621  6.70609902  7.1703018   5.08278051  7.77754457  7.97060639
  8.36087001 13.27939871 21.40226924 22.16304756 11.79170147 21.70144662
  6.58431202 24.91190161 16.78940625  8.28115152 12.32762483 21.28219376
 16.65331716 16.16206103 21.96714658 15.56972973 18.50087751 19.27158431
 21.36433043 22.50118157 21.8047752  22.29774672 22.07154478 21.7885718
 22.20587276 21.17537133 22.0120961  20.92797232 17.68725418 14.24264557
 25.31813011 15.27035863 18.85045505 19.13129101 22.54813832 23.76185863
 20.23385069 16.57472322 19.29365049 21.43354667 15.67348419 17.66880105
 14.31934361  5.78846605 16.02410191 13.49825773 14.35243556 13.40806332
 11.86433637 15.88359581 13.99618842 17.77805201 19.79336652 12.82371639
 13.18001156 14.4005348  13.77474122 15.46166684 24.63342288 18.30554725
 19.90045659 24.9773005  22.4443478  21.41767232 21.48864466 21.47309824
 14.30463224 15.55719381 10.89887203 17.64733355 14.27647993 15.41467925
 13.53072576 10.82543999 15.35658415 24.27468903 20.43910808 13.23473859
  6.08356645  6.21908852 12.21377954  4.96063053  6.52856531  5.86640953
  6.10921818  5.98801593 10.34292894  7.19921974  7.83004633  4.37105159
  6.93260764  7.09223163  7.24733952  7.27520826 10.85525996  9.22798741
  5.80824802  6.23723446  7.8835882   5.84320563  4.00854623  5.46602669
  5.12477735  6.27463537  8.19641007  5.38406203  3.94799336  4.47978834
 10.0979818   4.79376417  8.27211655 10.48483827  9.65854537 10.07249827
 11.95227823 13.93983034]"
P_kbar,XGB,opx_only,5.562074404910411,15.486494315533172,10.162760920428777,0.16295879515132672,10.332617562910235,0.14579503767312216,0.3591564553981447,"{'subsample': 0.8, 'reg_lambda': 2, 'reg_alpha': 0.1, 'n_estimators': 200, 'max_depth': 8, 'learning_rate': 0.01, 'colsample_bytree': 0.8}",100,26,"[5.00000000e+01 5.00000000e+01 5.00000000e+01 5.00000000e+01
 4.69999981e+01 4.69999981e+01 4.69999981e+01 4.69999981e+01
 5.00000000e+01 1.00000000e+01 9.99999975e-04 1.00000000e+01
 1.00000000e+01 9.99999975e-04 9.99999975e-04 1.00000000e+01
 1.00000000e+01 3.00000000e+01 3.00000000e+01 3.00000000e+01
 3.00000000e+01 4.00000000e+01 4.00000000e+01 4.00000000e+01
 4.00000000e+01 5.00000000e+01 5.00000000e+01 5.00000000e+01
 5.00000000e+01 5.00000000e+01 9.99999975e-04 8.00000012e+00
 1.00000000e+01 9.99999975e-04 1.00000000e+01 9.99999975e-04
 9.99999975e-04 1.00000001e+00 1.00000000e+01 1.00000000e+01
 1.00000000e+01 1.50000000e+01 1.50000000e+01 1.50000000e+01
 1.00000000e+01 1.50000000e+01 1.20000005e+01 1.20000005e+01
 1.20000005e+01 1.20000005e+01 1.20000005e+01 1.20000005e+01
 1.20000005e+01 1.20000005e+01 1.20000005e+01 1.20000005e+01
 1.60000002e+01 1.60000002e+01 1.60000002e+01 1.60000002e+01
 1.60000002e+01 1.60000002e+01 2.00000000e+01 2.00000000e+01
 1.20000005e+01 1.20000005e+01 1.20000005e+01 1.20000005e+01
 1.20000005e+01 1.60000002e+01 1.79999995e+01 5.50000000e+01
 5.50000000e+01 5.50000000e+01 5.50000000e+01 5.50000000e+01
 5.50000000e+01 5.00000000e+01 4.50000000e+01 4.50000000e+01
 5.50000000e+01 5.50000000e+01 5.50000000e+01 5.50000000e+01
 5.50000000e+01 5.50000000e+01 4.50000000e+01 4.50000000e+01
 5.50000000e+01 5.50000000e+01 4.50000000e+01 5.50000000e+01
 5.50000000e+01 5.00000000e+01 1.60000002e+01 1.50000000e+01
 1.60000002e+01 1.79999995e+01 1.79999995e+01 2.00000000e+01
 2.00000000e+01 2.00000000e+01 2.00000000e+01 2.00000000e+01
 1.39999998e+01 1.60000002e+01 1.70000005e+01 1.79999995e+01
 1.79999995e+01 2.00000000e+01 2.00000000e+01 2.29999995e+01
 2.02800006e+00 2.13000000e+00 2.13000000e+00 2.13000000e+00
 2.13000000e+00 2.13000000e+00 2.15000004e+00 1.97999999e+00
 1.97999999e+00 2.20500007e+00 2.20500007e+00 2.20500007e+00
 2.20500007e+00 2.20500007e+00 2.11199999e+00 2.11199999e+00
 2.11199999e+00 2.26500005e+00 2.26500005e+00 2.12599993e+00
 2.21000001e+00 2.11700007e+00 2.11700007e+00 2.12599993e+00
 2.12599993e+00 2.12599993e+00 2.10199997e+00 3.12500000e+00
 4.16000009e+00 1.50000000e+01 1.50000000e+01 9.99999975e-04
 9.99999975e-04 1.00000000e+01 1.00000000e+01 1.00000000e+01
 1.00000000e+01 1.00000000e+01 1.00000000e+01 1.00000000e+01
 1.00000000e+01 1.00000000e+01 1.00000000e+01 1.00000000e+01
 1.00000000e+01 1.00000000e+01 1.00000000e+01 9.99999975e-04
 9.99999975e-04 9.99999975e-04 4.00000006e+00 4.00000006e+00
 9.20000017e+00 9.20000017e+00 9.20000017e+00 9.20000017e+00
 9.20000017e+00 9.20000017e+00 9.20000017e+00 9.20000017e+00
 9.20000017e+00 9.20000017e+00 9.20000017e+00 9.20000017e+00
 9.20000017e+00 9.20000017e+00 9.20000017e+00 1.50000000e+01
 1.50000000e+01 1.50000000e+01 1.50000000e+01 1.50000000e+01
 1.50000000e+01 1.50000000e+01 1.50000000e+01 1.50000000e+01
 1.50000000e+01 1.00000000e+01 1.00000000e+01 1.00000000e+01
 1.00000000e+01 1.00000000e+01 1.00000000e+01 1.00000000e+01
 1.00000000e+01 1.00000000e+01 1.00000000e+01 1.00000000e+01
 1.00000000e+01 1.00000000e+01 1.00000000e+01 1.00000000e+01
 1.00000000e+01 5.00000000e+00 1.00000000e+01 1.00000000e+01
 1.00000000e+01 1.00000000e+01 1.00000000e+01 3.00000000e+01
 3.00000000e+01 3.00000000e+01 3.00000000e+01 3.00000000e+01
 3.00000000e+01 3.00000000e+01 3.00000000e+01 3.00000000e+01
 3.00000000e+01 3.00000000e+01 3.00000000e+01 3.00000000e+01
 3.00000000e+01 3.00000000e+01 3.00000000e+01 3.00000000e+01
 1.00000000e+01 2.00000000e+01 2.00000000e+01 1.00000000e+01
 1.00000000e+01 1.00000000e+01 1.00000000e+01 1.00000000e+02
 1.10000000e+01 1.00000000e+01 1.00000000e+01 1.00000000e+01
 3.01400006e+00 2.91999996e+00 2.96600014e+00 2.00000003e+00
 2.02099994e+00 2.10299999e+00 2.00000003e+00 1.93800002e+00
 2.28000000e+00 1.50000006e+00 1.59299999e+00 1.55200005e+00
 1.49700001e+00 1.71000004e+00 1.50999993e+00 1.41000003e+00
 1.32400006e+00 1.00000001e+00 9.79999974e-01 1.24100000e+00
 1.09800003e+00 1.06899999e+00 1.00000001e+00 5.90000004e-01
 5.24000004e-01 5.48000000e-01 5.93000017e-01 2.11700007e+00
 2.09000006e+00 9.38000008e-01 1.17200002e+00 1.00699998e+00
 3.98799986e+00 4.26999986e+00 3.94899994e+00 4.00200009e+00
 4.04799998e+00 4.05999988e+00]","[ 4.6524057  4.820197  10.516957   1.8831044 10.948584   7.1730947
  8.266614   4.728671  20.664196   7.878244   9.520152   9.911513
 11.000852  11.042518  11.492701  16.189684  13.875343  19.182451
 18.74228   18.106077  19.027914  13.831596  20.848562  24.699791
 21.972225  15.27363   20.552542  22.16187   15.931499  15.931499
 10.228278   7.4764447 10.629877   3.9144154  3.271256   1.9990356
  4.7698174  7.513156  21.899021  18.826635  18.44694   19.400724
 18.368544  15.089083  21.106396  21.413368  15.66736   16.907816
 15.257174  14.851734  15.065317  13.198633  15.155535  20.284807
 16.52715   14.711474  18.477959  17.82589   16.093657  17.475393
 18.612005  16.013208  15.094942  17.759014  14.126205  14.424932
 14.614693  14.098422  16.311298  16.13594   16.251812  15.179715
 17.921894  13.556545  22.240929  33.67448   12.806056  23.557787
 23.6297    18.485083  31.830898  18.92559   20.665909  21.999954
 14.634752  14.374818  22.670218  14.2856245 23.069859  16.90636
 18.92909   18.705223  20.654716  18.702015  13.589937  12.717384
 14.853479  14.670808  14.285514  14.764725  13.961644  15.871281
 14.946015  14.955586  11.043436  15.979923  20.18981   14.118218
 12.683265  18.064396  21.897766  12.787749   9.542662   6.3810306
  6.5564613  6.711282   7.2414193  7.0479703  6.4613895  7.4378324
  6.799719   9.058027   8.537231   7.7189016  6.9204187  8.702435
  8.603355   6.813528   8.235433  11.932338   7.0390644  5.2902923
  7.3939075  8.36583    8.012646   6.691955   6.4198956  7.1786275
  7.6016517  9.446771   9.725498  18.91804   18.475267   5.876798
  8.18027    5.7696457  7.499232   7.4175873  6.4655304  6.7260127
  4.585181   8.795174   4.3050814  7.4278903  7.484182   5.5667057
  9.151873   7.851083   8.1960535  4.116834   6.946406   6.8531637
 10.073092  16.355005  20.696344  24.890976  11.666364  18.71339
  5.6842446 24.112705  16.9633    12.818798  12.875101  20.835342
 14.4069195 18.351871  20.954828  13.461321  18.445694  20.62157
 21.97683   22.72257   23.113937  21.546108  23.408733  22.692701
 23.690092  21.525011  23.556864  21.755325  17.405159  13.963825
 29.64701   13.858702  22.465406  20.324774  22.176666  27.793957
 20.115753  16.776424  19.5484    23.638405  16.84257   18.662403
 15.224124   7.19232   15.502822  13.157753  14.45243   13.213523
 10.124076  13.766583  12.5797825 15.89405   17.378399  11.9521885
 13.082216  11.954836  12.306705  15.885608  24.44914   20.634418
 21.358255  27.54312   24.336573  23.602633  22.941854  23.634766
 11.909046  17.861982  11.4724    16.192093  16.110445  12.728641
 12.222348  12.306419  19.781618  23.962963  20.080616  13.044631
  6.0403566  8.633566   6.8470926  2.8359659  3.1703944  4.5152884
  5.0332513  3.3809395  8.046885   3.2042894  4.7675233  4.786662
  8.284351  11.295588   3.0194244  7.915069   7.396755   6.529446
  5.7536354  3.0471072  7.6612334  7.0713787  3.4951198  3.0067792
  3.5790672  5.431607  10.328869   6.9416904  2.7765455  3.498522
  4.708009   3.139189   8.834123  10.753027  10.246016  10.51398
 11.863101  16.03591  ]"
P_kbar,GB,opx_only,9.199659518395194,15.850911712501457,10.676154530792008,0.12310196565207898,10.583311834271809,0.4562642841509495,0.5803867742913181,"{'subsample': 0.9, 'n_estimators': 200, 'min_samples_split': 5, 'min_samples_leaf': 1, 'max_depth': 3, 'learning_rate': 0.01}",100,26,"[5.00000000e+01 5.00000000e+01 5.00000000e+01 5.00000000e+01
 4.69999981e+01 4.69999981e+01 4.69999981e+01 4.69999981e+01
 5.00000000e+01 1.00000000e+01 9.99999975e-04 1.00000000e+01
 1.00000000e+01 9.99999975e-04 9.99999975e-04 1.00000000e+01
 1.00000000e+01 3.00000000e+01 3.00000000e+01 3.00000000e+01
 3.00000000e+01 4.00000000e+01 4.00000000e+01 4.00000000e+01
 4.00000000e+01 5.00000000e+01 5.00000000e+01 5.00000000e+01
 5.00000000e+01 5.00000000e+01 9.99999975e-04 8.00000012e+00
 1.00000000e+01 9.99999975e-04 1.00000000e+01 9.99999975e-04
 9.99999975e-04 1.00000001e+00 1.00000000e+01 1.00000000e+01
 1.00000000e+01 1.50000000e+01 1.50000000e+01 1.50000000e+01
 1.00000000e+01 1.50000000e+01 1.20000005e+01 1.20000005e+01
 1.20000005e+01 1.20000005e+01 1.20000005e+01 1.20000005e+01
 1.20000005e+01 1.20000005e+01 1.20000005e+01 1.20000005e+01
 1.60000002e+01 1.60000002e+01 1.60000002e+01 1.60000002e+01
 1.60000002e+01 1.60000002e+01 2.00000000e+01 2.00000000e+01
 1.20000005e+01 1.20000005e+01 1.20000005e+01 1.20000005e+01
 1.20000005e+01 1.60000002e+01 1.79999995e+01 5.50000000e+01
 5.50000000e+01 5.50000000e+01 5.50000000e+01 5.50000000e+01
 5.50000000e+01 5.00000000e+01 4.50000000e+01 4.50000000e+01
 5.50000000e+01 5.50000000e+01 5.50000000e+01 5.50000000e+01
 5.50000000e+01 5.50000000e+01 4.50000000e+01 4.50000000e+01
 5.50000000e+01 5.50000000e+01 4.50000000e+01 5.50000000e+01
 5.50000000e+01 5.00000000e+01 1.60000002e+01 1.50000000e+01
 1.60000002e+01 1.79999995e+01 1.79999995e+01 2.00000000e+01
 2.00000000e+01 2.00000000e+01 2.00000000e+01 2.00000000e+01
 1.39999998e+01 1.60000002e+01 1.70000005e+01 1.79999995e+01
 1.79999995e+01 2.00000000e+01 2.00000000e+01 2.29999995e+01
 2.02800006e+00 2.13000000e+00 2.13000000e+00 2.13000000e+00
 2.13000000e+00 2.13000000e+00 2.15000004e+00 1.97999999e+00
 1.97999999e+00 2.20500007e+00 2.20500007e+00 2.20500007e+00
 2.20500007e+00 2.20500007e+00 2.11199999e+00 2.11199999e+00
 2.11199999e+00 2.26500005e+00 2.26500005e+00 2.12599993e+00
 2.21000001e+00 2.11700007e+00 2.11700007e+00 2.12599993e+00
 2.12599993e+00 2.12599993e+00 2.10199997e+00 3.12500000e+00
 4.16000009e+00 1.50000000e+01 1.50000000e+01 9.99999975e-04
 9.99999975e-04 1.00000000e+01 1.00000000e+01 1.00000000e+01
 1.00000000e+01 1.00000000e+01 1.00000000e+01 1.00000000e+01
 1.00000000e+01 1.00000000e+01 1.00000000e+01 1.00000000e+01
 1.00000000e+01 1.00000000e+01 1.00000000e+01 9.99999975e-04
 9.99999975e-04 9.99999975e-04 4.00000006e+00 4.00000006e+00
 9.20000017e+00 9.20000017e+00 9.20000017e+00 9.20000017e+00
 9.20000017e+00 9.20000017e+00 9.20000017e+00 9.20000017e+00
 9.20000017e+00 9.20000017e+00 9.20000017e+00 9.20000017e+00
 9.20000017e+00 9.20000017e+00 9.20000017e+00 1.50000000e+01
 1.50000000e+01 1.50000000e+01 1.50000000e+01 1.50000000e+01
 1.50000000e+01 1.50000000e+01 1.50000000e+01 1.50000000e+01
 1.50000000e+01 1.00000000e+01 1.00000000e+01 1.00000000e+01
 1.00000000e+01 1.00000000e+01 1.00000000e+01 1.00000000e+01
 1.00000000e+01 1.00000000e+01 1.00000000e+01 1.00000000e+01
 1.00000000e+01 1.00000000e+01 1.00000000e+01 1.00000000e+01
 1.00000000e+01 5.00000000e+00 1.00000000e+01 1.00000000e+01
 1.00000000e+01 1.00000000e+01 1.00000000e+01 3.00000000e+01
 3.00000000e+01 3.00000000e+01 3.00000000e+01 3.00000000e+01
 3.00000000e+01 3.00000000e+01 3.00000000e+01 3.00000000e+01
 3.00000000e+01 3.00000000e+01 3.00000000e+01 3.00000000e+01
 3.00000000e+01 3.00000000e+01 3.00000000e+01 3.00000000e+01
 1.00000000e+01 2.00000000e+01 2.00000000e+01 1.00000000e+01
 1.00000000e+01 1.00000000e+01 1.00000000e+01 1.00000000e+02
 1.10000000e+01 1.00000000e+01 1.00000000e+01 1.00000000e+01
 3.01400006e+00 2.91999996e+00 2.96600014e+00 2.00000003e+00
 2.02099994e+00 2.10299999e+00 2.00000003e+00 1.93800002e+00
 2.28000000e+00 1.50000006e+00 1.59299999e+00 1.55200005e+00
 1.49700001e+00 1.71000004e+00 1.50999993e+00 1.41000003e+00
 1.32400006e+00 1.00000001e+00 9.79999974e-01 1.24100000e+00
 1.09800003e+00 1.06899999e+00 1.00000001e+00 5.90000004e-01
 5.24000004e-01 5.48000000e-01 5.93000017e-01 2.11700007e+00
 2.09000006e+00 9.38000008e-01 1.17200002e+00 1.00699998e+00
 3.98799986e+00 4.26999986e+00 3.94899994e+00 4.00200009e+00
 4.04799998e+00 4.05999988e+00]","[ 5.58531128  5.99393405 11.36129784  2.56962991 10.23662473  8.68220088
  8.58116089  5.6997121  12.40543121 14.74080648 16.76939403 16.74573633
 16.57104522 15.44363851 15.24155896 15.13447857 14.86447182 20.23352467
 19.68906795 19.66779065 19.66779065 19.41356236 20.18482555 19.25555442
 18.66802237 21.21785713 20.67358135 21.21785713 19.14212136 19.14212136
  9.24869455  8.62107505 10.51652416  5.13355707  6.01285843  3.84915332
  7.69468308  7.87430618 19.29784697 16.22063111 15.82580901 18.40127583
 18.14249444 15.85289446 19.20093133 18.77615161 16.65030355 15.86254091
 15.70129276 14.6492768  15.61473263 17.04920783 15.85265006 18.64581571
 15.85289446 16.01445426 17.99089273 16.05472735 16.38717492 16.17074845
 18.44697744 16.44372018 15.70289933 17.59857333 13.97910142 14.9084383
 15.27051693 14.01859203 15.91045426 15.84738312 15.83857207 14.93114509
 21.7105622  15.04524251 20.10876364 22.10717032 13.90098439 21.13959821
 20.43926481 16.83224291 22.32591029 18.36802892 18.80777697 18.75204915
 11.41200828 11.31211906 18.84683008 11.70529965 21.51888071 18.68692333
 21.15159667 20.28114083 20.55461502 21.15159667 13.68042513 14.81181252
 14.8008785  14.67401729 13.58017912 13.37988809 15.35398941 13.93782474
 14.89586933 14.34036588 11.48638164 15.36993367 17.84599003 13.68042513
 12.17775185 18.52825643 18.88353627 12.30462817  8.88049924  8.46393798
  8.49100286  6.07213928  8.60022081  8.64776552  8.06807834  8.85263145
  8.49100286  9.52844296  9.22915723  8.58936141  8.64776552  5.99125807
  8.60022081  6.12754091  8.63690612 10.32776845  8.6308161   8.58936141
  8.17446018  9.4124739   8.60022081  7.66449736  8.17446018  8.17446018
  8.93740097  9.57778575  9.76260111 16.86732513 16.86732513  6.36742204
  9.02848801  5.94643461  5.95949225  8.60022081  8.17446018  6.12979944
  6.18055198  6.18055198  6.18055198  8.26217212  8.60022081  8.63690612
  9.57778575  9.22915723  9.41397259  6.03114806  8.72493239  8.74434012
  9.86063538 16.86764126 21.18652161 25.08375634  8.56027724 23.47543014
  7.44198602 25.56699513 23.33570757 12.61507174 13.83772803 19.69717688
 14.53971752 18.54379649 19.82911703 16.37278351 24.2945654  18.77615161
 20.77800917 20.904259   19.92973302 21.10189611 19.82571825 20.22648663
 19.88757462 18.89485163 21.3715152  19.60664221 18.9335408  17.97522662
 20.59584083 15.0885224  19.91718777 18.53746618 23.12705776 21.89962167
 18.11576088 19.84817699 21.16546656 22.71139005 22.04287195 19.033357
 21.40897863  6.24478581 13.72808514 13.29659117 13.11323193 13.07060893
 14.49999546 14.82372017 14.57561232 15.90454435 15.86356877 14.6130013
 14.57561232 14.69318054 14.57561232 14.95963255 20.43563442 19.25932737
 18.77615161 24.59353124 19.51859936 19.75444312 19.75444312 19.75444312
 14.66469308 14.97631212 11.86882636 20.40496585 18.77002536 16.38293893
 17.1968602   9.62238907 23.94274414 19.05816814 20.24242342 12.98380607
  8.42955414  8.15526634  8.30390946  4.08666925  6.03141779  4.90547741
  7.23368669  5.16143746  6.28266495  5.75562143  7.3905495   7.60135988
  7.01470495  5.23732046  5.28131102  8.09562175  8.88084641  5.21077285
  9.3536561   6.73234059  9.47945841 19.09212637  4.50582026  7.48074385
  4.90680883  6.82054822  8.78304183  5.99112992  3.61143894  4.98090237
  6.139316    4.32429608 11.47516572 11.19762042 10.39184583 11.00345206
 11.22821571 13.02841651]"
T_C,RF,opx_liq,35.551421783631994,124.01769432539336,67.92490652729632,0.442348662415771,67.69347018585876,16.089611153511797,0.28666410851304325,"{'n_estimators': 500, 'min_samples_split': 2, 'min_samples_leaf': 2, 'max_features': 0.8, 'max_depth': 20}",74,19,"[1830. 1775. 1750. 1750. 1100. 1115. 1100. 1100. 1400. 1440. 1500. 1390.
 1390. 1350. 1380. 1500. 1500. 1200. 1250. 1275. 1200. 1160. 1020.  980.
  940. 1065. 1300. 1360. 1400. 1400. 1410. 1340. 1360. 1380. 1400. 1420.
 1220. 1260. 1300. 1280. 1290. 1300. 1320. 1275. 1250. 1270. 1250. 1225.
 1260. 1295. 1345. 1340. 1330. 1285. 1350. 1315. 1300. 1315. 1285. 1270.
 1285. 1560. 1530. 1600. 1560. 1550. 1400. 1350. 1275. 1200. 1175. 1175.
 1200. 1300. 1400. 1450. 1250. 1300. 1450. 1275. 1425. 1450. 1475. 1220.
 1260. 1210. 1230. 1260. 1240. 1240. 1160. 1180. 1200. 1200. 1570. 1540.
 1565. 1500. 1480. 1071. 1155. 1145. 1160. 1130. 1100. 1185. 1162. 1160.
 1130.  800.  650. 1325. 1325. 1300.  650.  800.  900. 1294. 1261. 1251.
 1250. 1206. 1334. 1260. 1210. 1300. 1280. 1264. 1261. 1251. 1299. 1295.
 1264. 1254. 1209. 1208. 1217. 1208. 1198. 1161. 1331. 1323. 1300. 1339.
 1210. 1196. 1334. 1309. 1265. 1206. 1179. 1473. 1495. 1395. 1360. 1360.
 1360. 1360. 1360. 1360. 1360. 1360. 1265. 1310. 1310. 1350. 1430. 1375.
 1375. 1245.]","[1578.88622314 1580.26757155 1473.27832143 1459.73197937 1081.56839286
 1169.16991587 1083.36094444 1096.06872698 1394.7966754  1474.78332489
 1492.73157092 1368.16638413 1390.19513095 1333.55330794 1361.81629127
 1329.32202807 1342.97268333 1222.98055873 1228.68234495 1245.25552352
 1198.4975254  1154.67948016 1090.43116587 1038.93423016 1016.00080613
 1146.81335159 1215.23987193 1258.0613119  1321.48971111 1363.82512143
 1350.09788095 1348.4936     1272.96937937 1289.34001111 1317.26330794
 1337.84023571 1255.97667619 1256.30587063 1315.82062367 1252.875
 1250.76043333 1308.88346494 1335.35615714 1114.72896032 1231.34982222
 1298.78946349 1258.53271905 1244.49814286 1269.27859603 1331.27952157
 1339.73941746 1342.78900952 1322.30080714 1305.02492222 1335.44369762
 1327.66322937 1311.48143333 1271.02874206 1313.23381508 1313.61991032
 1318.93064841 1453.52189841 1409.69439286 1601.89146349 1457.65715635
 1439.55894048 1535.79664762 1550.23564206 1390.03890159 1303.02361039
 1279.81174661 1243.05248413 1286.69736508 1463.15638045 1363.66287237
 1377.84549062 1357.21335    1465.91603918 1395.67557958 1360.64877403
 1391.43268506 1518.55005902 1477.34061508 1307.30555    1286.65983824
 1235.24313189 1326.98559841 1316.32853095 1329.02953175 1234.99600714
 1235.55720397 1252.10555    1263.83321905 1283.15452302 1502.5510381
 1503.87801349 1545.16716349 1450.96828016 1395.39022222  967.83802381
 1108.18521032 1109.84086984 1108.57853889 1049.70253889 1019.77927222
 1125.43928651 1041.42438413 1020.66929841 1005.49818175 1336.11558016
 1353.77853333 1345.9367381  1333.3573     1308.84958232 1320.60359026
 1315.0156474  1302.60061587 1307.67553095 1294.27241429 1255.23300635
 1263.87246111 1198.89663571 1357.81526667 1245.78039921 1203.63428889
 1330.99070714 1270.40133016 1257.12040397 1247.7957754  1262.19849683
 1313.29436667 1307.16848651 1300.42632381 1239.22476667 1199.84586825
 1202.9770127  1219.64703016 1219.14896667 1189.53974603 1183.04708492
 1352.64623571 1342.72018333 1329.1345619  1342.83894762 1204.98194762
 1179.22783175 1347.8643619  1340.00786429 1270.67715873 1193.72667937
 1183.7303     1408.81313889 1288.47413651 1227.34734603 1338.73189048
 1282.97335317 1331.06441508 1317.43435556 1311.4295119  1338.65979841
 1333.40488016 1285.12896032 1257.01009841 1267.81894762 1301.48351984
 1307.11386032 1390.22999841 1331.78843867 1328.41431746 1333.75514841]"
T_C,ERT,opx_liq,26.190260823515402,125.7113059077838,69.10019362745096,0.42701385818326343,66.42525042429995,16.15999097595906,0.20833655838980314,"{'n_estimators': 200, 'min_samples_split': 2, 'min_samples_leaf': 2, 'max_features': 0.8, 'max_depth': None}",74,19,"[1830. 1775. 1750. 1750. 1100. 1115. 1100. 1100. 1400. 1440. 1500. 1390.
 1390. 1350. 1380. 1500. 1500. 1200. 1250. 1275. 1200. 1160. 1020.  980.
  940. 1065. 1300. 1360. 1400. 1400. 1410. 1340. 1360. 1380. 1400. 1420.
 1220. 1260. 1300. 1280. 1290. 1300. 1320. 1275. 1250. 1270. 1250. 1225.
 1260. 1295. 1345. 1340. 1330. 1285. 1350. 1315. 1300. 1315. 1285. 1270.
 1285. 1560. 1530. 1600. 1560. 1550. 1400. 1350. 1275. 1200. 1175. 1175.
 1200. 1300. 1400. 1450. 1250. 1300. 1450. 1275. 1425. 1450. 1475. 1220.
 1260. 1210. 1230. 1260. 1240. 1240. 1160. 1180. 1200. 1200. 1570. 1540.
 1565. 1500. 1480. 1071. 1155. 1145. 1160. 1130. 1100. 1185. 1162. 1160.
 1130.  800.  650. 1325. 1325. 1300.  650.  800.  900. 1294. 1261. 1251.
 1250. 1206. 1334. 1260. 1210. 1300. 1280. 1264. 1261. 1251. 1299. 1295.
 1264. 1254. 1209. 1208. 1217. 1208. 1198. 1161. 1331. 1323. 1300. 1339.
 1210. 1196. 1334. 1309. 1265. 1206. 1179. 1473. 1495. 1395. 1360. 1360.
 1360. 1360. 1360. 1360. 1360. 1360. 1265. 1310. 1310. 1350. 1430. 1375.
 1375. 1245.]","[1535.265      1512.19       1465.7075     1444.64833333 1081.64833333
 1155.71333333 1101.79291667 1102.56666667 1394.57916667 1433.67083333
 1486.3175     1377.235      1392.42166667 1339.87125    1351.58833333
 1330.7025     1336.05875    1212.80291667 1226.01708333 1241.555
 1208.92791667 1150.89291667 1094.62166667 1070.51875    1017.89041667
 1147.17833333 1221.3675     1259.56166667 1307.7975     1375.40916667
 1365.295      1331.02333333 1282.63       1290.52083333 1304.31416667
 1349.115      1246.145      1254.9725     1308.55125    1261.26
 1261.54666667 1304.07041667 1330.43041667 1139.27291667 1233.80666667
 1284.315      1255.19708333 1247.69916667 1273.43416667 1300.27083333
 1356.68041667 1349.9825     1326.7775     1314.20375    1342.40558333
 1327.05041667 1327.75875    1297.155      1310.9875     1320.69666667
 1326.58833333 1446.53458333 1394.84333333 1516.40416667 1459.90666667
 1441.385      1535.1325     1483.0725     1370.9425     1305.04666667
 1269.69916667 1249.065      1268.54375    1408.85041667 1363.14625
 1386.52041667 1335.92333333 1416.7775     1413.31958333 1348.91083333
 1407.18225    1439.6625     1464.71666667 1316.30791667 1295.4
 1254.66       1338.69166667 1337.91416667 1335.8025     1255.58666667
 1236.94166667 1270.54833333 1298.3925     1328.3725     1515.67666667
 1509.65916667 1554.79916667 1461.30583333 1412.84583333  980.61833333
 1071.37708333 1081.6125     1068.48916667 1051.37166667 1021.53916667
 1037.16958333 1035.83833333 1019.9525     1010.11166667 1344.26666667
 1354.95433333 1359.39683333 1328.80141667 1296.26291667 1313.93375
 1314.02375    1293.75666667 1293.81666667 1275.36916667 1243.29
 1248.68291667 1180.02541667 1340.12291667 1235.60583333 1192.93125
 1317.6575     1257.96375    1241.19291667 1239.35583333 1250.58833333
 1299.86708333 1288.92166667 1289.30791667 1235.63291667 1184.95208333
 1190.00708333 1199.54375    1200.83041667 1186.47166667 1175.76833333
 1350.25875    1345.92875    1314.35458333 1318.99791667 1190.72208333
 1188.66125    1349.64708333 1322.41125    1270.105      1189.33708333
 1179.81458333 1372.885      1275.99875    1191.13375    1320.82
 1313.93125    1297.4175     1295.55125    1292.62708333 1317.44958333
 1335.57266667 1307.41333333 1250.385      1286.78208333 1301.92916667
 1318.18958333 1380.4125     1336.99291667 1320.0975     1337.7575    ]"
T_C,XGB,opx_liq,6.322787119224681,123.51190355522073,68.44154878504136,0.4468880104194508,72.31244579906198,11.11718541233126,0.05119172271843286,"{'subsample': 0.9, 'reg_lambda': 1, 'reg_alpha': 1, 'n_estimators': 800, 'max_depth': 6, 'learning_rate': 0.01, 'colsample_bytree': 0.8}",74,19,"[1830. 1775. 1750. 1750. 1100. 1115. 1100. 1100. 1400. 1440. 1500. 1390.
 1390. 1350. 1380. 1500. 1500. 1200. 1250. 1275. 1200. 1160. 1020.  980.
  940. 1065. 1300. 1360. 1400. 1400. 1410. 1340. 1360. 1380. 1400. 1420.
 1220. 1260. 1300. 1280. 1290. 1300. 1320. 1275. 1250. 1270. 1250. 1225.
 1260. 1295. 1345. 1340. 1330. 1285. 1350. 1315. 1300. 1315. 1285. 1270.
 1285. 1560. 1530. 1600. 1560. 1550. 1400. 1350. 1275. 1200. 1175. 1175.
 1200. 1300. 1400. 1450. 1250. 1300. 1450. 1275. 1425. 1450. 1475. 1220.
 1260. 1210. 1230. 1260. 1240. 1240. 1160. 1180. 1200. 1200. 1570. 1540.
 1565. 1500. 1480. 1071. 1155. 1145. 1160. 1130. 1100. 1185. 1162. 1160.
 1130.  800.  650. 1325. 1325. 1300.  650.  800.  900. 1294. 1261. 1251.
 1250. 1206. 1334. 1260. 1210. 1300. 1280. 1264. 1261. 1251. 1299. 1295.
 1264. 1254. 1209. 1208. 1217. 1208. 1198. 1161. 1331. 1323. 1300. 1339.
 1210. 1196. 1334. 1309. 1265. 1206. 1179. 1473. 1495. 1395. 1360. 1360.
 1360. 1360. 1360. 1360. 1360. 1360. 1265. 1310. 1310. 1350. 1430. 1375.
 1375. 1245.]","[1610.0317  1595.3491  1467.806   1456.6886  1088.2218  1183.7897
 1121.8597  1128.8088  1396.8351  1457.6947  1487.6044  1381.142
 1397.7423  1337.7421  1377.0605  1340.683   1349.3911  1201.6802
 1222.2275  1227.6442  1199.1156  1171.1134  1111.0052  1029.738
 1031.687   1148.5803  1207.8245  1270.4806  1319.7433  1359.9546
 1346.8875  1361.4166  1296.3289  1309.1913  1315.3511  1326.2301
 1260.8412  1248.2216  1314.1412  1247.31    1245.7096  1320.1334
 1352.2263  1095.2706  1238.5144  1297.2091  1257.8422  1249.3375
 1300.8365  1342.6134  1338.3322  1353.6901  1318.6921  1317.0144
 1346.3553  1304.0786  1320.9266  1278.7386  1324.2292  1331.4907
 1328.5746  1454.9951  1405.838   1574.8495  1465.8368  1450.8082
 1535.1161  1542.0867  1379.0359  1329.6069  1287.6553  1254.6086
 1301.444   1457.2937  1360.5126  1379.5781  1365.5814  1455.2833
 1410.357   1343.7025  1410.3057  1522.9397  1504.5411  1294.4917
 1287.8395  1253.7753  1346.2604  1343.136   1337.2545  1264.0496
 1265.4636  1268.8118  1294.5195  1303.1653  1522.3075  1520.6432
 1553.735   1466.3638  1405.1437  1015.25684 1132.6357  1175.4078
 1144.4373  1094.7761  1034.6705  1138.8695  1083.6005  1081.3375
 1014.96515 1335.8259  1356.0355  1357.5618  1342.693   1305.921
 1318.9274  1321.0118  1297.4086  1305.2007  1293.8098  1266.0146
 1269.4971  1181.7711  1356.0182  1240.7355  1187.4675  1337.9524
 1272.1565  1257.609   1243.5757  1265.5863  1306.6376  1294.884
 1293.0552  1237.6637  1181.683   1183.6525  1214.0278  1206.7516
 1171.9454  1162.1946  1358.8163  1363.5103  1330.6598  1346.0254
 1181.4799  1189.466   1372.5153  1350.3468  1275.7229  1172.89
 1168.756   1386.4569  1285.3755  1238.2396  1336.8239  1299.2783
 1319.3832  1325.4812  1297.8464  1354.5559  1327.8323  1307.2043
 1274.5131  1274.9001  1303.1984  1325.5029  1407.5391  1351.9257
 1344.3958  1361.3447 ]"
T_C,GB,opx_liq,35.19653873284751,124.39921928049544,70.06017067067488,0.43891229530290077,68.32243969118201,14.53505661217519,0.28293215131428057,"{'subsample': 0.8, 'n_estimators': 800, 'min_samples_split': 10, 'min_samples_leaf': 4, 'max_depth': 3, 'learning_rate': 0.01}",74,19,"[1830. 1775. 1750. 1750. 1100. 1115. 1100. 1100. 1400. 1440. 1500. 1390.
 1390. 1350. 1380. 1500. 1500. 1200. 1250. 1275. 1200. 1160. 1020.  980.
  940. 1065. 1300. 1360. 1400. 1400. 1410. 1340. 1360. 1380. 1400. 1420.
 1220. 1260. 1300. 1280. 1290. 1300. 1320. 1275. 1250. 1270. 1250. 1225.
 1260. 1295. 1345. 1340. 1330. 1285. 1350. 1315. 1300. 1315. 1285. 1270.
 1285. 1560. 1530. 1600. 1560. 1550. 1400. 1350. 1275. 1200. 1175. 1175.
 1200. 1300. 1400. 1450. 1250. 1300. 1450. 1275. 1425. 1450. 1475. 1220.
 1260. 1210. 1230. 1260. 1240. 1240. 1160. 1180. 1200. 1200. 1570. 1540.
 1565. 1500. 1480. 1071. 1155. 1145. 1160. 1130. 1100. 1185. 1162. 1160.
 1130.  800.  650. 1325. 1325. 1300.  650.  800.  900. 1294. 1261. 1251.
 1250. 1206. 1334. 1260. 1210. 1300. 1280. 1264. 1261. 1251. 1299. 1295.
 1264. 1254. 1209. 1208. 1217. 1208. 1198. 1161. 1331. 1323. 1300. 1339.
 1210. 1196. 1334. 1309. 1265. 1206. 1179. 1473. 1495. 1395. 1360. 1360.
 1360. 1360. 1360. 1360. 1360. 1360. 1265. 1310. 1310. 1350. 1430. 1375.
 1375. 1245.]","[1663.42706858 1621.48828465 1479.21810658 1478.99132001 1058.90986736
 1128.29499396 1041.40354218 1107.92858931 1375.86019239 1462.68430037
 1467.79595127 1372.01686418 1377.46508249 1313.21764322 1358.21758174
 1336.40918    1342.87516836 1212.35227425 1214.47114625 1177.98291279
 1186.00716146 1172.79769955 1093.69274824 1052.52627497 1010.37807184
 1132.81537624 1177.64010242 1280.16934819 1331.47768289 1347.40566728
 1343.77881001 1298.72305818 1300.71081308 1294.99889149 1335.09356511
 1314.55687336 1264.28740451 1227.05560236 1306.13354149 1270.68466121
 1271.82962982 1313.31076082 1345.4627405  1085.76671938 1232.2825598
 1308.97207062 1263.92544376 1253.08525086 1274.05765016 1297.65774678
 1324.4621602  1307.43636299 1323.32238502 1270.09717568 1328.77544203
 1290.85580129 1314.69858151 1286.96246258 1288.40931855 1304.37414705
 1266.95265837 1442.84094318 1411.28968141 1562.91112186 1476.5899653
 1446.93857785 1589.0517897  1581.02660425 1402.28359728 1301.16232064
 1271.36629388 1250.51615848 1302.67692211 1469.58133167 1364.76917778
 1386.09883857 1377.411782   1477.28070088 1426.73120158 1373.39089048
 1393.04552209 1516.23759729 1502.21631748 1284.170712   1253.53772401
 1220.17155921 1287.46297226 1317.98211942 1295.5362799  1214.28727609
 1262.16434545 1232.98141708 1239.81599368 1271.61579836 1486.07213858
 1490.61064095 1561.21745314 1430.62839521 1407.55172433  896.13303702
 1074.0274914  1168.34381512 1138.22618983 1092.25238571 1042.97713518
 1110.3338813  1082.9037435  1050.55158618  992.88385916 1345.23879825
 1336.82281306 1347.23519836 1347.84199316 1317.76055869 1329.59586749
 1327.69978089 1312.42919722 1302.97935367 1286.74434784 1250.87294934
 1236.20005889 1174.43758477 1351.10843169 1221.82194652 1179.13298594
 1336.83086592 1247.98058266 1229.17072043 1230.40950511 1245.92734162
 1306.99877123 1287.32053171 1289.05787854 1193.92336768 1170.10746756
 1189.12759016 1205.7980035  1207.60886797 1167.20421125 1179.91067611
 1363.20999613 1355.28586434 1333.14476479 1343.79911066 1176.07106476
 1185.56017261 1367.9656838  1340.67347314 1235.81153324 1176.68296283
 1173.44421369 1420.25941185 1316.88446629 1226.55081893 1341.99486262
 1290.94776683 1324.59629839 1318.92992943 1317.11607737 1350.38117233
 1330.53641108 1264.80594716 1269.96447689 1277.90431687 1310.42550595
 1291.23321637 1414.62759095 1322.11250299 1340.90637814 1331.81932953]"
P_kbar,RF,opx_liq,1.8643820957110417,6.144767858407106,4.281080791282267,0.6208361854085728,3.9049465289341256,0.5448099386501504,0.30340968750515845,"{'n_estimators': 200, 'min_samples_split': 5, 'min_samples_leaf': 2, 'max_features': 0.8, 'max_depth': 10}",74,19,"[5.00000000e+01 5.00000000e+01 4.69999981e+01 5.00000000e+01
 9.99999975e-04 9.99999975e-04 9.99999975e-04 9.99999975e-04
 1.00000000e+01 1.00000000e+01 1.50000000e+01 1.00000000e+01
 1.00000000e+01 1.50000000e+01 1.00000000e+01 1.00000000e+01
 1.00000000e+01 6.99999988e+00 1.00000000e+01 1.14999998e+01
 9.99999975e-04 9.99999975e-04 2.00000003e+00 2.00000003e+00
 2.00000003e+00 8.00000012e+00 1.50000000e+01 1.60000002e+01
 1.60000002e+01 1.79999995e+01 1.79999995e+01 2.00000000e+01
 2.00000000e+01 2.00000000e+01 2.00000000e+01 2.00000000e+01
 1.39999998e+01 1.60000002e+01 1.70000005e+01 1.79999995e+01
 1.79999995e+01 2.00000000e+01 2.00000000e+01 2.29999995e+01
 8.99999976e+00 8.99999976e+00 8.99999976e+00 8.99999976e+00
 1.10000002e+01 1.29999995e+01 1.60000002e+01 1.60000002e+01
 1.60000002e+01 1.29999995e+01 1.60000002e+01 1.20000005e+01
 1.20000005e+01 1.20000005e+01 1.20000005e+01 1.20000005e+01
 1.20000005e+01 3.00000000e+01 3.00000000e+01 3.00000000e+01
 3.00000000e+01 3.00000000e+01 2.20000005e+01 2.20000005e+01
 1.50000000e+01 1.50000000e+01 1.50000000e+01 1.50000000e+01
 2.00000000e+01 2.00000000e+01 1.50000000e+01 2.00000000e+01
 2.00000000e+01 2.00000000e+01 2.00000000e+01 2.00000000e+01
 2.00000000e+01 1.50000000e+01 2.00000000e+01 1.00000000e+01
 1.20000005e+01 1.25000000e+01 1.29999995e+01 1.50000000e+01
 1.50000000e+01 1.75000000e+01 1.50000000e+01 1.75000000e+01
 1.75000000e+01 1.89999998e+01 2.79999995e+01 2.79999995e+01
 2.79999995e+01 2.40000010e+01 2.40000010e+01 9.99999975e-04
 6.99999988e+00 6.99999988e+00 1.00000000e+01 1.00000000e+01
 1.00000000e+01 1.29999995e+01 1.29999995e+01 1.29999995e+01
 1.29999995e+01 2.00000000e+01 1.00000000e+01 1.00000000e+01
 1.00000000e+01 1.00000000e+01 1.00000000e+01 1.00000000e+01
 2.00000000e+01 1.00000000e-03 1.00000000e-03 1.00000000e-03
 1.00000000e-03 1.00000000e-03 1.00000000e-03 1.00000000e-03
 1.00000000e-03 1.00000000e-03 1.00000000e-03 1.00000000e-03
 1.00000000e-03 1.00000000e-03 1.00000000e-03 1.00000000e-03
 1.00000000e-03 1.00000000e-03 1.00000000e-03 1.00000000e-03
 1.00000000e-03 1.00000000e-03 1.00000000e-03 1.00000000e-03
 1.00000000e-03 1.00000000e-03 1.00000000e-03 1.00000000e-03
 1.00000000e-03 1.00000000e-03 1.00000000e-03 1.00000000e-03
 1.00000000e-03 1.00000000e-03 1.00000000e-03 1.50000000e+01
 2.00000000e+01 1.50000000e+01 1.20000000e+01 1.20000000e+01
 1.20000000e+01 1.20000000e+01 1.20000000e+01 1.20000000e+01
 1.20000000e+01 1.20000000e+01 8.00000000e+00 1.20000000e+01
 1.20000000e+01 1.60000000e+01 2.50000000e+01 1.00000000e+01
 1.00000000e+01 1.30000000e+01]","[34.11789253 32.63855931 22.11000377 18.37899471  1.25581879  2.30481261
  1.46952849  1.9289674  11.07909405 13.53779936 15.82738883 10.24173988
 10.63172138 14.76366016 11.08959858  9.72539934 10.2823356   7.73362061
 12.69985527 12.24856027  6.04859708  2.74028954  6.3081349   2.87450432
  1.80833092  5.74759799  9.39959427 11.85893646 12.63053262 13.34566952
 13.29555477 18.8236776  13.42094176 14.91017561 12.58882697 12.59659487
 14.64719544 10.71177767 17.17280385 15.35924247 14.36358348 13.5312758
 18.84648994  8.05590876  8.57511525  9.54780563  7.70794773  7.30715743
 13.17095588 14.87333946 14.97977778 15.71207423 15.59844288 12.94998656
 16.02382446 13.74626936 14.02809044 14.07287185 13.48798675 13.45800399
 13.5137363  21.74763803 20.61532695 23.97108728 21.49076284 21.59329585
 17.34989219 26.26000767  9.82504741  9.93454188  9.90541219 12.98192833
 14.15755238 13.78902677 15.26210351 16.62086082 16.32836843 14.32601349
 20.24853014 17.59919774 18.82768458 14.07297518 22.51306905 15.16676424
 15.56809172 15.41742619 15.24462096 15.55077867 15.43518859 14.99855072
 14.62618115 15.57297188 15.39291022 15.56237972 26.73212125 27.48480937
 26.84232475 25.16807152 23.69201196  2.08673315  7.4206882  16.24152499
  7.86803225  8.41064025  8.99506472 11.29738741 11.53427837 11.69110613
 10.67237    10.36000373  9.96637269 10.39092724 10.79704223 10.71696948
 10.84230353 11.3565295  10.59902629  7.09864075  8.78197543  4.98129776
  6.1956338   5.56943518  9.22149288  6.7348845   7.95763979  7.04555648
  6.59962598  6.41224351  8.91823173  6.49963127  9.70568502  6.07190645
  7.88202647  5.58381882  5.06089259  6.58037775  6.41168636  8.27161257
  5.37434136  3.51396708  9.27525223  9.71722425  9.29605443  9.03887863
  6.11075407  4.69816968 12.18719888 12.22377241  7.38864575  7.16476322
  5.87062279  4.90420895  4.12834002  5.37178368 13.35794681 15.50351108
 17.42783161 11.95324878 14.00568262 14.06745009 15.63720814 13.67596513
 10.48989004 10.53241428 10.93722783 13.05012304 21.68712196 10.41194954
 10.93182879 17.4982666 ]"
P_kbar,ERT,opx_liq,0.0008604173809092895,6.636293972501154,4.310640138354478,0.5577506991295098,3.5522487001567242,0.5991056031301003,0.00012965329511842086,"{'n_estimators': 800, 'min_samples_split': 2, 'min_samples_leaf': 1, 'max_features': 0.8, 'max_depth': 30}",74,19,"[5.00000000e+01 5.00000000e+01 4.69999981e+01 5.00000000e+01
 9.99999975e-04 9.99999975e-04 9.99999975e-04 9.99999975e-04
 1.00000000e+01 1.00000000e+01 1.50000000e+01 1.00000000e+01
 1.00000000e+01 1.50000000e+01 1.00000000e+01 1.00000000e+01
 1.00000000e+01 6.99999988e+00 1.00000000e+01 1.14999998e+01
 9.99999975e-04 9.99999975e-04 2.00000003e+00 2.00000003e+00
 2.00000003e+00 8.00000012e+00 1.50000000e+01 1.60000002e+01
 1.60000002e+01 1.79999995e+01 1.79999995e+01 2.00000000e+01
 2.00000000e+01 2.00000000e+01 2.00000000e+01 2.00000000e+01
 1.39999998e+01 1.60000002e+01 1.70000005e+01 1.79999995e+01
 1.79999995e+01 2.00000000e+01 2.00000000e+01 2.29999995e+01
 8.99999976e+00 8.99999976e+00 8.99999976e+00 8.99999976e+00
 1.10000002e+01 1.29999995e+01 1.60000002e+01 1.60000002e+01
 1.60000002e+01 1.29999995e+01 1.60000002e+01 1.20000005e+01
 1.20000005e+01 1.20000005e+01 1.20000005e+01 1.20000005e+01
 1.20000005e+01 3.00000000e+01 3.00000000e+01 3.00000000e+01
 3.00000000e+01 3.00000000e+01 2.20000005e+01 2.20000005e+01
 1.50000000e+01 1.50000000e+01 1.50000000e+01 1.50000000e+01
 2.00000000e+01 2.00000000e+01 1.50000000e+01 2.00000000e+01
 2.00000000e+01 2.00000000e+01 2.00000000e+01 2.00000000e+01
 2.00000000e+01 1.50000000e+01 2.00000000e+01 1.00000000e+01
 1.20000005e+01 1.25000000e+01 1.29999995e+01 1.50000000e+01
 1.50000000e+01 1.75000000e+01 1.50000000e+01 1.75000000e+01
 1.75000000e+01 1.89999998e+01 2.79999995e+01 2.79999995e+01
 2.79999995e+01 2.40000010e+01 2.40000010e+01 9.99999975e-04
 6.99999988e+00 6.99999988e+00 1.00000000e+01 1.00000000e+01
 1.00000000e+01 1.29999995e+01 1.29999995e+01 1.29999995e+01
 1.29999995e+01 2.00000000e+01 1.00000000e+01 1.00000000e+01
 1.00000000e+01 1.00000000e+01 1.00000000e+01 1.00000000e+01
 2.00000000e+01 1.00000000e-03 1.00000000e-03 1.00000000e-03
 1.00000000e-03 1.00000000e-03 1.00000000e-03 1.00000000e-03
 1.00000000e-03 1.00000000e-03 1.00000000e-03 1.00000000e-03
 1.00000000e-03 1.00000000e-03 1.00000000e-03 1.00000000e-03
 1.00000000e-03 1.00000000e-03 1.00000000e-03 1.00000000e-03
 1.00000000e-03 1.00000000e-03 1.00000000e-03 1.00000000e-03
 1.00000000e-03 1.00000000e-03 1.00000000e-03 1.00000000e-03
 1.00000000e-03 1.00000000e-03 1.00000000e-03 1.00000000e-03
 1.00000000e-03 1.00000000e-03 1.00000000e-03 1.50000000e+01
 2.00000000e+01 1.50000000e+01 1.20000000e+01 1.20000000e+01
 1.20000000e+01 1.20000000e+01 1.20000000e+01 1.20000000e+01
 1.20000000e+01 1.20000000e+01 8.00000000e+00 1.20000000e+01
 1.20000000e+01 1.60000000e+01 2.50000000e+01 1.00000000e+01
 1.00000000e+01 1.30000000e+01]","[22.90635148 23.66883532 16.56458524 14.56469545  1.85114486  3.91420157
  2.62248361  2.20513753 10.85948134 13.95820002 16.29738632 10.54413627
 10.6380288  14.75525003 11.31507919 10.07771282 10.12187752  8.31604778
 11.98617383 13.2097026   6.4920763   2.76713215  4.53522528  3.54323674
  2.22010645  5.3058825   9.52768758 14.41777274 16.67402511 18.14757134
 17.81249011 18.27499999 16.92834762 16.85725004 16.90425766 17.58047262
 14.25379894 11.75949768 15.72497765 16.05061146 14.9478215  16.49900015
 17.14731012  9.31606515  6.58384831  9.30747323  8.24927193  7.6957174
 13.22998263 15.50132375 16.13500012 16.10623125 14.71950014 13.65750016
 15.56900139 14.69250262 14.64475012 14.21773141 13.91025512 13.97100136
 14.14402636 19.12492556 19.50394762 23.66578803 21.89520629 21.66249007
 18.39158561 17.26125475  9.60693662 10.00502876 10.42101387 12.16384281
 12.00953022 14.01893009 15.15025141 17.5915013  12.08701013 14.31281882
 19.30175627 14.06550887 20.16599998 15.2762888  20.92451252 15.54624999
 15.55431377 15.3890013  16.22373128 16.83123125 16.53373124 15.71078254
 14.79545385 15.91042635 16.88905003 17.08025007 27.55074973 27.81149977
 27.36725101 24.55525045 23.50475021  2.59636093  7.2064349  10.25556675
  8.38742672  8.19715052  9.01523534  9.11336149  9.41372397  9.05008281
  9.18243777 10.81407771 10.33485895 11.0524039  10.54000502 10.47525379
 11.02200128 11.70679509 10.87159509  6.63423612  8.12427706  4.72320061
  5.8152141   5.63119956  7.98044364  6.53538145  6.90786191  7.25481572
  5.98915554  5.90788546  8.57969309  5.97439045  8.76725473  5.27304916
  7.01140907  5.86109654  6.0721214   5.9490383   7.14470619  5.647398
  6.90067156  2.56957808  9.94408851 10.52847198  9.92800098  7.48208498
  6.31591883  4.97770093 11.08115794 10.53709462  6.33319564  6.92783276
  5.80373718  3.46145694  5.47681802  6.821876   14.41650134 14.88546267
 14.34173136 13.40498264 14.42325137 14.73900135 15.4515002  15.02325384
 12.27927265 13.09000134 13.42725138 13.8762501  22.11750002 10.55414524
 10.58403385 18.04787506]"
P_kbar,XGB,opx_liq,0.0027094661291512372,6.426723300143681,4.421683652487575,0.5852416607050259,4.066686443911331,0.44819123147852413,0.00042159371154047693,"{'subsample': 0.8, 'reg_lambda': 1, 'reg_alpha': 0, 'n_estimators': 200, 'max_depth': 6, 'learning_rate': 0.2, 'colsample_bytree': 0.8}",74,19,"[5.00000000e+01 5.00000000e+01 4.69999981e+01 5.00000000e+01
 9.99999975e-04 9.99999975e-04 9.99999975e-04 9.99999975e-04
 1.00000000e+01 1.00000000e+01 1.50000000e+01 1.00000000e+01
 1.00000000e+01 1.50000000e+01 1.00000000e+01 1.00000000e+01
 1.00000000e+01 6.99999988e+00 1.00000000e+01 1.14999998e+01
 9.99999975e-04 9.99999975e-04 2.00000003e+00 2.00000003e+00
 2.00000003e+00 8.00000012e+00 1.50000000e+01 1.60000002e+01
 1.60000002e+01 1.79999995e+01 1.79999995e+01 2.00000000e+01
 2.00000000e+01 2.00000000e+01 2.00000000e+01 2.00000000e+01
 1.39999998e+01 1.60000002e+01 1.70000005e+01 1.79999995e+01
 1.79999995e+01 2.00000000e+01 2.00000000e+01 2.29999995e+01
 8.99999976e+00 8.99999976e+00 8.99999976e+00 8.99999976e+00
 1.10000002e+01 1.29999995e+01 1.60000002e+01 1.60000002e+01
 1.60000002e+01 1.29999995e+01 1.60000002e+01 1.20000005e+01
 1.20000005e+01 1.20000005e+01 1.20000005e+01 1.20000005e+01
 1.20000005e+01 3.00000000e+01 3.00000000e+01 3.00000000e+01
 3.00000000e+01 3.00000000e+01 2.20000005e+01 2.20000005e+01
 1.50000000e+01 1.50000000e+01 1.50000000e+01 1.50000000e+01
 2.00000000e+01 2.00000000e+01 1.50000000e+01 2.00000000e+01
 2.00000000e+01 2.00000000e+01 2.00000000e+01 2.00000000e+01
 2.00000000e+01 1.50000000e+01 2.00000000e+01 1.00000000e+01
 1.20000005e+01 1.25000000e+01 1.29999995e+01 1.50000000e+01
 1.50000000e+01 1.75000000e+01 1.50000000e+01 1.75000000e+01
 1.75000000e+01 1.89999998e+01 2.79999995e+01 2.79999995e+01
 2.79999995e+01 2.40000010e+01 2.40000010e+01 9.99999975e-04
 6.99999988e+00 6.99999988e+00 1.00000000e+01 1.00000000e+01
 1.00000000e+01 1.29999995e+01 1.29999995e+01 1.29999995e+01
 1.29999995e+01 2.00000000e+01 1.00000000e+01 1.00000000e+01
 1.00000000e+01 1.00000000e+01 1.00000000e+01 1.00000000e+01
 2.00000000e+01 1.00000000e-03 1.00000000e-03 1.00000000e-03
 1.00000000e-03 1.00000000e-03 1.00000000e-03 1.00000000e-03
 1.00000000e-03 1.00000000e-03 1.00000000e-03 1.00000000e-03
 1.00000000e-03 1.00000000e-03 1.00000000e-03 1.00000000e-03
 1.00000000e-03 1.00000000e-03 1.00000000e-03 1.00000000e-03
 1.00000000e-03 1.00000000e-03 1.00000000e-03 1.00000000e-03
 1.00000000e-03 1.00000000e-03 1.00000000e-03 1.00000000e-03
 1.00000000e-03 1.00000000e-03 1.00000000e-03 1.00000000e-03
 1.00000000e-03 1.00000000e-03 1.00000000e-03 1.50000000e+01
 2.00000000e+01 1.50000000e+01 1.20000000e+01 1.20000000e+01
 1.20000000e+01 1.20000000e+01 1.20000000e+01 1.20000000e+01
 1.20000000e+01 1.20000000e+01 8.00000000e+00 1.20000000e+01
 1.20000000e+01 1.60000000e+01 2.50000000e+01 1.00000000e+01
 1.00000000e+01 1.30000000e+01]","[38.507175   38.35258    18.944813   16.875475    2.178354    0.36681563
  1.3828722   0.3353611  10.445501   11.951708   17.49657    10.370546
  8.210911   15.081161   12.536656   10.565543   10.331198    8.858106
 12.885129   11.834931    7.016516    3.4280891   5.257646    4.6178107
  4.3981733   3.5332701  10.309561   12.903971   14.054002   16.261515
 16.033243   18.793497   14.224354   16.613625   14.6380825  13.411284
 14.854755   12.238832   22.44554    16.855852   16.726122   16.028986
 25.636705   11.19643    10.022374   10.044673    8.404984    7.4916444
 13.063929   15.125214   14.165686   14.846143   16.935686   13.869041
 16.24377    13.772229   12.282448   12.717762   12.969772   14.464259
 13.936357   18.92298    17.61742    24.462582   20.936451   21.878498
 20.448774   32.911217   10.166906    9.503366    8.892892   11.839639
  9.590568   15.814501   11.976701   15.301664   11.18406    12.730782
 21.086716   10.457411   17.94075    14.598917   22.250658   15.589532
 13.932752   13.915599   15.374382   15.812467   16.106184   14.570383
 14.243428   14.702773   15.668224   17.020784   28.417929   29.098042
 26.53554    26.579472   23.072748    0.48765776  9.200056   14.015483
 11.360335   11.818328   12.540399   10.843449   14.755469   11.586446
 15.589039    9.723868    9.4742565   9.68786     9.8239     10.090811
 10.005606   10.960726    9.6220045   7.292142    9.5133095   2.400616
  6.5223827   4.6184874  13.068088    7.6033807   7.6932273   4.473724
  7.4810014   7.027101    8.0784445   5.7513304   9.702759    5.8805947
  7.1522083   5.8119826   3.7995548   5.958163    6.411913    9.488543
  5.340697    2.2728586  12.044285   10.941996   14.916868    8.901007
  9.217102    3.9490156  15.190866   13.482715    7.0921865   8.707392
  6.395386    6.694304    4.772118    8.698538   13.481565   15.579603
 12.811888   11.516223   13.067811   12.52704    15.984415   13.015498
 11.486738   10.9366455  12.750483   13.654411   24.181238   10.253608
 11.943509   20.437725  ]"
P_kbar,GB,opx_liq,1.7263106829712438,5.565630802601167,3.8770760543211735,0.6889396109501671,3.84113017888541,0.5910241993479676,0.3101734096635427,"{'subsample': 0.8, 'n_estimators': 800, 'min_samples_split': 2, 'min_samples_leaf': 2, 'max_depth': 3, 'learning_rate': 0.01}",74,19,"[5.00000000e+01 5.00000000e+01 4.69999981e+01 5.00000000e+01
 9.99999975e-04 9.99999975e-04 9.99999975e-04 9.99999975e-04
 1.00000000e+01 1.00000000e+01 1.50000000e+01 1.00000000e+01
 1.00000000e+01 1.50000000e+01 1.00000000e+01 1.00000000e+01
 1.00000000e+01 6.99999988e+00 1.00000000e+01 1.14999998e+01
 9.99999975e-04 9.99999975e-04 2.00000003e+00 2.00000003e+00
 2.00000003e+00 8.00000012e+00 1.50000000e+01 1.60000002e+01
 1.60000002e+01 1.79999995e+01 1.79999995e+01 2.00000000e+01
 2.00000000e+01 2.00000000e+01 2.00000000e+01 2.00000000e+01
 1.39999998e+01 1.60000002e+01 1.70000005e+01 1.79999995e+01
 1.79999995e+01 2.00000000e+01 2.00000000e+01 2.29999995e+01
 8.99999976e+00 8.99999976e+00 8.99999976e+00 8.99999976e+00
 1.10000002e+01 1.29999995e+01 1.60000002e+01 1.60000002e+01
 1.60000002e+01 1.29999995e+01 1.60000002e+01 1.20000005e+01
 1.20000005e+01 1.20000005e+01 1.20000005e+01 1.20000005e+01
 1.20000005e+01 3.00000000e+01 3.00000000e+01 3.00000000e+01
 3.00000000e+01 3.00000000e+01 2.20000005e+01 2.20000005e+01
 1.50000000e+01 1.50000000e+01 1.50000000e+01 1.50000000e+01
 2.00000000e+01 2.00000000e+01 1.50000000e+01 2.00000000e+01
 2.00000000e+01 2.00000000e+01 2.00000000e+01 2.00000000e+01
 2.00000000e+01 1.50000000e+01 2.00000000e+01 1.00000000e+01
 1.20000005e+01 1.25000000e+01 1.29999995e+01 1.50000000e+01
 1.50000000e+01 1.75000000e+01 1.50000000e+01 1.75000000e+01
 1.75000000e+01 1.89999998e+01 2.79999995e+01 2.79999995e+01
 2.79999995e+01 2.40000010e+01 2.40000010e+01 9.99999975e-04
 6.99999988e+00 6.99999988e+00 1.00000000e+01 1.00000000e+01
 1.00000000e+01 1.29999995e+01 1.29999995e+01 1.29999995e+01
 1.29999995e+01 2.00000000e+01 1.00000000e+01 1.00000000e+01
 1.00000000e+01 1.00000000e+01 1.00000000e+01 1.00000000e+01
 2.00000000e+01 1.00000000e-03 1.00000000e-03 1.00000000e-03
 1.00000000e-03 1.00000000e-03 1.00000000e-03 1.00000000e-03
 1.00000000e-03 1.00000000e-03 1.00000000e-03 1.00000000e-03
 1.00000000e-03 1.00000000e-03 1.00000000e-03 1.00000000e-03
 1.00000000e-03 1.00000000e-03 1.00000000e-03 1.00000000e-03
 1.00000000e-03 1.00000000e-03 1.00000000e-03 1.00000000e-03
 1.00000000e-03 1.00000000e-03 1.00000000e-03 1.00000000e-03
 1.00000000e-03 1.00000000e-03 1.00000000e-03 1.00000000e-03
 1.00000000e-03 1.00000000e-03 1.00000000e-03 1.50000000e+01
 2.00000000e+01 1.50000000e+01 1.20000000e+01 1.20000000e+01
 1.20000000e+01 1.20000000e+01 1.20000000e+01 1.20000000e+01
 1.20000000e+01 1.20000000e+01 8.00000000e+00 1.20000000e+01
 1.20000000e+01 1.60000000e+01 2.50000000e+01 1.00000000e+01
 1.00000000e+01 1.30000000e+01]","[42.7402303  41.02802201 23.13810387 21.95303955  2.30808814  1.66403753
  1.44569744  0.47798238 10.02329236 12.35241978 15.73915378 10.30550084
  9.82555727 14.30899262 10.17604587  8.92841393 10.11224227  9.20060893
 13.28639024 13.0732539   5.2764128   2.36734007  3.73374381  1.16235104
  1.86038398  4.41625271  8.21038091 13.04748181 15.00120449 16.08637647
 16.34040821 21.04917337 14.59238722 16.0194035  15.10300557 14.23538503
 16.3687313  10.28091571 17.19847035 17.90540724 17.16978123 15.89596971
 20.90772407  7.93099106  8.23498254  8.16328317  6.54237705  5.50980795
 12.40625753 14.51301371 15.39843099 15.9139168  15.16473173 12.75849245
 15.52374018 12.77817339 14.93413636 14.63709839 13.12976077 13.23212196
 12.8017059  21.08906161 21.92095798 26.6445596  22.86991019 23.62692929
 23.3772673  26.75486635  7.18328749  8.80300771  9.08367693 12.59199175
 11.74186606 12.88884487 15.93594578 16.89390086 14.4574694  13.65476021
 21.73527192 16.89715688 20.00313869 13.84091863 24.05987735 15.02769671
 14.38782323 14.88729981 14.47310943 14.94603461 15.05791251 14.8255907
 13.98549523 15.06096837 14.97691854 15.12426605 27.70425533 28.04730545
 29.67931671 27.60613752 24.8940784   0.48306608  8.00399159 14.92572283
  9.63704098 11.15491743  9.66407822 11.67384798 11.71784046 10.29420963
 12.24011102 10.54419076  9.56885082 10.89807351 11.27854951 11.33011432
 10.8924604  11.38087565 10.34622788  6.4083503   7.05567937  5.6019029
  4.37892913  4.89780144  9.48493814  5.51766517  7.98875578  5.84147189
  6.16287734  5.40430249  8.65046415  5.46851608  8.74848123  6.19942177
  5.61511118  3.92440055  3.69607746  6.76192468  6.37314481  8.7461977
  5.11763125  3.58277801  8.3951514   9.79934179 10.18716023  7.88664292
  5.22055853  4.13357799 12.88058806 11.20835172  6.47208013  6.53100928
  5.10757094  4.23457029  5.25077577  7.32842957 12.47775275 15.49818595
 15.22994976 12.19865541 13.2793685  13.41400067 15.63048973 12.71621132
 10.6406004   9.7332365  11.61048723 12.55390122 22.26679453 10.30621105
 11.88724672 17.00964563]"
