track,feature_set,model_name,target,best_rmse_cv,best_trial,n_trials_completed,n_trials_pruned,n_trials_failed,best_params,elapsed_s
opx_only,raw,RF,T_C,141.21257215923848,43,50,0,0,"{'n_estimators': 600, 'max_depth': 13, 'min_samples_split': 5, 'min_samples_leaf': 1, 'max_features': 0.43863039467209686}",102.7
opx_only,raw,RF,P_kbar,10.977881238335906,11,50,0,0,"{'n_estimators': 500, 'max_depth': 14, 'min_samples_split': 2, 'min_samples_leaf': 5, 'max_features': 0.9328204779927532}",146.8
opx_only,raw,ERT,T_C,139.51210135826113,42,50,0,0,"{'n_estimators': 400, 'max_depth': 10, 'min_samples_split': 2, 'min_samples_leaf': 1, 'max_features': 0.7598116105731882}",63.8
opx_only,raw,ERT,P_kbar,10.792964040339138,15,50,0,0,"{'n_estimators': 800, 'max_depth': 19, 'min_samples_split': 7, 'min_samples_leaf': 4, 'max_features': 0.7903240753137547}",88.6
opx_only,raw,XGB,T_C,136.7624878232359,33,50,0,0,"{'n_estimators': 300, 'max_depth': 3, 'learning_rate': 0.04590417330988274, 'subsample': 0.8706421499699768, 'colsample_bytree': 0.7548360285746123, 'reg_alpha': 0.16867181293084388, 'reg_lambda': 1.6756177344558252, 'min_child_weight': 1}",57.6
opx_only,raw,XGB,P_kbar,10.659466131880059,33,50,0,0,"{'n_estimators': 200, 'max_depth': 6, 'learning_rate': 0.014748120873910569, 'subsample': 0.881548631898809, 'colsample_bytree': 0.9411390870933829, 'reg_alpha': 6.409731057654383, 'reg_lambda': 3.050408192597233, 'min_child_weight': 3}",52.8
opx_only,raw,GB,T_C,141.2237733077726,19,50,0,0,"{'max_iter': 400, 'max_depth': 10, 'learning_rate': 0.07809496264049752, 'min_samples_leaf': 38, 'l2_regularization': 0.03901185653266186, 'max_leaf_nodes': 50}",102.5
opx_only,raw,GB,P_kbar,10.560995314806634,24,50,0,0,"{'max_iter': 200, 'max_depth': 10, 'learning_rate': 0.015704299630186942, 'min_samples_leaf': 48, 'l2_regularization': 0.002951691457783485, 'max_leaf_nodes': 64}",78.4
opx_only,alr,RF,T_C,140.4652024363302,26,50,0,0,"{'n_estimators': 700, 'max_depth': 11, 'min_samples_split': 4, 'min_samples_leaf': 1, 'max_features': 0.3614347829642153}",135.4
opx_only,alr,RF,P_kbar,10.83792751090555,31,50,0,0,"{'n_estimators': 800, 'max_depth': 13, 'min_samples_split': 10, 'min_samples_leaf': 5, 'max_features': 0.949292101175691}",185.8
opx_only,alr,ERT,T_C,139.90926107849512,43,50,0,0,"{'n_estimators': 500, 'max_depth': 30, 'min_samples_split': 5, 'min_samples_leaf': 1, 'max_features': 0.9696035446516708}",119.1
opx_only,alr,ERT,P_kbar,10.864037799284835,28,50,0,0,"{'n_estimators': 200, 'max_depth': 38, 'min_samples_split': 5, 'min_samples_leaf': 3, 'max_features': 0.9081876172303992}",81.7
opx_only,alr,XGB,T_C,134.6905574599168,34,50,0,0,"{'n_estimators': 500, 'max_depth': 6, 'learning_rate': 0.014068172374557167, 'subsample': 0.60085424293986, 'colsample_bytree': 0.7751528046837222, 'reg_alpha': 0.124089851608055, 'reg_lambda': 0.8092405952349006, 'min_child_weight': 1}",181.1
opx_only,alr,XGB,P_kbar,10.701900981469237,42,50,0,0,"{'n_estimators': 200, 'max_depth': 9, 'learning_rate': 0.018044582132088503, 'subsample': 0.9896459462540093, 'colsample_bytree': 0.7719290906775634, 'reg_alpha': 1.3430417787943512, 'reg_lambda': 8.449558888950277, 'min_child_weight': 8}",75.8
opx_only,alr,GB,T_C,140.56986133718843,24,50,0,0,"{'max_iter': 300, 'max_depth': 9, 'learning_rate': 0.010415644606274546, 'min_samples_leaf': 37, 'l2_regularization': 0.0001119158165983473, 'max_leaf_nodes': 34}",126.2
opx_only,alr,GB,P_kbar,10.524974218408063,7,50,0,0,"{'max_iter': 200, 'max_depth': 10, 'learning_rate': 0.02171103454376615, 'min_samples_leaf': 37, 'l2_regularization': 0.003618723330959626, 'max_leaf_nodes': 45}",100.2
opx_only,pwlr,RF,T_C,133.08240161348078,15,50,0,0,"{'n_estimators': 200, 'max_depth': 32, 'min_samples_split': 4, 'min_samples_leaf': 1, 'max_features': 0.3367597600898754}",185.6
opx_only,pwlr,RF,P_kbar,10.266859183189608,44,50,0,0,"{'n_estimators': 700, 'max_depth': 17, 'min_samples_split': 2, 'min_samples_leaf': 4, 'max_features': 0.645274662952607}",256.3
opx_only,pwlr,ERT,T_C,132.53203165557292,46,50,0,0,"{'n_estimators': 400, 'max_depth': 16, 'min_samples_split': 5, 'min_samples_leaf': 2, 'max_features': 0.959649015243725}",117.5
opx_only,pwlr,ERT,P_kbar,10.393403890374367,41,50,0,0,"{'n_estimators': 400, 'max_depth': 10, 'min_samples_split': 7, 'min_samples_leaf': 4, 'max_features': 0.5254895450437925}",79.9
opx_only,pwlr,XGB,T_C,132.0550905310099,37,50,0,0,"{'n_estimators': 800, 'max_depth': 8, 'learning_rate': 0.025798402314638237, 'subsample': 0.6706511760066806, 'colsample_bytree': 0.6683583148337462, 'reg_alpha': 0.0078319848508762, 'reg_lambda': 0.48631194668700506, 'min_child_weight': 2}",518.2
opx_only,pwlr,XGB,P_kbar,10.03759637586832,32,50,0,0,"{'n_estimators': 700, 'max_depth': 8, 'learning_rate': 0.11774471603456654, 'subsample': 0.7739066866913367, 'colsample_bytree': 0.6488150583612358, 'reg_alpha': 0.0007156271299969353, 'reg_lambda': 1.0168608244569377, 'min_child_weight': 4}",275.1
opx_only,pwlr,GB,T_C,137.73624359169128,12,50,0,0,"{'max_iter': 800, 'max_depth': 10, 'learning_rate': 0.01689596899223567, 'min_samples_leaf': 14, 'l2_regularization': 0.002313031028423451, 'max_leaf_nodes': 77}",674.7
opx_only,pwlr,GB,P_kbar,10.370482295798444,39,50,0,0,"{'max_iter': 200, 'max_depth': 6, 'learning_rate': 0.014184294158192657, 'min_samples_leaf': 40, 'l2_regularization': 0.000143407330654096, 'max_leaf_nodes': 31}",299.2
opx_liq,raw,RF,T_C,79.47189161742929,11,50,0,0,"{'n_estimators': 600, 'max_depth': 7, 'min_samples_split': 4, 'min_samples_leaf': 2, 'max_features': 0.8327060098896433}",141.3
opx_liq,raw,RF,P_kbar,5.616023288251974,47,50,0,0,"{'n_estimators': 700, 'max_depth': 19, 'min_samples_split': 2, 'min_samples_leaf': 1, 'max_features': 0.6340065654844887}",155.9
opx_liq,raw,ERT,T_C,77.8407979778566,45,50,0,0,"{'n_estimators': 800, 'max_depth': 28, 'min_samples_split': 4, 'min_samples_leaf': 2, 'max_features': 0.9762799285983367}",98.8
opx_liq,raw,ERT,P_kbar,5.4686331827367995,28,50,0,0,"{'n_estimators': 800, 'max_depth': 38, 'min_samples_split': 3, 'min_samples_leaf': 1, 'max_features': 0.9667280361382236}",104.9
opx_liq,raw,XGB,T_C,75.43590235968857,21,50,0,0,"{'n_estimators': 800, 'max_depth': 4, 'learning_rate': 0.011006700027444857, 'subsample': 0.7610866841567874, 'colsample_bytree': 0.8940662480571784, 'reg_alpha': 0.0012475769766455479, 'reg_lambda': 0.04330019631637472, 'min_child_weight': 3}",63.7
opx_liq,raw,XGB,P_kbar,4.841931971213271,41,50,0,0,"{'n_estimators': 800, 'max_depth': 3, 'learning_rate': 0.01863482860663478, 'subsample': 0.656715645474182, 'colsample_bytree': 0.9409679707458907, 'reg_alpha': 0.0006782290125591015, 'reg_lambda': 2.520106803290839, 'min_child_weight': 3}",77.0
opx_liq,raw,GB,T_C,78.12363036087874,27,50,0,0,"{'max_iter': 400, 'max_depth': 4, 'learning_rate': 0.01001391429235529, 'min_samples_leaf': 10, 'l2_regularization': 0.0004305608289370158, 'max_leaf_nodes': 81}",278.6
opx_liq,raw,GB,P_kbar,4.988686765848182,40,50,0,0,"{'max_iter': 400, 'max_depth': 3, 'learning_rate': 0.05466586286870985, 'min_samples_leaf': 22, 'l2_regularization': 0.0008290237734273495, 'max_leaf_nodes': 39}",160.7
opx_liq,alr,RF,T_C,77.86280044610027,49,50,0,0,"{'n_estimators': 700, 'max_depth': 16, 'min_samples_split': 4, 'min_samples_leaf': 1, 'max_features': 0.9617027856430507}",135.6
opx_liq,alr,RF,P_kbar,5.499321896828266,30,50,0,0,"{'n_estimators': 400, 'max_depth': 17, 'min_samples_split': 2, 'min_samples_leaf': 1, 'max_features': 0.9913821292378133}",114.7
opx_liq,alr,ERT,T_C,81.1943724789196,44,50,0,0,"{'n_estimators': 200, 'max_depth': 24, 'min_samples_split': 2, 'min_samples_leaf': 2, 'max_features': 0.9370355482731967}",77.0
opx_liq,alr,ERT,P_kbar,5.721203356059256,27,50,0,0,"{'n_estimators': 800, 'max_depth': 40, 'min_samples_split': 4, 'min_samples_leaf': 1, 'max_features': 0.9207149490479796}",101.4
opx_liq,alr,XGB,T_C,73.77979458119104,23,50,0,0,"{'n_estimators': 300, 'max_depth': 9, 'learning_rate': 0.044370239327904265, 'subsample': 0.6186102537284777, 'colsample_bytree': 0.8347988374863223, 'reg_alpha': 0.4266519616462753, 'reg_lambda': 0.013001812345396529, 'min_child_weight': 8}",98.6
opx_liq,alr,XGB,P_kbar,5.097027895568163,48,50,0,0,"{'n_estimators': 600, 'max_depth': 4, 'learning_rate': 0.05520376279413778, 'subsample': 0.8965368530363559, 'colsample_bytree': 0.9369811632028784, 'reg_alpha': 0.13218554366329102, 'reg_lambda': 1.4140951144310965, 'min_child_weight': 2}",74.0
opx_liq,alr,GB,T_C,76.60083825042855,9,50,0,0,"{'max_iter': 600, 'max_depth': 10, 'learning_rate': 0.01303561122512888, 'min_samples_leaf': 18, 'l2_regularization': 0.00016832027985721928, 'max_leaf_nodes': 29}",328.4
opx_liq,alr,GB,P_kbar,5.373849510538128,35,50,0,0,"{'max_iter': 800, 'max_depth': 3, 'learning_rate': 0.029444696740863748, 'min_samples_leaf': 42, 'l2_regularization': 0.0001642303208889874, 'max_leaf_nodes': 47}",188.6
opx_liq,pwlr,RF,T_C,77.33871297848788,40,50,0,0,"{'n_estimators': 800, 'max_depth': 22, 'min_samples_split': 2, 'min_samples_leaf': 3, 'max_features': 0.6732159423748726}",159.2
opx_liq,pwlr,RF,P_kbar,5.478491945839622,40,50,0,0,"{'n_estimators': 600, 'max_depth': 13, 'min_samples_split': 2, 'min_samples_leaf': 2, 'max_features': 0.6214287464725687}",192.2
opx_liq,pwlr,ERT,T_C,77.83569191422718,49,50,0,0,"{'n_estimators': 300, 'max_depth': 29, 'min_samples_split': 8, 'min_samples_leaf': 3, 'max_features': 0.94793431026209}",101.2
opx_liq,pwlr,ERT,P_kbar,5.718183175486146,41,50,0,0,"{'n_estimators': 200, 'max_depth': 19, 'min_samples_split': 6, 'min_samples_leaf': 1, 'max_features': 0.9765770522028188}",80.8
opx_liq,pwlr,XGB,T_C,74.63089070094638,43,50,0,0,"{'n_estimators': 200, 'max_depth': 4, 'learning_rate': 0.055660389092322814, 'subsample': 0.8352306366245513, 'colsample_bytree': 0.6092767764644771, 'reg_alpha': 0.00020031093636758556, 'reg_lambda': 0.021918881030042102, 'min_child_weight': 9}",128.6
opx_liq,pwlr,XGB,P_kbar,4.7766335921890715,46,50,0,0,"{'n_estimators': 800, 'max_depth': 3, 'learning_rate': 0.015441107302807584, 'subsample': 0.7540912918616595, 'colsample_bytree': 0.8998866913681112, 'reg_alpha': 0.9635564343883989, 'reg_lambda': 7.971774745976854, 'min_child_weight': 2}",164.0
opx_liq,pwlr,GB,T_C,75.6349745115635,46,50,0,0,"{'max_iter': 400, 'max_depth': 9, 'learning_rate': 0.01126423210556121, 'min_samples_leaf': 20, 'l2_regularization': 0.006953511542018146, 'max_leaf_nodes': 22}",372.2
opx_liq,pwlr,GB,P_kbar,5.064986762781964,25,50,0,0,"{'max_iter': 800, 'max_depth': 3, 'learning_rate': 0.030143189993220822, 'min_samples_leaf': 14, 'l2_regularization': 0.1305105585202014, 'max_leaf_nodes': 29}",136.2
