pipeline,model,target,track,feature_set,mean,std,min,max,count
cpx,CatBoost,P_kbar,cpx_liq,alr,7.3849075146508865,0.15245773537659574,7.122130299384746,7.647469703138692,20
cpx,CatBoost,P_kbar,cpx_liq,pwlr,7.278176005117845,0.18184740330434596,6.937370127615255,7.576383616531658,20
cpx,CatBoost,P_kbar,cpx_liq,raw,7.8442110926234605,0.15204006081690496,7.584733580929088,8.140962813521377,20
cpx,CatBoost,P_kbar,cpx_only,alr,15.635169254128517,0.3125186528310083,15.214179993049903,16.220910241378217,20
cpx,CatBoost,P_kbar,cpx_only,pwlr,15.726494167201926,0.6521211215482612,14.487035561510634,16.875164130402144,20
cpx,CatBoost,P_kbar,cpx_only,raw,14.318432839357925,0.09812668589339685,14.138098929544714,14.56135840787119,20
cpx,CatBoost,T_C,cpx_liq,alr,76.69886764096535,1.0331242950976007,74.33290127430752,78.11768641548642,20
cpx,CatBoost,T_C,cpx_liq,pwlr,72.77521182753057,0.7929434179513893,71.33050490161042,74.18183346859539,20
cpx,CatBoost,T_C,cpx_liq,raw,75.54266746349518,0.8388451684344607,73.28995132885835,76.72002332657844,20
cpx,CatBoost,T_C,cpx_only,alr,136.9047278281201,0.7706476853523081,135.55643231451248,138.1527196759428,20
cpx,CatBoost,T_C,cpx_only,pwlr,134.7297758228191,1.061571302762461,133.39152124486665,137.02158378842944,20
cpx,CatBoost,T_C,cpx_only,raw,140.74310566078634,1.2009922674398932,138.51777505397249,143.67574127483644,20
cpx,ERT,P_kbar,cpx_liq,alr,7.607998394917121,0.05295769110768471,7.526802699122357,7.712332411803629,20
cpx,ERT,P_kbar,cpx_liq,pwlr,7.383734530444032,0.04648982995410652,7.302536885176809,7.452791256907339,20
cpx,ERT,P_kbar,cpx_liq,raw,7.3336463445358175,0.035123934365759904,7.287388382076632,7.3957876759131,20
cpx,ERT,P_kbar,cpx_only,alr,14.392609008907502,0.09574103850011594,14.19441191454021,14.575046782831858,20
cpx,ERT,P_kbar,cpx_only,pwlr,14.083206426342638,0.07959437106446225,13.926461816245162,14.222650238238382,20
cpx,ERT,P_kbar,cpx_only,raw,14.197797825638839,0.07324548056279705,14.069154493011393,14.30678209854982,20
cpx,ERT,T_C,cpx_liq,alr,76.0399258545084,0.3102099542711431,75.44892143294008,76.53970792547702,20
cpx,ERT,T_C,cpx_liq,pwlr,72.47571867909348,0.20865485165529185,72.14537757307843,72.78829348938739,20
cpx,ERT,T_C,cpx_liq,raw,76.0050838266871,0.15463179289471365,75.74010315343786,76.29736767007329,20
cpx,ERT,T_C,cpx_only,alr,133.13216732420642,0.5561465475506145,132.05443949220307,133.97050986798257,20
cpx,ERT,T_C,cpx_only,pwlr,127.0219367725089,0.30455353696616777,126.25711072451298,127.5142855677837,20
cpx,ERT,T_C,cpx_only,raw,142.5213015525695,0.463976465724457,141.64229306304287,143.48690224205825,20
cpx,ElasticNet,P_kbar,cpx_liq,alr,7.712227991981382,0.0,7.712227991981382,7.712227991981382,20
cpx,ElasticNet,P_kbar,cpx_liq,pwlr,7.775659541363487,0.0,7.775659541363487,7.775659541363487,20
cpx,ElasticNet,P_kbar,cpx_liq,raw,9.225202737028804,0.0,9.225202737028804,9.225202737028804,20
cpx,ElasticNet,P_kbar,cpx_only,alr,15.984798370955644,0.0,15.984798370955644,15.984798370955644,20
cpx,ElasticNet,P_kbar,cpx_only,pwlr,15.781491226139186,0.0,15.781491226139186,15.781491226139186,20
cpx,ElasticNet,P_kbar,cpx_only,raw,16.102325975631732,0.0,16.102325975631732,16.102325975631732,20
cpx,ElasticNet,T_C,cpx_liq,alr,89.66595115175612,0.0,89.66595115175612,89.66595115175612,20
cpx,ElasticNet,T_C,cpx_liq,pwlr,91.8709006268369,0.0,91.8709006268369,91.8709006268369,20
cpx,ElasticNet,T_C,cpx_liq,raw,93.99018437258832,0.0,93.99018437258832,93.99018437258832,20
cpx,ElasticNet,T_C,cpx_only,alr,151.5589753504157,0.0,151.5589753504157,151.5589753504157,20
cpx,ElasticNet,T_C,cpx_only,pwlr,151.32654929532444,0.0,151.32654929532444,151.32654929532444,20
cpx,ElasticNet,T_C,cpx_only,raw,151.75057974977986,0.0,151.75057974977986,151.75057974977986,20
cpx,GB,P_kbar,cpx_liq,alr,7.262548958803217,0.0,7.262548958803217,7.262548958803217,20
cpx,GB,P_kbar,cpx_liq,pwlr,7.052132163652134,0.0,7.052132163652133,7.052132163652133,20
cpx,GB,P_kbar,cpx_liq,raw,7.259173965437225,0.0,7.259173965437224,7.259173965437224,20
cpx,GB,P_kbar,cpx_only,alr,20.248269063830325,0.0,20.248269063830325,20.248269063830325,20
cpx,GB,P_kbar,cpx_only,pwlr,15.6581509712797,0.0,15.6581509712797,15.6581509712797,20
cpx,GB,P_kbar,cpx_only,raw,14.20756348036959,0.0,14.20756348036959,14.20756348036959,20
cpx,GB,T_C,cpx_liq,alr,75.57558883291043,0.0,75.57558883291043,75.57558883291043,20
cpx,GB,T_C,cpx_liq,pwlr,75.66579252945712,0.0,75.66579252945712,75.66579252945712,20
cpx,GB,T_C,cpx_liq,raw,75.47126631357939,0.0,75.47126631357939,75.47126631357939,20
cpx,GB,T_C,cpx_only,alr,145.95019778247865,0.0,145.95019778247865,145.95019778247865,20
cpx,GB,T_C,cpx_only,pwlr,131.59019236799173,0.0,131.59019236799173,131.59019236799173,20
cpx,GB,T_C,cpx_only,raw,146.36172653028345,0.0,146.36172653028345,146.36172653028345,20
cpx,LightGBM,P_kbar,cpx_liq,alr,7.369695966202608,0.052381151773565233,7.269569609930525,7.49962728487342,20
cpx,LightGBM,P_kbar,cpx_liq,pwlr,6.545968996153412,0.05022447665062234,6.472247864833115,6.647797079429865,20
cpx,LightGBM,P_kbar,cpx_liq,raw,7.389324311278825,0.07503155963696755,7.259524152859359,7.529114340576844,20
cpx,LightGBM,P_kbar,cpx_only,alr,18.964885204334962,0.45633190971307563,18.060771849728045,19.82044389143813,20
cpx,LightGBM,P_kbar,cpx_only,pwlr,15.26628674620726,0.09100373248480748,15.108679838645209,15.450486288749158,20
cpx,LightGBM,P_kbar,cpx_only,raw,14.370365575484703,0.10401129510378775,14.131617187259083,14.559928944765346,20
cpx,LightGBM,T_C,cpx_liq,alr,77.76417226426395,1.531657513064258,75.1069076609456,80.44354833734013,20
cpx,LightGBM,T_C,cpx_liq,pwlr,74.54681215775021,0.5108432571676612,73.67502438832486,75.23331372229559,20
cpx,LightGBM,T_C,cpx_liq,raw,76.17480205972848,1.3044055630667983,73.62791523243364,78.72572830795734,20
cpx,LightGBM,T_C,cpx_only,alr,144.78635792015615,0.6091244975514761,143.6338224958721,146.04306916665945,20
cpx,LightGBM,T_C,cpx_only,pwlr,133.04080225918054,0.47586238682036314,132.2225246642216,133.72551938584792,20
cpx,LightGBM,T_C,cpx_only,raw,144.14289758763417,0.6076108926215278,143.1414835236579,145.21277075902492,20
cpx,MLP,P_kbar,cpx_liq,alr,9.035144410812768,0.48701844712176234,8.27632341913134,9.955562637752342,20
cpx,MLP,P_kbar,cpx_liq,pwlr,7.633185612056804,0.5965605567924145,6.8361871858284,9.145686119793629,20
cpx,MLP,P_kbar,cpx_liq,raw,7.843052448212165,0.360367303209261,7.169816436827321,8.629130917110231,20
cpx,MLP,P_kbar,cpx_only,alr,13.663503031715866,0.283172686692653,13.128245887336483,14.167870385783448,20
cpx,MLP,P_kbar,cpx_only,pwlr,14.40307471452254,0.13842565027178394,14.171405374024587,14.745294224734325,20
cpx,MLP,P_kbar,cpx_only,raw,15.63885105762597,0.1933131339745648,15.413239522955427,16.209182850489235,20
cpx,MLP,T_C,cpx_liq,alr,108.58849482781974,7.675203794852726,96.20286046856212,123.44581682627256,20
cpx,MLP,T_C,cpx_liq,pwlr,122.16158688903121,15.049361399997373,97.8554991098618,145.2402485928756,20
cpx,MLP,T_C,cpx_liq,raw,106.76554566287894,6.6110124172626135,96.48763694826164,121.58428067481046,20
cpx,MLP,T_C,cpx_only,alr,136.96969299885188,3.1409199995622523,131.25491887480578,142.96180096786833,20
cpx,MLP,T_C,cpx_only,pwlr,136.44870145998283,7.350839090794133,127.55213926631976,151.8772746054381,20
cpx,MLP,T_C,cpx_only,raw,147.0765322212332,5.668679812859002,139.93299072508782,158.55883714790428,20
cpx,RF,P_kbar,cpx_liq,alr,7.35999201661519,0.05854691108489779,7.259307695598823,7.453707739563681,20
cpx,RF,P_kbar,cpx_liq,pwlr,7.108630353401634,0.05767582626075126,6.986499658206113,7.229477633165809,20
cpx,RF,P_kbar,cpx_liq,raw,7.559201950210332,0.04573572685774699,7.488217196931656,7.630383369151181,20
cpx,RF,P_kbar,cpx_only,alr,22.085685098306396,0.49087168786162005,21.334985193599152,23.3718400463185,20
cpx,RF,P_kbar,cpx_only,pwlr,19.557720795331335,0.39667997978658515,18.727832925825464,20.27446327597697,20
cpx,RF,P_kbar,cpx_only,raw,14.329490991094994,0.06814838356473508,14.207760971936352,14.459219864646029,20
cpx,RF,T_C,cpx_liq,alr,78.70673794252104,0.3513298508097036,77.97893815427773,79.22831644634603,20
cpx,RF,T_C,cpx_liq,pwlr,75.224132445113,0.297598497394275,74.56259361451272,75.63776086550037,20
cpx,RF,T_C,cpx_liq,raw,77.85158665033978,0.35087676762211234,77.02785964135722,78.58006096524686,20
cpx,RF,T_C,cpx_only,alr,144.84821668466506,1.3939686615005518,142.94864544308064,147.94547800182931,20
cpx,RF,T_C,cpx_only,pwlr,139.36102148554374,0.6691425211517434,138.264413698993,140.50072714096754,20
cpx,RF,T_C,cpx_only,raw,145.1434363777,0.4767786653713957,144.26297418457412,145.84133931191872,20
cpx,XGB,P_kbar,cpx_liq,alr,7.300999841667652,0.061369561917104756,7.166237181482627,7.406292841097794,20
cpx,XGB,P_kbar,cpx_liq,pwlr,6.933488526585263,0.16037264075517574,6.517433210666006,7.266612042167997,20
cpx,XGB,P_kbar,cpx_liq,raw,7.570091212237516,0.1023613043943019,7.391894915831462,7.761835031453382,20
cpx,XGB,P_kbar,cpx_only,alr,25.78738602237931,0.5109799046327107,24.998130942866,26.86868523734264,20
cpx,XGB,P_kbar,cpx_only,pwlr,17.450567411367295,1.3378123055005575,15.621433837037175,20.63032889886149,20
cpx,XGB,P_kbar,cpx_only,raw,15.13230269806974,0.34513824919827146,14.44603431395685,15.758739221567897,20
cpx,XGB,T_C,cpx_liq,alr,76.16193004311104,0.4239796125653052,75.58243472221426,76.82603772274273,20
cpx,XGB,T_C,cpx_liq,pwlr,73.2732316246179,1.1802301134460718,71.45923565377748,75.78970235090065,20
cpx,XGB,T_C,cpx_liq,raw,75.05241581546103,0.5927068504694567,73.85969911792284,76.05491861612448,20
cpx,XGB,T_C,cpx_only,alr,141.71432464848777,0.6246614553332719,140.61113803503534,142.90241527869605,20
cpx,XGB,T_C,cpx_only,pwlr,134.34609462410387,0.7927200294728841,133.09913365114647,136.76669870350258,20
cpx,XGB,T_C,cpx_only,raw,144.39036933344912,0.5870931661688268,143.31263470020193,145.68729119097537,20
