track,model,repr,target,n_aug,seed,rmse_test,rmse_train,r2_test,overfit_ratio
opx_liq,RF,raw,T_C,1,42,87.79730154457168,0.0,0.5993980587691645,0.0
opx_liq,XGB,raw,T_C,1,42,91.9754158570108,0.05553095289526767,0.5603630020664646,0.0006037586498287611
opx_liq,RF,raw,P_kbar,1,42,5.934200581055031,1.8098272137606804e-08,0.6209462180035346,3.0498248062907814e-09
opx_liq,XGB,raw,P_kbar,1,42,5.614171102357699,0.004079405656860152,0.66072826516439,0.0007266265282059154
opx_liq,RF,raw,T_C,3,42,98.65317682093541,0.0,0.4942069433286609,0.0
opx_liq,XGB,raw,T_C,3,42,97.63388955225813,0.7968364058199001,0.5046046843788794,0.008161473536229414
opx_liq,RF,raw,P_kbar,3,42,6.013641836943839,2.242919510359249e-08,0.6107294865537978,3.729719147190035e-09
opx_liq,XGB,raw,P_kbar,3,42,5.265437939274297,0.047248402763348046,0.7015680014340613,0.008973309211552497
opx_liq,RF,raw,T_C,5,42,101.5026732457738,0.0,0.4645663346487404,0.0
opx_liq,XGB,raw,T_C,5,42,100.058283455527,1.8411104150518642,0.4796964254486308,0.018400379773356637
opx_liq,RF,raw,P_kbar,5,42,6.070390664491117,2.5935616376147934e-08,0.6033479772989498,4.272478957220808e-09
opx_liq,XGB,raw,P_kbar,5,42,5.511850012731783,0.10151550562137883,0.6729823653537576,0.018417682880863755
opx_liq,RF,raw,T_C,10,42,106.46891596475147,0.0,0.41089002307110667,0.0
opx_liq,XGB,raw,T_C,10,42,100.1548676119496,2.7156146208052006,0.47869146445556143,0.027114155163450063
opx_liq,RF,raw,P_kbar,10,42,6.782373723594297,2.2356957760166922e-08,0.5048465333094125,3.2963323271898563e-09
opx_liq,XGB,raw,P_kbar,10,42,5.5211927972836055,0.1672040700804953,0.6718728124152535,0.030284048432932593
opx_liq,RF,raw,T_C,15,42,107.66764008557251,1.4503620482646505e-14,0.39754987127641406,1.3470733147972092e-16
opx_liq,XGB,raw,T_C,15,42,97.88457078851633,3.2814994368351553,0.5020575004274627,0.03352417454968435
opx_liq,RF,raw,P_kbar,15,42,7.034713088670699,2.097465980813872e-08,0.4673165922047763,2.9815942091395454e-09
opx_liq,XGB,raw,P_kbar,15,42,6.10687441651932,0.22015415420893183,0.5985658003030605,0.03605021803189644
opx_liq,RF,alr,T_C,1,42,87.26288485501782,0.0,0.6042600941224232,0.0
opx_liq,XGB,alr,T_C,1,42,92.27107141238743,0.08255732964382934,0.5575320274599991,0.0008947260325487667
opx_liq,RF,alr,P_kbar,1,42,5.563815897326256,1.9919550437044656e-08,0.6667870336732942,3.5801958232689157e-09
opx_liq,XGB,alr,P_kbar,1,42,6.326520159759803,0.007370052281231707,0.5691697556813402,0.0011649456723633557
opx_liq,RF,alr,T_C,3,42,91.49553580787455,0.0,0.5649386302006421,0.0
opx_liq,XGB,alr,T_C,3,42,95.01480622248705,1.100314102864528,0.5308267018793057,0.011580448843815226
opx_liq,RF,alr,P_kbar,3,42,8.728490975150628,2.114056663579298e-08,0.17992282384735803,2.422018501935629e-09
opx_liq,XGB,alr,P_kbar,3,42,7.992834215225553,0.045786211302068905,0.3123332897407557,0.005728407479646047
opx_liq,RF,alr,T_C,5,42,95.54483661696757,0.0,0.5255776312273593,0.0
opx_liq,XGB,alr,T_C,5,42,93.59557782960856,1.9810635336635982,0.5447380303046405,0.02116620869919879
opx_liq,RF,alr,P_kbar,5,42,8.957563611509155,2.075102146202789e-08,0.13631337822407275,2.3165921406760508e-09
opx_liq,XGB,alr,P_kbar,5,42,7.1383486494098385,0.08772853183549295,0.4515059732826844,0.012289751614015923
opx_liq,RF,alr,T_C,10,42,98.03628836176796,0.0,0.5005127181532734,0.0
opx_liq,XGB,alr,T_C,10,42,92.36531860602419,3.4182463651414428,0.5566276776723982,0.037007898816672304
opx_liq,RF,alr,P_kbar,10,42,9.221786740327708,2.2850092915821842e-08,0.08460920700746444,2.4778379243901094e-09
opx_liq,XGB,alr,P_kbar,10,42,7.6501527969576735,0.16087764796732032,0.37003472701303175,0.02102933787561713
opx_liq,RF,alr,T_C,15,42,99.78099102337922,1.5317530437170363e-14,0.482576273505841,1.5351150835514736e-16
opx_liq,XGB,alr,T_C,15,42,93.87226015215029,4.463797324000104,0.5420424088966208,0.04755182539298702
opx_liq,RF,alr,P_kbar,15,42,9.055173560635248,2.295364341723906e-08,0.11738775502417476,2.534865098226653e-09
opx_liq,XGB,alr,P_kbar,15,42,7.228832565349735,0.18718119908433464,0.43751269896716505,0.025893696857990336
opx_liq,RF,pwlr,T_C,1,42,84.94512159317266,0.0,0.6250031686288473,0.0
opx_liq,XGB,pwlr,T_C,1,42,91.81371282232146,0.06990576686931319,0.5619075048759032,0.0007613869946049923
opx_liq,RF,pwlr,P_kbar,1,42,5.496372960498593,1.9395540079481998e-08,0.6748162915605407,3.5287889338795103e-09
opx_liq,XGB,pwlr,P_kbar,1,42,5.484255551208535,0.0022856432535973545,0.6762485235414205,0.00041676454210702856
opx_liq,RF,pwlr,T_C,3,42,89.46163338666561,0.0,0.5840660601637933,0.0
opx_liq,XGB,pwlr,T_C,3,42,93.01793601774128,0.8486887070649206,0.5503401505377121,0.009123925378252325
opx_liq,RF,pwlr,P_kbar,3,42,4.860859543288368,1.8050635646011032e-08,0.7456671049134846,3.7134657945289632e-09
opx_liq,XGB,pwlr,P_kbar,3,42,5.675675493639821,0.03383831831452237,0.6532539646357058,0.0059619896085394055
opx_liq,RF,pwlr,T_C,5,42,90.67401066257044,0.0,0.5727162614985362,0.0
opx_liq,XGB,pwlr,T_C,5,42,95.93720559910071,1.411400884026068,0.5216730592600014,0.014711715597846202
opx_liq,RF,pwlr,P_kbar,5,42,5.722932099945389,1.625154387548265e-08,0.6474557975863613,2.8397233431509222e-09
opx_liq,XGB,pwlr,P_kbar,5,42,5.823839996401192,0.07839683139621641,0.6349139321290755,0.013461364227839582
opx_liq,RF,pwlr,T_C,10,42,92.19414018318037,0.0,0.5582695373683568,0.0
opx_liq,XGB,pwlr,T_C,10,42,94.16729699024589,2.809159089669811,0.5391591995435554,0.029831578259709328
opx_liq,RF,pwlr,P_kbar,10,42,5.455068557179913,1.6139434774270186e-08,0.6796853392889679,2.9586126379709025e-09
opx_liq,XGB,pwlr,P_kbar,10,42,5.758927742897213,0.13170773796980448,0.6430070417869429,0.022870184147083028
opx_liq,RF,pwlr,T_C,15,42,94.723530746717,1.1016290571012843e-14,0.5336988691132791,1.1629940822697484e-16
opx_liq,XGB,pwlr,T_C,15,42,92.7336611091889,3.7134181529061356,0.553084388693559,0.040043907557297725
opx_liq,RF,pwlr,P_kbar,15,42,5.639517336701702,1.6282959440340455e-08,0.6576579375121228,2.887296636960712e-09
opx_liq,XGB,pwlr,P_kbar,15,42,5.6079246919526975,0.16319946981575686,0.6614828027487543,0.029101580135329933
opx_liq,RF,raw,T_C,1,43,91.38529186181552,0.0,0.7855638659461488,0.0
opx_liq,XGB,raw,T_C,1,43,85.90599063581779,0.12713974554023544,0.8105073962940221,0.0014799869554990683
opx_liq,RF,raw,P_kbar,1,43,4.409731381676728,1.9424232977823414e-08,0.8158402334152925,4.404856281844013e-09
opx_liq,XGB,raw,P_kbar,1,43,4.927005055628793,0.006997047424478122,0.7701013076117347,0.0014201421239632046
opx_liq,RF,raw,T_C,3,43,91.62425382872233,0.0,0.784440948343538,0.0
opx_liq,XGB,raw,T_C,3,43,89.02267471616729,1.2920928537133782,0.7965083281406431,0.01451419941978808
opx_liq,RF,raw,P_kbar,3,43,5.246827038299816,1.5242782724831652e-08,0.7392862231494843,2.9051429775681967e-09
opx_liq,XGB,raw,P_kbar,3,43,5.002747292043149,0.07898512770531012,0.7629785686778,0.015788350499121886
opx_liq,RF,raw,T_C,5,43,86.61448837513544,0.0,0.8073688792843499,0.0
opx_liq,XGB,raw,T_C,5,43,89.00841077156026,2.1412962474656907,0.7965735331326502,0.024057234916386935
opx_liq,RF,raw,P_kbar,5,43,5.582912986960028,1.773139992662393e-08,0.7048164145377482,3.176012230181456e-09
opx_liq,XGB,raw,P_kbar,5,43,5.124043541046998,0.12434480028363797,0.7513456231109469,0.024266928898545335
opx_liq,RF,raw,T_C,10,43,96.0186169490617,0.0,0.7632683883346426,0.0
opx_liq,XGB,raw,T_C,10,43,98.97436292070675,3.7317345640667132,0.7484694198568951,0.03770405238229611
opx_liq,RF,raw,P_kbar,10,43,6.374498791911172,2.5494751164218358e-08,0.6151756259815819,3.999491096707016e-09
opx_liq,XGB,raw,P_kbar,10,43,5.3892596251593226,0.2248902864098854,0.7249392027888824,0.04172934726692388
opx_liq,RF,raw,T_C,15,43,96.12931313486024,5.870763055717387e-15,0.7627222360812991,6.107151777399333e-17
opx_liq,XGB,raw,T_C,15,43,93.33882373531983,4.362456086782283,0.7762979264506285,0.04673785154131431
opx_liq,RF,raw,P_kbar,15,43,6.283213777408973,2.6864353726263008e-08,0.6261183438894764,4.2755753151122515e-09
opx_liq,XGB,raw,P_kbar,15,43,4.7972148644984705,0.287881055570422,0.7820540381645849,0.060010039929808065
opx_liq,RF,alr,T_C,1,43,89.74945152044063,0.0,0.7931721730947991,0.0
opx_liq,XGB,alr,T_C,1,43,98.48075776556891,0.20321581780558626,0.7509720314397621,0.002063507860990841
opx_liq,RF,alr,P_kbar,1,43,6.502505569966362,1.7339000710619973e-08,0.5995650727492408,2.6665107048435283e-09
opx_liq,XGB,alr,P_kbar,1,43,5.979045453930096,0.009163860598809507,0.6614411308863847,0.0015326628087073656
opx_liq,RF,alr,T_C,3,43,86.65865240024564,0.0,0.807172387110112,0.0
opx_liq,XGB,alr,T_C,3,43,94.40503173785856,1.1903317964904228,0.7711580458242957,0.012608774919918518
opx_liq,RF,alr,P_kbar,3,43,6.564668867548927,1.5241559371340832e-08,0.5918722412766511,2.321756006107834e-09
opx_liq,XGB,alr,P_kbar,3,43,5.214065466544553,0.0696111050196357,0.7425318901036639,0.01335063885681668
opx_liq,RF,alr,T_C,5,43,87.90362203492921,0.0,0.8015921260955063,0.0
opx_liq,XGB,alr,T_C,5,43,91.09411034537037,2.9319952925873487,0.786928207213845,0.03218644192770647
opx_liq,RF,alr,P_kbar,5,43,6.154040631013608,1.8383703712085325e-08,0.6413331787024261,2.987257448291728e-09
opx_liq,XGB,alr,P_kbar,5,43,5.6899270924173475,0.10865449278347222,0.6933917131697682,0.019095937613729724
opx_liq,RF,alr,T_C,10,43,92.9853544299105,0.0,0.7779890147449686,0.0
opx_liq,XGB,alr,T_C,10,43,91.14216831437646,3.9943730191693065,0.7867033299160919,0.04382574052212062
opx_liq,RF,alr,P_kbar,10,43,6.28967013323672,2.057830260787925e-08,0.6253495802246949,3.2717618208841536e-09
opx_liq,XGB,alr,P_kbar,10,43,5.24421890108789,0.17461191899473605,0.7395453543515103,0.03329607750708377
opx_liq,RF,alr,T_C,15,43,99.23934935600816,0.0,0.7471207591615873,0.0
opx_liq,XGB,alr,T_C,15,43,89.259755066248,4.972186235362937,0.7954230289807922,0.055704681596679406
opx_liq,RF,alr,P_kbar,15,43,6.38717515183192,2.0277095100723504e-08,0.613643576855988,3.1746577506815017e-09
opx_liq,XGB,alr,P_kbar,15,43,6.349095022975409,0.21446920689196586,0.6182367324531812,0.033779492371096696
opx_liq,RF,pwlr,T_C,1,43,89.94715824423888,0.0,0.7922599381899599,0.0
opx_liq,XGB,pwlr,T_C,1,43,97.16097554628135,0.08417788759885968,0.7576019644075158,0.0008663754879525953
opx_liq,RF,pwlr,P_kbar,1,43,6.5459065132539695,1.7526749493441066e-08,0.5942018316865281,2.6775129553031946e-09
opx_liq,XGB,pwlr,P_kbar,1,43,5.600735632566783,0.006974853657927564,0.7029287441186007,0.001245345989439432
opx_liq,RF,pwlr,T_C,3,43,90.05342121904242,0.0,0.7917688027931437,0.0
opx_liq,XGB,pwlr,T_C,3,43,94.30572618733757,1.0565915989659438,0.771639234662571,0.01120389653611312
opx_liq,RF,pwlr,P_kbar,3,43,6.1138538875935415,2.7908708263307446e-08,0.646002172882043,4.564830755923171e-09
opx_liq,XGB,pwlr,P_kbar,3,43,6.771869592578011,0.04799092246808307,0.5657021716703008,0.0070868054695975334
opx_liq,RF,pwlr,T_C,5,43,97.90583211947938,0.0,0.7538711693401178,0.0
opx_liq,XGB,pwlr,T_C,5,43,96.59406840287696,1.967395362447594,0.7604223618301703,0.020367662269301385
opx_liq,RF,pwlr,P_kbar,5,43,6.206958562774924,2.8692000531574402e-08,0.6351383838996378,4.622553903235205e-09
opx_liq,XGB,pwlr,P_kbar,5,43,5.323898206693398,0.08764598283811363,0.7315706674120781,0.01646274579929457
opx_liq,RF,pwlr,T_C,10,43,85.07619982493559,0.0,0.8141504440155647,0.0
opx_liq,XGB,pwlr,T_C,10,43,84.88169861634431,3.7101917702304665,0.8149992511459374,0.04371014989933359
opx_liq,RF,pwlr,P_kbar,10,43,6.119229947316906,3.443416049721755e-08,0.645379341449562,5.6272048597088385e-09
opx_liq,XGB,pwlr,P_kbar,10,43,5.570247016171419,0.16656263387072476,0.7061542629267219,0.02990219884094256
opx_liq,RF,pwlr,T_C,15,43,96.72877377539164,0.0,0.7597536893478292,0.0
opx_liq,XGB,pwlr,T_C,15,43,88.73584344972905,4.42721451690641,0.7978175169194045,0.049892065537355625
opx_liq,RF,pwlr,P_kbar,15,43,6.789390199625814,2.9244845064089555e-08,0.5634519791825361,4.307433245728215e-09
opx_liq,XGB,pwlr,P_kbar,15,43,5.0278922907212795,0.18859527738984272,0.7605899285265029,0.03750980858080149
opx_liq,RF,raw,T_C,1,44,69.06601861471084,0.0,0.9017025835806187,0.0
opx_liq,XGB,raw,T_C,1,44,93.07512612533309,0.17511885036659736,0.821482610518894,0.0018814785180176479
opx_liq,RF,raw,P_kbar,1,44,5.092430625386255,2.3819014898121055e-08,0.6414835085812719,4.677337140221603e-09
opx_liq,XGB,raw,P_kbar,1,44,4.989742708404635,0.008090384811569915,0.6557965655199332,0.001621403203404178
opx_liq,RF,raw,T_C,3,44,74.15276464306487,0.0,0.8866900740878383,0.0
opx_liq,XGB,raw,T_C,3,44,79.66104149384054,1.4177979448754183,0.8692308740992322,0.017797883611464504
opx_liq,RF,raw,P_kbar,3,44,5.324636535062673,1.8928085624955748e-08,0.6080426339593997,3.5548127088702697e-09
opx_liq,XGB,raw,P_kbar,3,44,4.888296768913839,0.06594068309983467,0.6696502190170255,0.013489500784643737
opx_liq,RF,raw,T_C,5,44,78.00577255836474,0.0,0.8746088904376598,0.0
opx_liq,XGB,raw,T_C,5,44,81.43909393742632,2.3852852059767704,0.8633281330350784,0.029289191353350553
opx_liq,RF,raw,P_kbar,5,44,4.929785470807579,1.7369154835848206e-08,0.6640188315835078,3.523308456057999e-09
opx_liq,XGB,raw,P_kbar,5,44,4.913735759628075,0.11951994878692186,0.6662029521022936,0.02432364185492311
opx_liq,RF,raw,T_C,10,44,74.68244417104799,0.0,0.8850655276524847,0.0
opx_liq,XGB,raw,T_C,10,44,74.29652921356181,3.889877896999521,0.8862502861963966,0.052356118625921995
opx_liq,RF,raw,P_kbar,10,44,5.556829147446476,2.10562121535055e-08,0.5731129473175609,3.789249515289028e-09
opx_liq,XGB,raw,P_kbar,10,44,4.941732971894937,0.21009916046564378,0.6623883348428643,0.04251527989483414
opx_liq,RF,raw,T_C,15,44,75.18425255624388,1.3360704783949855e-14,0.8835157966913976,1.7770615959711738e-16
opx_liq,XGB,raw,T_C,15,44,70.35818643835708,4.620172882240772,0.8979900502617366,0.06566645782276728
opx_liq,RF,raw,P_kbar,15,44,5.652221839459916,2.351955028019911e-08,0.5583306189729664,4.1611159201151355e-09
opx_liq,XGB,raw,P_kbar,15,44,5.083390382435043,0.2727771145306486,0.6427552782301811,0.0536604694916197
opx_liq,RF,alr,T_C,1,44,74.14040312975976,0.0,0.8867278492244582,0.0
opx_liq,XGB,alr,T_C,1,44,83.82157205577631,0.20580197274420753,0.8552145687819522,0.0024552387612971917
opx_liq,RF,alr,P_kbar,1,44,5.140660135452207,2.2396846496897918e-08,0.6346604583070601,4.35680358295613e-09
opx_liq,XGB,alr,P_kbar,1,44,4.5908940819997515,0.010333715761190887,0.7086242252444015,0.0022509157424711514
opx_liq,RF,alr,T_C,3,44,79.37664700996945,0.0,0.870162913955168,0.0
opx_liq,XGB,alr,T_C,3,44,78.33257872858708,1.4090447405881354,0.8735560342936579,0.017987978481728596
opx_liq,RF,alr,P_kbar,3,44,5.173483266208883,1.555126292780728e-08,0.6299801758560679,3.005955973489252e-09
opx_liq,XGB,alr,P_kbar,3,44,4.65701077602084,0.059860489675600474,0.7001711764110939,0.012853843925769907
opx_liq,RF,alr,T_C,5,44,80.47725953147383,0.0,0.8665373884548844,0.0
opx_liq,XGB,alr,T_C,5,44,73.9246042270233,2.456293384096326,0.8873862872823124,0.0332270075677784
opx_liq,RF,alr,P_kbar,5,44,5.078331593575318,2.0498643968642704e-08,0.6434659560428597,4.036491826287176e-09
opx_liq,XGB,alr,P_kbar,5,44,4.338741801251033,0.10723798216804206,0.7397525354808085,0.024716377945588064
opx_liq,RF,alr,T_C,10,44,85.51469315449458,0.0,0.8493064222332356,0.0
opx_liq,XGB,alr,T_C,10,44,79.92003039777504,4.209483805251583,0.8683791953792621,0.05267119875080496
opx_liq,RF,alr,P_kbar,10,44,5.462071497413583,2.205741961444726e-08,0.5875477696871647,4.038288335275721e-09
opx_liq,XGB,alr,P_kbar,10,44,4.4213826790113115,0.19211061816637554,0.7297441483946959,0.04345034847997695
opx_liq,RF,alr,T_C,15,44,86.12891311899189,1.0480999139801967e-14,0.8471338970480842,1.2168967145007255e-16
opx_liq,XGB,alr,T_C,15,44,91.16675444549783,5.2898163998345336,0.828728047467216,0.058023524386808585
opx_liq,RF,alr,P_kbar,15,44,5.614839600766189,2.1866221268986995e-08,0.5641534590681343,3.894362586244348e-09
opx_liq,XGB,alr,P_kbar,15,44,4.539441086522232,0.23034197573173992,0.7151188831301205,0.05074236482892877
opx_liq,RF,pwlr,T_C,1,44,77.86762478321332,0.0,0.8750526310280209,0.0
opx_liq,XGB,pwlr,T_C,1,44,95.14948877777582,0.07809258860182776,0.8134367154850952,0.0008207357664760038
opx_liq,RF,pwlr,P_kbar,1,44,4.808250042782975,1.8110638072400713e-08,0.6803807093506754,3.766575762752644e-09
opx_liq,XGB,pwlr,P_kbar,1,44,4.608053879515336,0.0055210983687123604,0.7064419515581608,0.001198141018544917
opx_liq,RF,pwlr,T_C,3,44,89.87998200311424,0.0,0.8335287601272239,0.0
opx_liq,XGB,pwlr,T_C,3,44,103.26741240742726,0.9458667443615242,0.7802444508345515,0.009159392322427313
opx_liq,RF,pwlr,P_kbar,3,44,4.996978628427949,2.3226375904354667e-08,0.6547975422945207,4.64808389858207e-09
opx_liq,XGB,pwlr,P_kbar,3,44,4.351486220949132,0.04146783698572271,0.7382214122979603,0.009529580212407953
opx_liq,RF,pwlr,T_C,5,44,84.12777713332584,0.0,0.8541548174433056,0.0
opx_liq,XGB,pwlr,T_C,5,44,92.10755858080043,1.9701398660899598,0.8251748930780329,0.021389556909834653
opx_liq,RF,pwlr,P_kbar,5,44,5.009554775025127,3.188470278617544e-08,0.6530577791129146,6.3647777533314845e-09
opx_liq,XGB,pwlr,P_kbar,5,44,4.585653493242672,0.08717390824127026,0.7092890670133458,0.019010138548350416
opx_liq,RF,pwlr,T_C,10,44,77.09811688964956,0.0,0.8775099528586194,0.0
opx_liq,XGB,pwlr,T_C,10,44,82.93846449449035,3.548117507729014,0.8582492903097388,0.042780120530983755
opx_liq,RF,pwlr,P_kbar,10,44,5.406223763133696,3.385733381771201e-08,0.5959390046539255,6.262658613687633e-09
opx_liq,XGB,pwlr,P_kbar,10,44,4.328529412861542,0.14200196331725234,0.7409762175740628,0.03280605253491311
opx_liq,RF,pwlr,T_C,15,44,81.32635411084301,1.171811327435701e-14,0.8637062732276779,1.4408752737625387e-16
opx_liq,XGB,pwlr,T_C,15,44,83.73778178861627,4.677087759489393,0.8555038868208693,0.05585397247918525
opx_liq,RF,pwlr,P_kbar,15,44,5.556862869278216,4.049537455031107e-08,0.5731077661407926,7.287452561443367e-09
opx_liq,XGB,pwlr,P_kbar,15,44,4.34247011955442,0.19167073019334374,0.7393050775231108,0.04413864112276518
opx_liq,RF,raw,T_C,1,45,83.00052606803729,0.0,0.8111811884743476,0.0
opx_liq,XGB,raw,T_C,1,45,94.16046279317894,0.11284938220498532,0.7569919063503203,0.001198479477026957
opx_liq,RF,raw,P_kbar,1,45,5.718733650548801,0.022518867455572203,0.6850904665681291,0.003937736714388013
opx_liq,XGB,raw,P_kbar,1,45,5.64732879353198,0.007856214260523142,0.6929053744009588,0.001391138102233582
opx_liq,RF,raw,T_C,3,45,81.58019844055866,0.0,0.8175881346328977,0.0
opx_liq,XGB,raw,T_C,3,45,94.80969247216603,1.2680508980315626,0.7536293067682462,0.013374696879265097
opx_liq,RF,raw,P_kbar,3,45,6.210478640216256,3.0070401031366447e-08,0.6286048622037889,4.841881402931507e-09
opx_liq,XGB,raw,P_kbar,3,45,5.982820577280457,0.06155128153392458,0.6553343315227076,0.010288003917025914
opx_liq,RF,raw,T_C,5,45,88.12588089270108,0.0,0.7871417378632855,0.0
opx_liq,XGB,raw,T_C,5,45,91.21821231120171,2.2695858282490735,0.7719412796359927,0.024880840906047502
opx_liq,RF,raw,P_kbar,5,45,5.79004291043327,3.117444764554186e-08,0.677188027492609,5.38414794635936e-09
opx_liq,XGB,raw,P_kbar,5,45,6.420039098555303,0.12540658257788362,0.6031179888064815,0.01953361664200827
opx_liq,RF,raw,T_C,10,45,86.67433826841987,0.0,0.7940960685152163,0.0
opx_liq,XGB,raw,T_C,10,45,96.02908534626111,3.7033550516235665,0.7472511696864095,0.03856493101303663
opx_liq,RF,raw,P_kbar,10,45,6.050307084409607,3.201229655833433e-08,0.6475147854248641,5.2910201270318015e-09
opx_liq,XGB,raw,P_kbar,10,45,5.88185101926445,0.21629449877912538,0.666869720559562,0.03677320252939251
opx_liq,RF,raw,T_C,15,45,87.70472513123217,2.644058702293055e-15,0.7891713861616019,3.0147277679016295e-17
opx_liq,XGB,raw,T_C,15,45,99.20170323680885,4.691344524283556,0.7302746114673362,0.047290967505715466
opx_liq,RF,raw,P_kbar,15,45,6.491493756298842,3.504992146757877e-08,0.5942342779075327,5.399361500358687e-09
opx_liq,XGB,raw,P_kbar,15,45,6.217568058178883,0.2578317101146178,0.6277564644175226,0.041468256994059566
opx_liq,RF,alr,T_C,1,45,76.22688342375908,0.0,0.8407424987753805,0.0
opx_liq,XGB,alr,T_C,1,45,90.27365155304463,0.11856782527655182,0.7766399029502714,0.001313426711302152
opx_liq,RF,alr,P_kbar,1,45,6.917644821408358,2.9427536184025668e-08,0.5392104847158727,4.253981946710374e-09
opx_liq,XGB,alr,P_kbar,1,45,6.624775680237294,0.007397013744384204,0.5774010403846201,0.0011165681830481616
opx_liq,RF,alr,T_C,3,45,82.01314961765958,0.0,0.8156468548345883,0.0
opx_liq,XGB,alr,T_C,3,45,86.269038090957,1.2017449779342124,0.7960172318831129,0.01393020027263041
opx_liq,RF,alr,P_kbar,3,45,7.40988323443232,3.5064163512553584e-08,0.47130062421358476,4.732080439488854e-09
opx_liq,XGB,alr,P_kbar,3,45,6.373427746321649,0.06631458711324299,0.6088600262370756,0.010404854303324565
opx_liq,RF,alr,T_C,5,45,82.1816435632887,0.0,0.8148885789383479,0.0
opx_liq,XGB,alr,T_C,5,45,84.76851117270196,2.3104093465335214,0.8030514985057329,0.027255514041368976
opx_liq,RF,alr,P_kbar,5,45,7.994471225883014,3.770610893340102e-08,0.3845885725337861,4.7165231905924165e-09
opx_liq,XGB,alr,P_kbar,5,45,6.545230271372263,0.11877995605886633,0.5874886242550941,0.018147559540936227
opx_liq,RF,alr,T_C,10,45,89.3604395742989,0.0,0.7811360854435727,0.0
opx_liq,XGB,alr,T_C,10,45,82.07628373530865,4.357139606936361,0.8153629137085877,0.05308646308826419
opx_liq,RF,alr,P_kbar,10,45,8.173006805994332,4.002699006628108e-08,0.35679443978632897,4.897461976530359e-09
opx_liq,XGB,alr,P_kbar,10,45,6.069100590515725,0.18101085898522865,0.6453216003947696,0.02982498910433237
opx_liq,RF,alr,T_C,15,45,92.87767455507732,0.0,0.763568010879232,0.0
opx_liq,XGB,alr,T_C,15,45,90.86831022195967,5.057941309436859,0.7736875356196558,0.05566232382974953
opx_liq,RF,alr,P_kbar,15,45,8.346445269513863,3.9769727604270446e-08,0.32920600099870334,4.764870111774761e-09
opx_liq,XGB,alr,P_kbar,15,45,7.0781673879318605,0.23548255677046404,0.5175773093722125,0.03326885955988513
opx_liq,RF,pwlr,T_C,1,45,82.20991116301788,0.0,0.8147612133794753,0.0
opx_liq,XGB,pwlr,T_C,1,45,102.96932829147377,0.0551096431443917,0.7093975113928555,0.0005352044541690477
opx_liq,RF,pwlr,P_kbar,1,45,6.928430482749224,2.4741631166428163e-08,0.537772482557525,3.5710297199389092e-09
opx_liq,XGB,pwlr,P_kbar,1,45,7.105528597898458,0.004452076715182117,0.513840415348114,0.0006265651673682476
opx_liq,RF,pwlr,T_C,3,45,105.0990622552326,0.0,0.6972520215707425,0.0
opx_liq,XGB,pwlr,T_C,3,45,104.02964129543311,1.0602487314141649,0.7033818159497865,0.010191794552123575
opx_liq,RF,pwlr,P_kbar,3,45,7.451494403857921,2.7593354301025813e-08,0.4653459903874626,3.703063144855841e-09
opx_liq,XGB,pwlr,P_kbar,3,45,7.267630033253818,0.04203451507112506,0.4914054631752779,0.0057837995163198515
opx_liq,RF,pwlr,T_C,5,45,104.22867319160503,0.0,0.7022457367737311,0.0
opx_liq,XGB,pwlr,T_C,5,45,114.26018029073914,2.1473551750626965,0.642172775576626,0.018793556684390606
opx_liq,RF,pwlr,P_kbar,5,45,7.713815606070321,3.321919725574629e-08,0.4270396418800292,4.306454672004957e-09
opx_liq,XGB,pwlr,P_kbar,5,45,6.861943690388786,0.09476857983131119,0.5466011976052323,0.013810748689769817
opx_liq,RF,pwlr,T_C,10,45,95.6307669141719,0.0,0.7493435716674286,0.0
opx_liq,XGB,pwlr,T_C,10,45,105.68861207246086,3.711292752166032,0.6938459851230023,0.035115351402491154
opx_liq,RF,pwlr,P_kbar,10,45,7.704396890180269,3.6065678359330167e-08,0.42843797869778677,4.681181262260529e-09
opx_liq,XGB,pwlr,P_kbar,10,45,7.859136542383588,0.1446177310240881,0.4052482382280699,0.01840122388053423
opx_liq,RF,pwlr,T_C,15,45,81.89283687250911,0.0,0.8161873477700471,0.0
opx_liq,XGB,pwlr,T_C,15,45,85.48688290255043,4.504710107470497,0.7996992694724137,0.052694752159879045
opx_liq,RF,pwlr,P_kbar,15,45,8.336816839642058,3.5500509593643286e-08,0.3307527595064603,4.258281101347491e-09
opx_liq,XGB,pwlr,P_kbar,15,45,7.78967269733936,0.18401422481482704,0.4157153336794558,0.023622844240641705
opx_liq,RF,raw,T_C,1,46,75.10220555540938,0.0,0.8461847499558326,0.0
opx_liq,XGB,raw,T_C,1,46,90.58420268731014,0.1484126164011571,0.7762315027171374,0.0016383940245460493
opx_liq,RF,raw,P_kbar,1,46,6.612107026851623,2.858689203739354e-08,0.6133632366975105,4.323416411939914e-09
opx_liq,XGB,raw,P_kbar,1,46,6.093467406543909,0.004903525716742876,0.6716383856938859,0.0008047184615243648
opx_liq,RF,raw,T_C,3,46,93.97097621953894,0.0,0.7591861337291893,0.0
opx_liq,XGB,raw,T_C,3,46,91.72492016054686,1.2141473718680709,0.7705602303018679,0.013236832147064713
opx_liq,RF,raw,P_kbar,3,46,6.1533931452193915,2.2771689475012722e-08,0.6651481335988922,3.7006719605920494e-09
opx_liq,XGB,raw,P_kbar,3,46,6.077804682935731,0.0616974856470125,0.6733242656708036,0.010151278112019073
opx_liq,RF,raw,T_C,5,46,99.25075157484349,0.0,0.7313656024692505,0.0
opx_liq,XGB,raw,T_C,5,46,89.28902122955434,2.4013152866177863,0.7825846825734928,0.02689373512611604
opx_liq,RF,raw,P_kbar,5,46,7.019052761228776,2.6079108879420204e-08,0.5643071719426856,3.715474119737877e-09
opx_liq,XGB,raw,P_kbar,5,46,6.062729612053842,0.11319275008301086,0.6749427949496507,0.01867026196549529
opx_liq,RF,raw,T_C,10,46,105.91781087389452,0.0,0.6940629987453293,0.0
opx_liq,XGB,raw,T_C,10,46,96.02219770510456,3.835359870223546,0.7485583044853106,0.03994242958281778
opx_liq,RF,raw,P_kbar,10,46,6.997773669076898,2.6943252360298715e-08,0.5669448767328077,3.8502606163672765e-09
opx_liq,XGB,raw,P_kbar,10,46,5.834715598552464,0.22301604371991265,0.698933259060428,0.03822226464221166
opx_liq,RF,raw,T_C,15,46,106.56889208433509,1.0271695633778692e-14,0.6902902235045707,9.638549705152243e-17
opx_liq,XGB,raw,T_C,15,46,93.12563792509445,4.734233580149389,0.7634992432362596,0.05083705932793037
opx_liq,RF,raw,P_kbar,15,46,6.716565329114438,3.010921723713164e-08,0.6010505379857591,4.482829506119233e-09
opx_liq,XGB,raw,P_kbar,15,46,5.900222062026029,0.26662716279295096,0.6921351467122974,0.045189343721310046
opx_liq,RF,alr,T_C,1,46,87.33408036503384,0.0,0.792000871097184,0.0
opx_liq,XGB,alr,T_C,1,46,99.07740207844995,0.1194332741461766,0.7323031665623714,0.0012054542371994048
opx_liq,RF,alr,P_kbar,1,46,6.968854980008449,2.8846332454672346e-08,0.5705167297976745,4.139321672989868e-09
opx_liq,XGB,alr,P_kbar,1,46,7.121185991580731,0.006317517866938311,0.5515355160758889,0.0008871440620154305
opx_liq,RF,alr,T_C,3,46,110.62454934635409,0.0,0.6662686215520486,0.0
opx_liq,XGB,alr,T_C,3,46,96.83145261589092,1.2097693814457042,0.7443022495958894,0.012493558123563356
opx_liq,RF,alr,P_kbar,3,46,6.907170641698023,2.5066549337429286e-08,0.5780861636940131,3.629061831208365e-09
opx_liq,XGB,alr,P_kbar,3,46,7.593191043566158,0.05795518527061608,0.49011521737123076,0.007632520364375991
opx_liq,RF,alr,T_C,5,46,114.95911977992034,0.0,0.6396032442113007,0.0
opx_liq,XGB,alr,T_C,5,46,97.78556602098577,2.651013293717834,0.7392384696309056,0.027110476541587946
opx_liq,RF,alr,P_kbar,5,46,7.4817969945146645,2.909252631966203e-08,0.504965761400406,3.888441017711579e-09
opx_liq,XGB,alr,P_kbar,5,46,7.176770515066927,0.10883537572833887,0.544507200462129,0.015164951352401425
opx_liq,RF,alr,T_C,10,46,120.38633326476854,0.0,0.6047713790434803,0.0
opx_liq,XGB,alr,T_C,10,46,86.81223785833609,3.9891880022387673,0.7944791362029892,0.04595190840199851
opx_liq,RF,alr,P_kbar,10,46,7.796174597152149,2.971578799926808e-08,0.4624900468919224,3.81158575003219e-09
opx_liq,XGB,alr,P_kbar,10,46,6.567637451204595,0.18696410613771633,0.6185463818681307,0.028467482793744125
opx_liq,RF,alr,T_C,15,46,122.50793557665851,1.0608561633849682e-14,0.590718177949183,8.659489349742121e-17
opx_liq,XGB,alr,T_C,15,46,81.47585118597678,5.0312503838217975,0.8189694687892549,0.06175143076857786
opx_liq,RF,alr,P_kbar,15,46,7.7503131235683975,2.9775951621114122e-08,0.4687953169205613,3.841903049125412e-09
opx_liq,XGB,alr,P_kbar,15,46,6.430184482324072,0.2492281697725946,0.6343460550944355,0.03875910099588864
opx_liq,RF,pwlr,T_C,1,46,71.73503479574107,0.0,0.8596680242136895,0.0
opx_liq,XGB,pwlr,T_C,1,46,86.9917789098377,0.06432483995142185,0.7936281596643948,0.000739435849657599
opx_liq,RF,pwlr,P_kbar,1,46,7.068484070450722,0.022587676031344792,0.5581488757252643,0.0031955474195338304
opx_liq,XGB,pwlr,P_kbar,1,46,6.515206956627405,0.0035453046214098355,0.6246124813460565,0.0005441584043318037
opx_liq,RF,pwlr,T_C,3,46,96.61169672307824,0.0,0.7454615284040402,0.0
opx_liq,XGB,pwlr,T_C,3,46,93.23684942596496,0.9137327570000606,0.7629340431578941,0.00980012476425014
opx_liq,RF,pwlr,P_kbar,3,46,7.20041624710617,2.998352016696486e-08,0.5415007775315753,4.164137063467014e-09
opx_liq,XGB,pwlr,P_kbar,3,46,6.776030076075902,0.03977223473523668,0.5939551120688475,0.005869548140829588
opx_liq,RF,pwlr,T_C,5,46,89.75460796504764,0.0,0.7803113996770095,0.0
opx_liq,XGB,pwlr,T_C,5,46,99.1659703819086,1.8306957061488034,0.7318243479582811,0.018460926657586436
opx_liq,RF,pwlr,P_kbar,5,46,7.0257067445558254,3.036269460764982e-08,0.5634807165601667,4.3216569822214224e-09
opx_liq,XGB,pwlr,P_kbar,5,46,7.385759853685615,0.08151548330677134,0.5175928208998919,0.011036844538899242
opx_liq,RF,pwlr,T_C,10,46,99.96095177056543,0.0,0.7275073588218923,0.0
opx_liq,XGB,pwlr,T_C,10,46,100.04994739700976,3.642866899263534,0.7270219403039784,0.03641048290418602
opx_liq,RF,pwlr,P_kbar,10,46,6.798825698886302,3.220613887880309e-08,0.5912185198763116,4.737014935399608e-09
opx_liq,XGB,pwlr,P_kbar,10,46,6.790797633656459,0.14317532477735379,0.5921833296830359,0.02108372719984324
opx_liq,RF,pwlr,T_C,15,46,105.80683592600224,1.0608561633849682e-14,0.6947037513496961,1.0026348053039745e-16
opx_liq,XGB,pwlr,T_C,15,46,98.62578901141109,4.013341307410985,0.7347380276653099,0.04069261546740719
opx_liq,RF,pwlr,P_kbar,15,46,6.566419585481886,3.462204143933416e-08,0.6186878379753376,5.272590486889115e-09
opx_liq,XGB,pwlr,P_kbar,15,46,7.070153941789061,0.19631479334908852,0.5579400836633285,0.02776669291297103
opx_only,RF,raw,T_C,1,42,152.51042128710932,3.05128205128205,0.2468891410694779,0.02000703968640833
opx_only,XGB,raw,T_C,1,42,157.56253231378977,3.844206615810989,0.19616710944831395,0.024397974311273152
opx_only,RF,raw,P_kbar,1,42,13.203556735797084,1.2685931536782616e-08,0.10148096751587476,9.60796533133296e-10
opx_only,XGB,raw,P_kbar,1,42,12.63460521014762,0.1792746983939807,0.17724835123835925,0.014189180857823263
opx_only,RF,raw,T_C,3,42,160.49240363065329,1.6712560087978146,0.16599466099094673,0.01041330287908164
opx_only,XGB,raw,T_C,3,42,159.82078649956017,6.910719947897233,0.17296022770589403,0.04324043260740837
opx_only,RF,raw,P_kbar,3,42,12.6056439443987,7.142361507557001e-09,0.1810158800766185,5.666002894465935e-10
opx_only,XGB,raw,P_kbar,3,42,12.706177974879447,0.35690120521039564,0.16790046893702482,0.02808879317730333
opx_only,RF,raw,T_C,5,42,168.01552652418474,1.2945493378646025,0.0859736779556528,0.007704938731827624
opx_only,XGB,raw,T_C,5,42,154.79177787454586,7.538807545454943,0.22418951467489545,0.04870289397131237
opx_only,RF,raw,P_kbar,5,42,12.686468712336708,8.106980283507482e-09,0.17047989897819804,6.390257578631008e-10
opx_only,XGB,raw,P_kbar,5,42,13.055143913312042,0.41412344715986077,0.12156681060268393,0.031721093992505764
opx_only,RF,raw,T_C,10,42,178.30967531477762,0.9153846153846154,-0.02946049755650826,0.0051336788862895305
opx_only,XGB,raw,T_C,10,42,159.91918664821614,9.208856254193009,0.171941513043962,0.05758443653449967
opx_only,RF,raw,P_kbar,10,42,12.268294866059874,8.886670270725725e-09,0.2242642256420676,7.243606685156075e-10
opx_only,XGB,raw,P_kbar,10,42,12.48703758748169,0.5527968318845852,0.19635500025438246,0.04426965387200935
opx_only,RF,raw,T_C,15,42,181.08145771824528,0.7474084086953799,-0.06171470385563782,0.004127470687022601
opx_only,XGB,raw,T_C,15,42,156.85384107008093,9.852546622206082,0.20338187277445774,0.06281355021331005
opx_only,RF,raw,P_kbar,15,42,11.79317212130713,1.195209738439924e-08,0.2831856629165658,1.01347604032718e-09
opx_only,XGB,raw,P_kbar,15,42,13.786639799487801,0.5714855580146052,0.020369570239228363,0.04145212802584695
opx_only,RF,alr,T_C,1,42,153.82774565010973,2.995855563748506,0.2338228086960763,0.01947539145872134
opx_only,XGB,alr,T_C,1,42,156.13066838351176,4.282889287205907,0.21071053535258355,0.027431441442917714
opx_only,RF,alr,P_kbar,1,42,10.648480007705004,9.753949413753621e-09,0.41558594965674556,9.159945275472067e-10
opx_only,XGB,alr,P_kbar,1,42,13.092903647795485,0.13889032806719048,0.1164780314086169,0.010608061573154257
opx_only,RF,alr,T_C,3,42,166.7861756151401,1.6795915019468957,0.09930040160795395,0.010070328045788165
opx_only,XGB,alr,T_C,3,42,169.30005906744844,7.117351403602428,0.07194420398189416,0.04203986367640253
opx_only,RF,alr,P_kbar,3,42,14.200833715947399,8.023401868952875e-09,-0.03937697809031637,5.649951284157826e-10
opx_only,XGB,alr,P_kbar,3,42,13.287999768664937,0.37518162859810755,0.08995130201014556,0.02823462034390166
opx_only,RF,alr,T_C,5,42,171.46916973067206,1.2945493378646025,0.04801093901940767,0.007549749846564027
opx_only,XGB,alr,T_C,5,42,171.01929365986973,8.13369253039342,0.05299976905853154,0.04756008726459861
opx_only,RF,alr,P_kbar,5,42,13.476041486200735,8.588455874472226e-09,0.06401241670503588,6.373129589476758e-10
opx_only,XGB,alr,P_kbar,5,42,13.873255245710325,0.45458840681791934,0.008021721980317031,0.03276724883718118
opx_only,RF,alr,T_C,10,42,185.49612128160624,0.9153846153846154,-0.11411374970775268,0.004934791137734613
opx_only,XGB,alr,T_C,10,42,175.95728045379818,8.675270411280975,-0.00247684504164547,0.04930327627766943
opx_only,RF,alr,P_kbar,10,42,13.406745826300016,9.966472826658401e-09,0.07361362164376128,7.433923903522635e-10
opx_only,XGB,alr,P_kbar,10,42,12.573719720784709,0.5594464972270587,0.18515883781779408,0.0444933169857666
opx_only,RF,alr,T_C,15,42,187.6159226774307,0.7474084086953799,-0.1397228493602678,0.003983715230718473
opx_only,XGB,alr,T_C,15,42,163.79266541529907,10.064030864419601,0.13134210996409457,0.06144372117580529
opx_only,RF,alr,P_kbar,15,42,13.700864436635051,1.2509854511210194e-08,0.032521444919793696,9.13070453989736e-10
opx_only,XGB,alr,P_kbar,15,42,12.547713701311757,0.6074217880612588,0.18852599747043775,0.04840896138694637
opx_only,RF,pwlr,T_C,1,42,151.18475157205472,2.995855563748506,0.25992480309621113,0.01981585796581264
opx_only,XGB,pwlr,T_C,1,42,167.54791132023314,3.226870191961909,0.09105437297930319,0.01925938775682148
opx_only,RF,pwlr,P_kbar,1,42,10.654453882207568,1.152180941960531e-08,0.4149300446842875,1.0814077893608592e-09
opx_only,XGB,pwlr,P_kbar,1,42,10.691546160668047,0.07198879309514951,0.41084924359616726,0.006733244379562346
opx_only,RF,pwlr,T_C,3,42,166.01359702221268,1.761658513681165,0.10762542685661214,0.010611531496696951
opx_only,XGB,pwlr,T_C,3,42,166.8669625284522,5.205353156969257,0.0984276390688884,0.031194630010009924
opx_only,RF,pwlr,P_kbar,3,42,10.651330443077454,7.97767286890308e-09,0.41527303035948115,7.489836984719551e-10
opx_only,XGB,pwlr,P_kbar,3,42,11.95590400464879,0.25038482628747427,0.2632667891576319,0.02094235836872876
opx_only,RF,pwlr,T_C,5,42,174.60531635876544,1.2945493378646025,0.012868992751256081,0.007414146171842002
opx_only,XGB,pwlr,T_C,5,42,164.16309305487047,7.237445355048691,0.12740861577150397,0.044086921246236636
opx_only,RF,pwlr,P_kbar,5,42,11.06524165588971,8.038237113275233e-09,0.36894499594040864,7.264402679354688e-10
opx_only,XGB,pwlr,P_kbar,5,42,11.29092762791947,0.3992592014382733,0.3429405644390786,0.03536106284580296
opx_only,RF,pwlr,T_C,10,42,184.591324848407,0.9280112065454972,-0.10327160744429364,0.005027382556074145
opx_only,XGB,pwlr,T_C,10,42,173.04145004940312,9.43598999830196,0.030472438493210685,0.05453022958145575
opx_only,RF,pwlr,P_kbar,10,42,10.731135539285564,8.434835966902283e-09,0.40647807125953395,7.860152297977443e-10
opx_only,XGB,pwlr,P_kbar,10,42,11.84291047521886,0.5484402298286853,0.2771265043772486,0.04630958166713238
opx_only,RF,pwlr,T_C,15,42,181.78320110135965,0.7577179772070122,-0.06995955590080216,0.00416825082084741
opx_only,XGB,pwlr,T_C,15,42,167.43939499956798,10.159516967064665,0.09223139145216352,0.06067578640672273
opx_only,RF,pwlr,P_kbar,15,42,10.675965308435153,8.773668889072956e-09,0.4125651380220069,8.218150430051342e-10
opx_only,XGB,pwlr,P_kbar,15,42,11.350246895054124,0.606016188351891,0.33601842827285167,0.053392335334658036
opx_only,RF,raw,T_C,1,43,154.97271145045525,3.0383253810695834,0.28669435181292735,0.01960555089107372
opx_only,XGB,raw,T_C,1,43,161.2055381943444,4.163162506403571,0.22816385030353414,0.025825182887852103
opx_only,RF,raw,P_kbar,1,43,13.339882210051012,1.328308808439681e-08,0.039382798465752766,9.957425316985625e-10
opx_only,XGB,raw,P_kbar,1,43,14.215330056568288,0.13991465954261595,-0.09083801655957924,0.009842519237037866
opx_only,RF,raw,T_C,3,43,160.6979153945164,1.7541779766461965,0.23301709239892843,0.010915997088945781
opx_only,XGB,raw,T_C,3,43,164.72176416776304,6.267406058276553,0.19412595333837923,0.038048439378620486
opx_only,RF,raw,P_kbar,3,43,15.521331766214836,1.093964633882419e-08,-0.3004819641733065,7.048136399375494e-10
opx_only,XGB,raw,P_kbar,3,43,12.843042480935887,0.30361374425585236,0.10960603509209188,0.023640328583085686
opx_only,RF,raw,T_C,5,43,164.01309478850268,1.3587804179669083,0.20104513330123974,0.008284584957799107
opx_only,XGB,raw,T_C,5,43,165.9387468297134,6.9052082979362,0.18217419169960902,0.04161299533629922
opx_only,RF,raw,P_kbar,5,43,15.237754819579486,9.478682863276759e-09,-0.2533960804108648,6.220524595327713e-10
opx_only,XGB,raw,P_kbar,5,43,11.702230590805764,0.3952173470164202,0.2607630395046808,0.03377282168127293
opx_only,RF,raw,T_C,10,43,178.01472845168004,0.9608028476878921,0.058810503521557034,0.005397322210609615
opx_only,XGB,raw,T_C,10,43,172.13709070921354,8.392836022584229,0.11993628186165506,0.048756697281250184
opx_only,RF,raw,P_kbar,10,43,14.519178227146554,1.122603057703171e-08,-0.13796902856743554,7.73186360922436e-10
opx_only,XGB,raw,P_kbar,10,43,12.266195141760445,0.4533164481329124,0.18779415852957515,0.03695656582126186
opx_only,RF,raw,T_C,15,43,182.31494759002223,0.7844922400827867,0.012789528186711085,0.004302950747883278
opx_only,XGB,raw,T_C,15,43,164.5525481443232,9.16528662529407,0.1957808258264836,0.05569823578335307
opx_only,RF,raw,P_kbar,15,43,15.48935050555825,1.3713046050415459e-08,-0.295128273560499,8.853209206864177e-10
opx_only,XGB,raw,P_kbar,15,43,11.488368950560721,0.5005550509753192,0.2875356820424978,0.04357059327824671
opx_only,RF,alr,T_C,1,43,162.87268700780413,3.0383253810695834,0.21211701412060668,0.018654603401514463
opx_only,XGB,alr,T_C,1,43,160.6368536086444,4.084189891849202,0.2335998560037872,0.025424986857619937
opx_only,RF,alr,P_kbar,1,43,12.15260823368944,1.3549732378411234e-08,0.20276682068591823,1.1149649620769217e-09
opx_only,XGB,alr,P_kbar,1,43,12.837197626757122,0.14205487929090932,0.11041628526081515,0.011065879284651522
opx_only,RF,alr,T_C,3,43,168.95911051868543,1.7541779766461965,0.15213164056245976,0.01038226332549377
opx_only,XGB,alr,T_C,3,43,163.70007397556168,6.271473982644493,0.2040918516489849,0.03831075839086514
opx_only,RF,alr,P_kbar,3,43,15.007397779150583,1.0950476852083897e-08,-0.2157860538816836,7.296719266878586e-10
opx_only,XGB,alr,P_kbar,3,43,12.24198526502366,0.2892818744957131,0.19099710747670573,0.023630307358906463
opx_only,RF,alr,T_C,5,43,179.07051122763224,1.3587804179669083,0.047613245883880495,0.007587963024462712
opx_only,XGB,alr,T_C,5,43,172.07185565752118,7.472067416800875,0.12060319360440608,0.04342411132981975
opx_only,RF,alr,P_kbar,5,43,14.723914601897508,8.984934050030843e-09,-0.17028853214266904,6.102272590519461e-10
opx_only,XGB,alr,P_kbar,5,43,11.522909500462463,0.4296112301327408,0.2832450984792638,0.03728322522323886
opx_only,RF,alr,T_C,10,43,173.92789647088568,0.9608028476878921,0.10152977636896443,0.005524144586252291
opx_only,XGB,alr,T_C,10,43,158.52353149874276,8.365546655998719,0.2536325739688149,0.05277163949672081
opx_only,RF,alr,P_kbar,10,43,14.194415556002529,1.0309021481804798e-08,-0.08763055682799359,7.262730502098991e-10
opx_only,XGB,alr,P_kbar,10,43,12.868692580747547,0.5161434534341847,0.10604589725037383,0.04010846091749607
opx_only,RF,alr,T_C,15,43,183.119289994762,0.7844922400827867,0.0040595049664543525,0.004284050250004937
opx_only,XGB,alr,T_C,15,43,169.9189283981731,8.694506252418897,0.1424711882614721,0.051168556289649815
opx_only,RF,alr,P_kbar,15,43,14.56345875923474,1.409006172859135e-08,-0.14492075995529086,9.674941895006083e-10
opx_only,XGB,alr,P_kbar,15,43,12.298588343443928,0.5282704437464616,0.18349866385317393,0.04295374631577692
opx_only,RF,pwlr,T_C,1,43,152.0421924819154,3.0383253810695834,0.3134163662985402,0.019983435725783656
opx_only,XGB,pwlr,T_C,1,43,157.65766334718026,3.2188144094311553,0.2617637432305223,0.020416479231605486
opx_only,RF,pwlr,P_kbar,1,43,11.911503879042282,1.439721203275254e-08,0.23408678554820495,1.2086813032973731e-09
opx_only,XGB,pwlr,P_kbar,1,43,14.281709862901387,0.06178325141304227,-0.10104934161659784,0.004326040229505878
opx_only,RF,pwlr,T_C,3,43,158.71287169122778,1.7541779766461965,0.25184858965613455,0.011052524965075984
opx_only,XGB,pwlr,T_C,3,43,164.85568788117746,4.856335139561246,0.1928150213093922,0.02945809878917573
opx_only,RF,pwlr,P_kbar,3,43,13.314000710604674,1.465880507531353e-08,0.04310668370677573,1.1010067818035875e-09
opx_only,XGB,pwlr,P_kbar,3,43,13.783457992974116,0.23169595963281886,-0.025563943331968986,0.016809712029515523
opx_only,RF,pwlr,T_C,5,43,170.91222054773348,1.3587804179669083,0.13241620200687065,0.007950165375023134
opx_only,XGB,pwlr,T_C,5,43,165.63383353327225,6.965630094740066,0.185176948587517,0.04205439158262808
opx_only,RF,pwlr,P_kbar,5,43,14.959722711489407,2.252315959752803e-08,-0.20807377542480476,1.5055867031699546e-09
opx_only,XGB,pwlr,P_kbar,5,43,15.713938346738782,0.340277262455123,-0.33295798090401885,0.021654486287693946
opx_only,RF,pwlr,T_C,10,43,182.83031361257838,0.9608028476878921,0.0072003667864259935,0.005255161623382955
opx_only,XGB,pwlr,T_C,10,43,159.5323368620095,8.602481538386366,0.24410294493011708,0.05392312121540127
opx_only,RF,pwlr,P_kbar,10,43,14.822143404056801,2.4308781161928433e-08,-0.18595549319490434,1.6400314380493141e-09
opx_only,XGB,pwlr,P_kbar,10,43,20.432092845760447,0.45802538167567314,-1.2535753123434588,0.022416958709675746
opx_only,RF,pwlr,T_C,15,43,188.68496381787054,0.7844922400827867,-0.05740116707081033,0.004157682860410771
opx_only,XGB,pwlr,T_C,15,43,165.8358490791417,9.411903397966494,0.18318813625924601,0.05675433538785007
opx_only,RF,pwlr,P_kbar,15,43,16.186214175221924,2.4535108493012833e-08,-0.41428499875515645,1.5158027829986032e-09
opx_only,XGB,pwlr,P_kbar,15,43,16.835972735155043,0.49675824455699824,-0.5301105058873041,0.029505764375569572
opx_only,RF,raw,T_C,1,44,133.62579008326972,2.944188934978271,0.44054363673391206,0.022033089070183098
opx_only,XGB,raw,T_C,1,44,137.78950528517782,4.09232892268567,0.40513567068339773,0.0296998593195899
opx_only,RF,raw,P_kbar,1,44,15.01114951591629,6.951661269033963e-09,0.11738575535614026,4.630998619834631e-10
opx_only,XGB,raw,P_kbar,1,44,14.482261895490424,0.15510552495694024,0.178484381037039,0.010710034528876871
opx_only,RF,raw,T_C,3,44,138.4842373491534,1.6913923497545094,0.3991219590366577,0.012213609159648156
opx_only,XGB,raw,T_C,3,44,151.29443882347167,6.646256186706662,0.28281437621004757,0.04392928278389284
opx_only,RF,raw,P_kbar,3,44,15.804036364963192,7.633157799033527e-09,0.021684190899805222,4.829878660590709e-10
opx_only,XGB,raw,P_kbar,3,44,15.597085975454338,0.3319212782189215,0.04713809772290667,0.021280980225490662
opx_only,RF,raw,T_C,5,44,138.71288660328923,1.310146880500369,0.39713611949169114,0.00944502643252831
opx_only,XGB,raw,T_C,5,44,151.6321056456978,8.553458677037693,0.27960949920328526,0.056409285095754234
opx_only,RF,raw,P_kbar,5,44,17.123686026959568,7.629707331569989e-09,-0.14851730525353735,4.4556454256155835e-10
opx_only,XGB,raw,P_kbar,5,44,15.261511637276763,0.4417290267506289,0.08769903281565594,0.028943989117807354
opx_only,RF,raw,T_C,10,44,139.84290350559414,0.9264137435522123,0.3872737157947157,0.006624674690876631
opx_only,XGB,raw,T_C,10,44,139.66631919604058,9.996348770331736,0.38882015873334486,0.07157308095375885
opx_only,RF,raw,P_kbar,10,44,16.82091069524899,1.330573356607936e-08,-0.10826097586633421,7.910233760314487e-10
opx_only,XGB,raw,P_kbar,10,44,15.205079554503884,0.5795514895274738,0.09443334081599952,0.0381156499346171
opx_only,RF,raw,T_C,15,44,141.87409573143458,0.7564136541348366,0.36934497761080287,0.005331583967003502
opx_only,XGB,raw,T_C,15,44,145.53428258276145,10.736844015742959,0.3363848923443252,0.07377535949055304
opx_only,RF,raw,P_kbar,15,44,15.87265413111373,1.3567525373022123e-08,0.013170470022998093,8.547735785678671e-10
opx_only,XGB,raw,P_kbar,15,44,16.812065856589903,0.6095385510725395,-0.10709578183666735,0.03625601733136299
opx_only,RF,alr,T_C,1,44,124.05298619707993,2.944188934978271,0.5178301041064882,0.023733317715551885
opx_only,XGB,alr,T_C,1,44,140.18035884051642,4.144764705455227,0.3843130045364481,0.02956737120476869
opx_only,RF,alr,P_kbar,1,44,15.452899910498232,9.703881250006187e-09,0.0646739842889581,6.279650619760803e-10
opx_only,XGB,alr,P_kbar,1,44,14.236331371368088,0.1653649889321938,0.20614861374446714,0.01161570243193226
opx_only,RF,alr,T_C,3,44,137.66682524069145,1.6913923497545094,0.406194466772149,0.012286128824408809
opx_only,XGB,alr,T_C,3,44,143.17920275623766,6.245009256450748,0.3576887547088552,0.04361673438762517
opx_only,RF,alr,P_kbar,3,44,15.38720558106013,7.922874204945091e-09,0.07260971221729196,5.149001333092756e-10
opx_only,XGB,alr,P_kbar,3,44,15.74329207466363,0.3625602954234841,0.029190234462141862,0.023029509565344868
opx_only,RF,alr,T_C,5,44,133.39760305135601,1.310146880500369,0.4424527245918599,0.009821367479863808
opx_only,XGB,alr,T_C,5,44,145.9873814027388,8.571152049937915,0.3322463308650849,0.058711595259678485
opx_only,RF,alr,P_kbar,5,44,15.604309407044141,7.928591996944714e-09,0.04625530120406274,5.081027163794616e-10
opx_only,XGB,alr,P_kbar,5,44,14.79085283763723,0.4403122492013292,0.14310134129589824,0.029769226564197705
opx_only,RF,alr,T_C,10,44,140.00692036051686,0.9264137435522123,0.3858355824249162,0.00661691394373009
opx_only,XGB,alr,T_C,10,44,133.0723694957414,8.952406045724912,0.445168096183272,0.06727471735604293
opx_only,RF,alr,P_kbar,10,44,15.731671200326979,1.4349986136586935e-08,0.030622907434445845,9.121717555531337e-10
opx_only,XGB,alr,P_kbar,10,44,14.809684080161025,0.5094042671305207,0.14091800016539346,0.03439670045446249
opx_only,RF,alr,T_C,15,44,148.1339566195338,0.7564136541348366,0.3124648732562135,0.00510628131048713
opx_only,XGB,alr,T_C,15,44,146.25683395675887,9.969215287639974,0.3297790767968005,0.068162389530375
opx_only,RF,alr,P_kbar,15,44,16.255381857237815,1.8294864596837377e-08,-0.03499292955621325,1.1254650771978924e-09
opx_only,XGB,alr,P_kbar,15,44,15.04559045766278,0.5806008771717459,0.11333104418755302,0.03858943780275792
opx_only,RF,pwlr,T_C,1,44,119.30855129380222,2.9875945528336367,0.554006231840374,0.025040908806918307
opx_only,XGB,pwlr,T_C,1,44,117.70049376527751,3.4622414304241858,0.5659475466513537,0.029415691639567036
opx_only,RF,pwlr,P_kbar,1,44,11.99916452537313,9.391313810234888e-09,0.4360442263160529,7.826639755106494e-10
opx_only,XGB,pwlr,P_kbar,1,44,14.74680464737061,0.0665459366551638,0.14819754936409923,0.004512566501450814
opx_only,RF,pwlr,T_C,3,44,121.0239995045811,1.6913923497545094,0.5410888096867217,0.013975677193600641
opx_only,XGB,pwlr,T_C,3,44,125.7068743858171,5.520790807644172,0.5048877155297729,0.04391797055346287
opx_only,RF,pwlr,P_kbar,3,44,12.157201331682545,8.785931284673704e-09,0.42109106997294365,7.226935743654201e-10
opx_only,XGB,pwlr,P_kbar,3,44,13.35240437922958,0.25351618559590516,0.30166793469264486,0.018986556907328537
opx_only,RF,pwlr,T_C,5,44,120.56114086807933,1.310146880500369,0.5445923267358911,0.010867074341424495
opx_only,XGB,pwlr,T_C,5,44,124.3245777548791,7.369235293321366,0.5157165455955335,0.05927416305286556
opx_only,RF,pwlr,P_kbar,5,44,13.257034022099218,1.1162816458258938e-08,0.31160806662313223,8.420297058641276e-10
opx_only,XGB,pwlr,P_kbar,5,44,15.297235772922567,0.345913793303797,0.08342300708986472,0.02261283008503369
opx_only,RF,pwlr,T_C,10,44,141.6786377397172,0.9264137435522123,0.37108147012808756,0.006538838588031595
opx_only,XGB,pwlr,T_C,10,44,135.3515770829433,10.014610580178731,0.42599947895780554,0.07398961132194115
opx_only,RF,pwlr,P_kbar,10,44,13.235333580080452,1.6401471615131202e-08,0.3138598799425826,1.2392186049481878e-09
opx_only,XGB,pwlr,P_kbar,10,44,15.221835008477644,0.47948564455803816,0.09243643700831139,0.0314998582162396
opx_only,RF,pwlr,T_C,15,44,136.83594532633415,0.7564136541348366,0.41334059226255404,0.00552788707916548
opx_only,XGB,pwlr,T_C,15,44,124.766742156004,10.66398094470669,0.5122656802432347,0.085471342446153
opx_only,RF,pwlr,P_kbar,15,44,13.696891186663645,1.7298086007458166e-08,0.2651697230624076,1.26292059794568e-09
opx_only,XGB,pwlr,P_kbar,15,44,15.609977219241184,0.5367695928976047,0.045562335252466446,0.03438631494195721
opx_only,RF,raw,T_C,1,45,171.99705296623858,3.0405064482863313,0.3218833817150265,0.0176776659590973
opx_only,XGB,raw,T_C,1,45,168.92742770418712,4.376389263524534,0.3458720381276065,0.025906919456490717
opx_only,RF,raw,P_kbar,1,45,10.58833786784268,5.474526448788129e-09,0.19554200391588772,5.170336002796571e-10
opx_only,XGB,raw,P_kbar,1,45,12.29409116509295,0.20548738035736097,-0.08452770144022814,0.016714320529915103
opx_only,RF,raw,T_C,3,45,185.1869462474118,1.665353967966339,0.21389036988074062,0.00899282590761774
opx_only,XGB,raw,T_C,3,45,173.91608602217988,6.275976571840617,0.3066669826267102,0.03608623397286107
opx_only,RF,raw,P_kbar,3,45,11.305072916995263,6.1946129912093085e-09,0.08294680845169944,5.479498484168782e-10
opx_only,XGB,raw,P_kbar,3,45,10.92028085798922,0.38112119296051905,0.14431206785914008,0.03490031052467783
opx_only,RF,raw,T_C,5,45,188.59932925085053,1.2899776366948141,0.18465265023285726,0.006839778496661841
opx_only,XGB,raw,T_C,5,45,189.22444947946045,7.735407841940276,0.17923868807148935,0.04087953677878145
opx_only,RF,raw,P_kbar,5,45,11.503136174338916,6.021687554963295e-09,0.050532042232004915,5.234822455111343e-10
opx_only,XGB,raw,P_kbar,5,45,9.993066301211385,0.4826124814156993,0.28345193325385987,0.048294734255610386
opx_only,RF,raw,T_C,10,45,183.1135580540213,0.9614925617013769,0.23139469257112677,0.005250799405130459
opx_only,XGB,raw,T_C,10,45,181.99293172703466,8.8626734169106,0.24077339485708238,0.04869789904919735
opx_only,RF,raw,P_kbar,10,45,11.79354986080668,9.244556607672838e-09,0.001985420063924326,7.838654787389444e-10
opx_only,XGB,raw,P_kbar,10,45,9.954314714787072,0.5538365633877286,0.2889984861696139,0.05563783939491162
opx_only,RF,raw,T_C,15,45,185.78191685081458,0.7447689357943482,0.20883101266663573,0.004008834381832802
opx_only,XGB,raw,T_C,15,45,194.36137669151773,9.697945442834282,0.1340709502994022,0.04989646403990262
opx_only,RF,raw,P_kbar,15,45,11.676900232366027,1.169202711967584e-08,0.02163044429670713,1.0012954540168017e-09
opx_only,XGB,raw,P_kbar,15,45,9.76355794476245,0.556369203309788,0.31598754926675043,0.056984268077012436
opx_only,RF,alr,T_C,1,45,168.31149471582353,3.0405064482863313,0.3506334256986666,0.01806475816414031
opx_only,XGB,alr,T_C,1,45,158.04928418493705,4.276655310825756,0.4274051433129814,0.02705899829208682
opx_only,RF,alr,P_kbar,1,45,9.750988171488554,1.0848702144798914e-08,0.31774763446115695,1.1125746390012065e-09
opx_only,XGB,alr,P_kbar,1,45,11.92368933917218,0.19689570796883546,-0.020161890019668283,0.016512985399744173
opx_only,RF,alr,T_C,3,45,177.1894576370318,1.665353967966339,0.28032215417408035,0.009398719258895048
opx_only,XGB,alr,T_C,3,45,181.43153060094843,7.127184618867826,0.24545020577880983,0.03928305402738287
opx_only,RF,alr,P_kbar,3,45,11.862359033039834,6.901534795272834e-09,-0.009694335750896732,5.818012063241568e-10
opx_only,XGB,alr,P_kbar,3,45,11.36900198035662,0.4176226814994837,0.0725457937718994,0.03673345138131323
opx_only,RF,alr,T_C,5,45,186.80814092346736,1.359755820878937,0.20006633727778178,0.00727888952888841
opx_only,XGB,alr,T_C,5,45,192.09740554297852,8.058456021899401,0.15412658659818246,0.04194984309715968
opx_only,RF,alr,P_kbar,5,45,11.892739531904597,8.246216958853695e-09,-0.014872782666071727,6.933824571480446e-10
opx_only,XGB,alr,P_kbar,5,45,11.361142898469415,0.5345505321093601,0.07382759832140517,0.047050770937963934
opx_only,RF,alr,T_C,10,45,184.9781740368924,0.9614925617013769,0.21566182665598022,0.0051978703255531914
opx_only,XGB,alr,T_C,10,45,186.5320525025088,8.84563461403831,0.20242907392367193,0.047421526195447504
opx_only,RF,alr,P_kbar,10,45,11.675903677896828,1.3477861848739084e-08,0.021797433296986024,1.154331366595073e-09
opx_only,XGB,alr,P_kbar,10,45,11.108327933775062,0.5677241860456511,0.11458846530288547,0.05110797857519816
opx_only,RF,alr,T_C,15,45,190.7689484809895,0.7550420960633234,0.16578547380107866,0.003957887811802689
opx_only,XGB,alr,T_C,15,45,190.9418477412877,9.200624054357531,0.1642726444039473,0.04818547721829794
opx_only,RF,alr,P_kbar,15,45,11.511450063073704,1.2356851007958286e-08,0.04915909081268355,1.0734400045391718e-09
opx_only,XGB,alr,P_kbar,15,45,9.719761984803826,0.580420316153075,0.32211027496128963,0.05971548655826366
opx_only,RF,pwlr,T_C,1,45,163.77201007201717,3.0405064482863313,0.3851888501141848,0.018565482874328146
opx_only,XGB,pwlr,T_C,1,45,171.70305545613732,3.345807419365534,0.32419963313023925,0.01948600978868569
opx_only,RF,pwlr,P_kbar,1,45,9.864292270673833,5.448587482221399e-09,0.3018003061617196,5.523546274495377e-10
opx_only,XGB,pwlr,P_kbar,1,45,12.30307493923193,0.09444047274732344,-0.08611329432997628,0.007676168211100832
opx_only,RF,pwlr,T_C,3,45,175.19759985226077,1.665353967966339,0.296411583955699,0.009505575244014105
opx_only,XGB,pwlr,T_C,3,45,173.20150856928655,5.445619924505003,0.31235273986064227,0.0314409497324128
opx_only,RF,pwlr,P_kbar,3,45,11.535748018606839,6.140044912189491e-09,0.04514085279530544,5.322623987872975e-10
opx_only,XGB,pwlr,P_kbar,3,45,12.057352009749572,0.27602170577656415,-0.04316179082053773,0.022892398393392934
opx_only,RF,pwlr,T_C,5,45,167.56624365654594,1.2899776366948141,0.3563712361656848,0.0076983144608697655
opx_only,XGB,pwlr,T_C,5,45,196.8796866488517,7.492754952645485,0.1114861637968978,0.03805753188752948
opx_only,RF,pwlr,P_kbar,5,45,11.120548899548961,6.741000730500705e-09,0.11263920051231158,6.061751799656323e-10
opx_only,XGB,pwlr,P_kbar,5,45,11.19212902001234,0.3698136879488875,0.1011790080201378,0.033042300288679105
opx_only,RF,pwlr,T_C,10,45,174.9442805650677,0.9614925617013769,0.29844475863884845,0.005495993116184014
opx_only,XGB,pwlr,T_C,10,45,195.1657622008,9.188071843281381,0.12688863716622445,0.04707829764642868
opx_only,RF,pwlr,P_kbar,10,45,11.170351537179286,9.300291990044343e-09,0.10467343079307623,8.325872251279957e-10
opx_only,XGB,pwlr,P_kbar,10,45,10.587241254820032,0.5345622928188735,0.19570862750552442,0.050491178953299506
opx_only,RF,pwlr,T_C,15,45,175.78304525890027,0.7447689357943482,0.2917014642249255,0.004236864452413046
opx_only,XGB,pwlr,T_C,15,45,183.99712548743548,10.545560688802619,0.22395938223590317,0.057313725205575226
opx_only,RF,pwlr,P_kbar,15,45,11.488950263675166,8.402183631548892e-09,0.05287240615598876,7.31327357044467e-10
opx_only,XGB,pwlr,P_kbar,15,45,11.483343639783548,0.576677476575405,0.053796579798412236,0.05021860310593953
opx_only,RF,raw,T_C,1,46,165.79976584024132,0.0,0.32875807307099914,0.0
opx_only,XGB,raw,T_C,1,46,168.61765253479197,2.3814428830472893,0.3057476996801567,0.014123330785641859
opx_only,RF,raw,P_kbar,1,46,18.91262491565847,1.3306021006227259e-08,0.028555588936780896,7.035523131012188e-10
opx_only,XGB,raw,P_kbar,1,46,20.4154581465448,0.11506943575280883,-0.13196394982343795,0.005636387629747299
opx_only,RF,raw,T_C,3,46,178.48540429323344,0.0,0.22211273003995458,0.0
opx_only,XGB,raw,T_C,3,46,172.21131410801527,5.803368499671343,0.2758398683067822,0.033699112800633556
opx_only,RF,raw,P_kbar,3,46,18.433778995880306,8.106635074616276e-09,0.07712456146329205,4.3977065562237653e-10
opx_only,XGB,raw,P_kbar,3,46,17.96116316187958,0.28736984654333597,0.12384034486685569,0.015999512055724995
opx_only,RF,raw,T_C,5,46,189.1575418184364,0.0,0.1263075700433175,0.0
opx_only,XGB,raw,T_C,5,46,177.62649525236617,6.808874042109209,0.22958142822766436,0.03833253610299169
opx_only,RF,raw,P_kbar,5,46,18.23965007367716,9.318741244332377e-09,0.09646009222563434,5.109057030529805e-10
opx_only,XGB,raw,P_kbar,5,46,18.981633064894343,0.3657987004057667,0.021453467032937157,0.019271192270716397
opx_only,RF,raw,T_C,10,46,189.11030473115906,0.0,0.12674387865718806,0.0
opx_only,XGB,raw,T_C,10,46,176.0760851964429,8.25578377263061,0.2429719054323859,0.046887592732538744
opx_only,RF,raw,P_kbar,10,46,18.661391468776444,1.5335516855318177e-08,0.05419330965388569,8.217777801284005e-10
opx_only,XGB,raw,P_kbar,10,46,19.137483796571637,0.4456661166474718,0.0053185769586275855,0.023287602559711122
opx_only,RF,raw,T_C,15,46,186.54890679521364,1.5901286635773743e-14,0.1502392518485971,8.523923784356226e-17
opx_only,XGB,raw,T_C,15,46,178.0939645290378,8.793079611857738,0.22552098756900485,0.04937325998166573
opx_only,RF,raw,P_kbar,15,46,18.948680576156693,1.8412048622104816e-08,0.0248480700207222,9.716797192345346e-10
opx_only,XGB,raw,P_kbar,15,46,18.613339025849005,0.4589444744510391,0.05905787810250007,0.02465675147342917
opx_only,RF,alr,T_C,1,46,162.04732192134858,0.0,0.35879785601432435,0.0
opx_only,XGB,alr,T_C,1,46,166.55106067909074,2.5587070643218626,0.3226610418589754,0.01536289864435003
opx_only,RF,alr,P_kbar,1,46,19.37280729852101,1.5961266204198258e-08,-0.01929396327737254,8.239005301733837e-10
opx_only,XGB,alr,P_kbar,1,46,19.913463247500545,0.12361114657743413,-0.07698072019674518,0.0062074158091485815
opx_only,RF,alr,T_C,3,46,179.0553043686612,0.0,0.21713724458726713,0.0
opx_only,XGB,alr,T_C,3,46,173.36256644814773,5.721896044275863,0.26612531835871656,0.03300537227560753
opx_only,RF,alr,P_kbar,3,46,19.140801308433595,9.742507269399287e-09,0.0049736879989915606,5.089916097246492e-10
opx_only,XGB,alr,P_kbar,3,46,19.104832342243718,0.3323919468465737,0.008709836684758998,0.017398317917273948
opx_only,RF,alr,T_C,5,46,182.85092512517625,0.0,0.18359515447579122,0.0
opx_only,XGB,alr,T_C,5,46,174.73530664383,7.445575153561167,0.2544571961260955,0.04261059368349513
opx_only,RF,alr,P_kbar,5,46,18.801571118589568,9.403400377825501e-09,0.03993062026376093,5.001390744695869e-10
opx_only,XGB,alr,P_kbar,5,46,19.261765650984835,0.37434534894965305,-0.007642610607240252,0.019434633134502555
opx_only,RF,alr,T_C,10,46,178.38057074037155,0.0,0.22302624717278585,0.0
opx_only,XGB,alr,T_C,10,46,180.20890608441974,8.468577675656151,0.20701723093440827,0.046993114045589986
opx_only,RF,alr,P_kbar,10,46,18.868116453833483,1.3956247121676022e-08,0.03312255092095351,7.396735734499082e-10
opx_only,XGB,alr,P_kbar,10,46,19.190671785386986,0.49244255417861615,-0.00021805715814071647,0.025660516718002215
opx_only,RF,alr,T_C,15,46,180.3542759764465,1.5591155924678592e-14,0.20573735729171183,8.644738717874773e-17
opx_only,XGB,alr,T_C,15,46,177.10771547913154,9.1000764912316,0.2340750587293995,0.05138159264610838
opx_only,RF,alr,P_kbar,15,46,19.218061770305635,1.5484193415367607e-08,-0.0030752273831409216,8.05710461358422e-10
opx_only,XGB,alr,P_kbar,15,46,18.844612409022417,0.5318967707735578,0.035529932317953095,0.02822540253037502
opx_only,RF,pwlr,T_C,1,46,159.1943600777981,0.0,0.3811767750060179,0.0
opx_only,XGB,pwlr,T_C,1,46,181.08971190240544,1.577755530449934,0.19924657419841396,0.00871256303781759
opx_only,RF,pwlr,P_kbar,1,46,18.42815483031889,2.1142066121336735e-08,0.07768761610999542,1.1472698333613297e-09
opx_only,XGB,pwlr,P_kbar,1,46,17.6276756852957,0.060483856739355905,0.15607386106114873,0.0034311872886230326
opx_only,RF,pwlr,T_C,3,46,170.92916992714385,0.0,0.2865827322353275,0.0
opx_only,XGB,pwlr,T_C,3,46,175.50356679325947,4.779662466147921,0.24788691574007393,0.02723399047369955
opx_only,RF,pwlr,P_kbar,3,46,18.747923099927444,2.2538345195519815e-08,0.04540168827714108,1.202178239978328e-09
opx_only,XGB,pwlr,P_kbar,3,46,17.836408743904155,0.22167535117399853,0.1359693125676067,0.012428250235617595
opx_only,RF,pwlr,T_C,5,46,171.9496055983881,0.0,0.27803919956941126,0.0
opx_only,XGB,pwlr,T_C,5,46,175.57308652421946,6.326397791382725,0.24729095001677903,0.03603284487745238
opx_only,RF,pwlr,P_kbar,5,46,18.821441409955536,2.334688507650122e-08,0.03790026452383477,1.2404408657113777e-09
opx_only,XGB,pwlr,P_kbar,5,46,18.295458168551132,0.32471097562751655,0.09092248778007894,0.017748174035109792
opx_only,RF,pwlr,T_C,10,46,171.83184003082553,0.0,0.2790277800080867,0.0
opx_only,XGB,pwlr,T_C,10,46,174.21505347503472,8.820123032194363,0.25889011348210356,0.05062778936872008
opx_only,RF,pwlr,P_kbar,10,46,18.792472496727775,2.1305045191473292e-08,0.040859605885076866,1.1337010175315151e-09
opx_only,XGB,pwlr,P_kbar,10,46,18.56689470092021,0.4631668794401651,0.06374772975319487,0.024945845113087742
opx_only,RF,pwlr,T_C,15,46,172.18061270675707,1.3176931765877832e-14,0.2760980481957832,7.652970656063135e-17
opx_only,XGB,pwlr,T_C,15,46,172.31546291441506,9.369371838318827,0.2749636980054819,0.05437336661407089
opx_only,RF,pwlr,P_kbar,15,46,19.136462407821753,2.015153282377583e-08,0.005424748628283682,1.0530437859580138e-09
opx_only,XGB,pwlr,P_kbar,15,46,18.95527305814109,0.4979237788682445,0.024169416980786895,0.026268351679291244
