strategy,model_name,target,fold,n_test,rmse
LOSO,RF,T_C,0,4,161.7666263672764
LOSO,RF,T_C,1,1,3.0
LOSO,RF,T_C,2,4,158.30529818553035
LOSO,RF,T_C,3,4,55.9156731158626
LOSO,RF,T_C,4,34,15.099479495855205
LOSO,RF,T_C,5,3,34.88074922742725
LOSO,RF,T_C,6,17,59.67968083497767
LOSO,RF,T_C,7,10,76.56772601211735
LOSO,RF,T_C,8,23,65.31379107315564
LOSO,RF,T_C,9,4,62.77389751052938
LOSO,RF,T_C,10,3,165.30577727351212
LOSO,RF,T_C,11,4,59.77620299453994
LOSO,RF,T_C,12,13,79.34394456076366
LOSO,RF,T_C,13,9,14.240006242195886
LOSO,RF,T_C,14,6,21.88987589427283
LOSO,RF,T_C,15,1,203.0
LOSO,RF,T_C,16,1,25.0
LOSO,RF,T_C,17,7,80.32167471219353
LOSO,RF,T_C,18,4,21.186980082116474
LOSO,RF,T_C,19,1,77.0
LOSO,RF,T_C,20,3,25.65986730816292
LOSO,RF,T_C,21,23,54.26335364602011
LOSO,RF,T_C,22,12,20.577090821266903
LOSO,RF,T_C,23,9,77.45608074544208
LOSO,RF,T_C,24,8,36.09752415332664
LOSO,RF,T_C,25,9,31.57882553582736
LOSO,RF,T_C,26,3,57.445626465380286
LOSO,RF,T_C,27,2,37.458310159429246
LOSO,RF,T_C,28,3,14.433756729740644
LOSO,RF,T_C,29,3,65.37328710311779
LOSO,RF,T_C,30,1,40.0
LOSO,RF,T_C,31,21,83.6023752225805
LOSO,RF,T_C,32,7,83.15218406202999
LOSO,RF,T_C,33,1,285.0
LOSO,RF,T_C,34,2,67.91538853603062
LOSO,RF,T_C,35,7,54.43646690015278
LOSO,RF,T_C,36,2,7.0710678118654755
LOSO,RF,T_C,37,5,65.54540411043325
LOSO,RF,T_C,38,3,86.65830973260789
LOSO,RF,T_C,39,16,49.486424906230596
LOSO,RF,T_C,40,1,175.0
LOSO,RF,T_C,41,2,105.60303025955268
LOSO,RF,T_C,42,1,43.125
LOSO,RF,T_C,43,6,44.827446949385816
LOSO,RF,T_C,44,17,35.8189968249636
LOSO,RF,T_C,45,6,23.601730162567883
LOSO,RF,T_C,46,10,25.61749890211767
LOSO,RF,T_C,47,1,20.0
LOSO,RF,T_C,48,1,20.0
LOSO,RF,T_C,49,5,74.93196914535211
LOSO,RF,T_C,50,5,65.23266053136267
LOSO,RF,T_C,51,10,58.58242057136253
LOSO,RF,T_C,52,1,30.0
LOSO,RF,T_C,53,7,49.12847588575431
LOSO,RF,T_C,54,2,23.717082451262844
LOSO,RF,T_C,55,1,95.0
LOSO,RF,T_C,56,3,96.30680142129111
LOSO,RF,T_C,57,3,117.26039399558574
LOSO,RF,T_C,58,6,22.9128784747792
LOSO,RF,T_C,59,6,76.49210198881102
LOSO,RF,T_C,60,19,31.058905918806097
LOSO,RF,T_C,61,2,14.142135623730951
LOSO,RF,T_C,62,17,104.49458190288539
LOSO,RF,T_C,63,3,205.38601867378088
LOSO,RF,T_C,64,16,67.1914243039988
LOSO,RF,T_C,65,1,19.230769230769283
LOSO,RF,T_C,66,3,87.43455171345786
LOSO,RF,T_C,67,11,81.45690438954375
LOSO,RF,T_C,68,14,56.28705128941418
LOSO,RF,T_C,69,1,50.0
LOSO,RF,T_C,70,10,26.38939180807318
LOSO,RF,T_C,71,17,41.168809978340136
LOSO,RF,T_C,72,5,133.94569795256584
LOSO,RF,T_C,73,10,87.17969947183805
LOSO,RF,T_C,74,1,248.44444444444434
LOSO,RF,T_C,75,1,60.0
LOSO,RF,T_C,76,12,24.79583298325211
LOSO,RF,T_C,77,6,46.14289399969042
LOSO,RF,T_C,78,1,47.5
LOSO,RF,T_C,79,1,30.0
LOSO,RF,T_C,80,3,58.770110821113235
LOSO,RF,T_C,81,6,59.371710435189584
LOSO,RF,T_C,82,2,73.85881802466108
LOSO,RF,T_C,83,10,54.55483709076584
LOSO,RF,T_C,84,1,37.0
LOSO,RF,T_C,85,5,63.63961030678928
LOSO,RF,T_C,86,2,71.15124735378853
LOSO,RF,T_C,87,2,255.60053367021752
LOSO,RF,T_C,88,6,121.64240625702864
LOSO,RF,T_C,89,8,35.961785272703025
LOSO,RF,T_C,90,8,239.9526646028337
LOSO,RF,T_C,91,5,133.15125067214186
LOSO,RF,T_C,92,4,14.79019945774904
LOSO,RF,P_kbar,0,4,27.09017983758538
LOSO,RF,P_kbar,1,1,0.8176013292213686
LOSO,RF,P_kbar,2,4,1.2379471758977605
LOSO,RF,P_kbar,3,4,3.6886981811141615
LOSO,RF,P_kbar,4,34,9.387191961337878
LOSO,RF,P_kbar,5,3,0.46437938715509164
LOSO,RF,P_kbar,6,17,1.0484730598358516
LOSO,RF,P_kbar,7,10,4.949574147257916
LOSO,RF,P_kbar,8,23,10.6264492443791
LOSO,RF,P_kbar,9,4,3.895089417102289
LOSO,RF,P_kbar,10,3,16.048227611700863
LOSO,RF,P_kbar,11,4,9.40018333548461
LOSO,RF,P_kbar,12,13,2.780570643834873
LOSO,RF,P_kbar,13,9,5.077091547133212
LOSO,RF,P_kbar,14,6,3.937957747979947
LOSO,RF,P_kbar,15,1,3.9942727320145766
LOSO,RF,P_kbar,16,1,2.000000476837
LOSO,RF,P_kbar,17,7,2.498819467854957
LOSO,RF,P_kbar,18,4,2.227760636442356
LOSO,RF,P_kbar,19,1,11.999999539057601
LOSO,RF,P_kbar,20,3,5.896665570584305
LOSO,RF,P_kbar,21,23,4.652632103463944
LOSO,RF,P_kbar,22,12,1.8085445481189573
LOSO,RF,P_kbar,23,9,1.3588193701150137
LOSO,RF,P_kbar,24,8,2.372440232337064
LOSO,RF,P_kbar,25,9,2.175232389648827
LOSO,RF,P_kbar,26,3,5.8763113059967935
LOSO,RF,P_kbar,27,2,0.0
LOSO,RF,P_kbar,28,3,6.480908092085951
LOSO,RF,P_kbar,29,3,2.1538940266379902
LOSO,RF,P_kbar,30,1,0.0
LOSO,RF,P_kbar,31,21,2.726797150962824
LOSO,RF,P_kbar,32,7,0.5135712442905693
LOSO,RF,P_kbar,33,1,2.599999532103695
LOSO,RF,P_kbar,34,2,2.14241769155188
LOSO,RF,P_kbar,35,7,2.4191751568983757
LOSO,RF,P_kbar,36,2,1.584652350852155
LOSO,RF,P_kbar,37,5,4.966694728667545
LOSO,RF,P_kbar,38,3,3.970387349387263
LOSO,RF,P_kbar,39,16,3.2722541926998145
LOSO,RF,P_kbar,40,1,12.999999523163002
LOSO,RF,P_kbar,41,2,4.182049957589061
LOSO,RF,P_kbar,42,1,7.750083313465119
LOSO,RF,P_kbar,43,6,0.9604444575672336
LOSO,RF,P_kbar,44,17,1.6973560713453157
LOSO,RF,P_kbar,45,6,2.261124796836348
LOSO,RF,P_kbar,46,10,1.243494190291411
LOSO,RF,P_kbar,47,1,10.990000238418501
LOSO,RF,P_kbar,48,1,3.0
LOSO,RF,P_kbar,49,5,9.614559753177842
LOSO,RF,P_kbar,50,5,1.0084759480729222
LOSO,RF,P_kbar,51,10,7.65892496003407
LOSO,RF,P_kbar,52,1,9.748999940420612
LOSO,RF,P_kbar,53,7,2.190410062433809
LOSO,RF,P_kbar,54,2,2.2142219365803713
LOSO,RF,P_kbar,55,1,3.000000238419002
LOSO,RF,P_kbar,56,3,5.4208540199387185
LOSO,RF,P_kbar,57,3,6.551335929448206
LOSO,RF,P_kbar,58,6,4.004137664766282
LOSO,RF,P_kbar,59,6,3.807352969471475
LOSO,RF,P_kbar,60,19,3.9565210254509653
LOSO,RF,P_kbar,61,2,1.5531674204802526
LOSO,RF,P_kbar,62,17,5.954397550595056
LOSO,RF,P_kbar,63,3,1.4667957635605928
LOSO,RF,P_kbar,64,16,3.1929290250102595
LOSO,RF,P_kbar,65,1,5.630615624569176
LOSO,RF,P_kbar,66,3,5.510335413353427
LOSO,RF,P_kbar,67,11,1.9840636293252742
LOSO,RF,P_kbar,68,14,2.3572141503308046
LOSO,RF,P_kbar,69,1,20.829525809054225
LOSO,RF,P_kbar,70,10,0.6704895048263142
LOSO,RF,P_kbar,71,17,5.247721042457782
LOSO,RF,P_kbar,72,5,8.600029217420875
LOSO,RF,P_kbar,73,10,4.228039336798115
LOSO,RF,P_kbar,74,1,3.359777875847289
LOSO,RF,P_kbar,75,1,2.5
LOSO,RF,P_kbar,76,12,2.0754517659334577
LOSO,RF,P_kbar,77,6,1.4382674147993415
LOSO,RF,P_kbar,78,1,8.327874986765265
LOSO,RF,P_kbar,79,1,2.000000290309586
LOSO,RF,P_kbar,80,3,3.220305968276365
LOSO,RF,P_kbar,81,6,5.597894325923327
LOSO,RF,P_kbar,82,2,6.519202745707603
LOSO,RF,P_kbar,83,10,1.9253000731076506
LOSO,RF,P_kbar,84,1,0.9665000104966195
LOSO,RF,P_kbar,85,5,1.7888547449551782
LOSO,RF,P_kbar,86,2,2.521271109360683
LOSO,RF,P_kbar,87,2,5.312412954176664
LOSO,RF,P_kbar,88,6,20.4029384143922
LOSO,RF,P_kbar,89,8,4.793232516174313
LOSO,RF,P_kbar,90,8,2.5
LOSO,RF,P_kbar,91,5,11.430878668476169
LOSO,RF,P_kbar,92,4,0.7204479652320159
LOSO,ERT,T_C,0,4,207.7805426555865
LOSO,ERT,T_C,1,1,10.0
LOSO,ERT,T_C,2,4,163.7958495519196
LOSO,ERT,T_C,3,4,49.082838141248516
LOSO,ERT,T_C,4,34,16.29742563391357
LOSO,ERT,T_C,5,3,36.013886210738214
LOSO,ERT,T_C,6,17,65.13953599199702
LOSO,ERT,T_C,7,10,78.45051518845072
LOSO,ERT,T_C,8,23,88.5006140975992
LOSO,ERT,T_C,9,4,64.31035155274938
LOSO,ERT,T_C,10,3,178.4647490869462
LOSO,ERT,T_C,11,4,67.4166151627327
LOSO,ERT,T_C,12,13,77.34339015067803
LOSO,ERT,T_C,13,9,21.032382440206604
LOSO,ERT,T_C,14,6,18.484227510682363
LOSO,ERT,T_C,15,1,325.0
LOSO,ERT,T_C,16,1,64.33333333333326
LOSO,ERT,T_C,17,7,92.64313250317046
LOSO,ERT,T_C,18,4,7.211102550927978
LOSO,ERT,T_C,19,1,100.0
LOSO,ERT,T_C,20,3,23.240600925150954
LOSO,ERT,T_C,21,23,63.47074385956853
LOSO,ERT,T_C,22,12,21.217131442932306
LOSO,ERT,T_C,23,9,79.24084244321934
LOSO,ERT,T_C,24,8,34.429275333645926
LOSO,ERT,T_C,25,9,36.37497613592192
LOSO,ERT,T_C,26,3,52.04164998665332
LOSO,ERT,T_C,27,2,39.75550276376844
LOSO,ERT,T_C,28,3,17.86523626114882
LOSO,ERT,T_C,29,3,69.10137480542626
LOSO,ERT,T_C,30,1,55.0
LOSO,ERT,T_C,31,21,86.98802599591893
LOSO,ERT,T_C,32,7,73.79992257061366
LOSO,ERT,T_C,33,1,290.0
LOSO,ERT,T_C,34,2,22.638462845343543
LOSO,ERT,T_C,35,7,49.19977587782865
LOSO,ERT,T_C,36,2,5.419666139633373
LOSO,ERT,T_C,37,5,62.489999199871974
LOSO,ERT,T_C,38,3,54.59909761802224
LOSO,ERT,T_C,39,16,39.48199747986416
LOSO,ERT,T_C,40,1,165.0
LOSO,ERT,T_C,41,2,97.75414457231514
LOSO,ERT,T_C,42,1,40.0
LOSO,ERT,T_C,43,6,52.68934111057631
LOSO,ERT,T_C,44,17,32.535952964284256
LOSO,ERT,T_C,45,6,29.891470355270247
LOSO,ERT,T_C,46,10,18.096961070853858
LOSO,ERT,T_C,47,1,28.0
LOSO,ERT,T_C,48,1,39.0
LOSO,ERT,T_C,49,5,108.57924813241249
LOSO,ERT,T_C,50,5,52.858774106102764
LOSO,ERT,T_C,51,10,66.63407536688717
LOSO,ERT,T_C,52,1,70.0
LOSO,ERT,T_C,53,7,50.005713959220984
LOSO,ERT,T_C,54,2,36.9120576505835
LOSO,ERT,T_C,55,1,100.0
LOSO,ERT,T_C,56,3,106.78014796768171
LOSO,ERT,T_C,57,3,105.16851556747707
LOSO,ERT,T_C,58,6,40.135707294129006
LOSO,ERT,T_C,59,6,99.31012033020602
LOSO,ERT,T_C,60,19,24.215011332279474
LOSO,ERT,T_C,61,2,41.23105625617661
LOSO,ERT,T_C,62,17,99.53073719740462
LOSO,ERT,T_C,63,3,205.0042682482489
LOSO,ERT,T_C,64,16,73.96660751837804
LOSO,ERT,T_C,65,1,49.23076923076928
LOSO,ERT,T_C,66,3,98.76909098160888
LOSO,ERT,T_C,67,11,75.66372975210778
LOSO,ERT,T_C,68,14,39.841700655357464
LOSO,ERT,T_C,69,1,28.85714285714289
LOSO,ERT,T_C,70,10,29.536418198556166
LOSO,ERT,T_C,71,17,35.06718574878613
LOSO,ERT,T_C,72,5,149.17322145747207
LOSO,ERT,T_C,73,10,61.54997969130453
LOSO,ERT,T_C,74,1,248.44444444444434
LOSO,ERT,T_C,75,1,60.0
LOSO,ERT,T_C,76,12,21.99431744792277
LOSO,ERT,T_C,77,6,46.98403984333403
LOSO,ERT,T_C,78,1,10.0
LOSO,ERT,T_C,79,1,70.0
LOSO,ERT,T_C,80,3,60.404194114868105
LOSO,ERT,T_C,81,6,89.58236433584459
LOSO,ERT,T_C,82,2,82.84020762890445
LOSO,ERT,T_C,83,10,70.94670887363274
LOSO,ERT,T_C,84,1,28.0
LOSO,ERT,T_C,85,5,71.62401831787993
LOSO,ERT,T_C,86,2,57.363969527918826
LOSO,ERT,T_C,87,2,290.31299111906793
LOSO,ERT,T_C,88,6,114.97028601628625
LOSO,ERT,T_C,89,8,35.22250700901343
LOSO,ERT,T_C,90,8,239.56216573156956
LOSO,ERT,T_C,91,5,125.08499332675984
LOSO,ERT,T_C,92,4,18.91428031937774
LOSO,ERT,P_kbar,0,4,28.783974783183425
LOSO,ERT,P_kbar,1,1,0.6890022102622302
LOSO,ERT,P_kbar,2,4,0.6304148914963712
LOSO,ERT,P_kbar,3,4,3.875060009594148
LOSO,ERT,P_kbar,4,34,9.770317914065037
LOSO,ERT,P_kbar,5,3,0.9055514005862914
LOSO,ERT,P_kbar,6,17,3.2718054819199462
LOSO,ERT,P_kbar,7,10,4.862668466105693
LOSO,ERT,P_kbar,8,23,11.048292168513271
LOSO,ERT,P_kbar,9,4,3.6883874413214204
LOSO,ERT,P_kbar,10,3,16.831518083642962
LOSO,ERT,P_kbar,11,4,9.122319056306084
LOSO,ERT,P_kbar,12,13,3.0459445105216503
LOSO,ERT,P_kbar,13,9,4.539606230841442
LOSO,ERT,P_kbar,14,6,3.2843623039177627
LOSO,ERT,P_kbar,15,1,8.36249999701975
LOSO,ERT,P_kbar,16,1,2.000000476837
LOSO,ERT,P_kbar,17,7,2.947881636531541
LOSO,ERT,P_kbar,18,4,3.178762204882139
LOSO,ERT,P_kbar,19,1,11.549999713898
LOSO,ERT,P_kbar,20,3,3.4353549243503747
LOSO,ERT,P_kbar,21,23,3.7450226042189727
LOSO,ERT,P_kbar,22,12,1.0103629710818451
LOSO,ERT,P_kbar,23,9,1.2009384575833137
LOSO,ERT,P_kbar,24,8,1.6503741855789276
LOSO,ERT,P_kbar,25,9,2.432173509135094
LOSO,ERT,P_kbar,26,3,5.7260545457405
LOSO,ERT,P_kbar,27,2,0.0
LOSO,ERT,P_kbar,28,3,8.619230570689869
LOSO,ERT,P_kbar,29,3,1.6583124271270875
LOSO,ERT,P_kbar,30,1,0.41666668653475014
LOSO,ERT,P_kbar,31,21,2.7078914907580303
LOSO,ERT,P_kbar,32,7,0.5178255000332836
LOSO,ERT,P_kbar,33,1,2.5999996115765285
LOSO,ERT,P_kbar,34,2,1.5934435952579866
LOSO,ERT,P_kbar,35,7,2.5787746994634118
LOSO,ERT,P_kbar,36,2,3.4693905015846185
LOSO,ERT,P_kbar,37,5,4.7633221338232286
LOSO,ERT,P_kbar,38,3,3.4643510401380637
LOSO,ERT,P_kbar,39,16,2.6699197895973272
LOSO,ERT,P_kbar,40,1,13.3499994874002
LOSO,ERT,P_kbar,41,2,3.9879865098814613
LOSO,ERT,P_kbar,42,1,1.8333333333333357
LOSO,ERT,P_kbar,43,6,1.4617023373686076
LOSO,ERT,P_kbar,44,17,1.746579912007332
LOSO,ERT,P_kbar,45,6,2.121921938648756
LOSO,ERT,P_kbar,46,10,0.5493385937295888
LOSO,ERT,P_kbar,47,1,11.990000476837
LOSO,ERT,P_kbar,48,1,4.166666666666666
LOSO,ERT,P_kbar,49,5,9.575885489941475
LOSO,ERT,P_kbar,50,5,0.2981422548347439
LOSO,ERT,P_kbar,51,10,6.328056109418574
LOSO,ERT,P_kbar,52,1,10.699000127181927
LOSO,ERT,P_kbar,53,7,1.6730993417180584
LOSO,ERT,P_kbar,54,2,0.9428091539736217
LOSO,ERT,P_kbar,55,1,3.499999761581499
LOSO,ERT,P_kbar,56,3,5.198033858512471
LOSO,ERT,P_kbar,57,3,6.3881038764566
LOSO,ERT,P_kbar,58,6,5.79647328601007
LOSO,ERT,P_kbar,59,6,6.39646614632166
LOSO,ERT,P_kbar,60,19,4.060952634198276
LOSO,ERT,P_kbar,61,2,1.8340348801241135
LOSO,ERT,P_kbar,62,17,6.31261247588396
LOSO,ERT,P_kbar,63,3,1.9619981038789054
LOSO,ERT,P_kbar,64,16,2.921244360617875
LOSO,ERT,P_kbar,65,1,4.630615386150675
LOSO,ERT,P_kbar,66,3,5.509042640552605
LOSO,ERT,P_kbar,67,11,1.9444624597865383
LOSO,ERT,P_kbar,68,14,2.255092492034085
LOSO,ERT,P_kbar,69,1,21.59276418061275
LOSO,ERT,P_kbar,70,10,0.45809479711083273
LOSO,ERT,P_kbar,71,17,5.081274925429227
LOSO,ERT,P_kbar,72,5,11.451649467075724
LOSO,ERT,P_kbar,73,10,4.056544985475566
LOSO,ERT,P_kbar,74,1,3.644139661278281
LOSO,ERT,P_kbar,75,1,9.999500000000001
LOSO,ERT,P_kbar,76,12,2.336637251238024
LOSO,ERT,P_kbar,77,6,1.9819437686454784
LOSO,ERT,P_kbar,78,1,8.612749967724099
LOSO,ERT,P_kbar,79,1,2.000000476837
LOSO,ERT,P_kbar,80,3,2.857738203581446
LOSO,ERT,P_kbar,81,6,4.254268000542984
LOSO,ERT,P_kbar,82,2,7.67307282159054
LOSO,ERT,P_kbar,83,10,2.5447447923390114
LOSO,ERT,P_kbar,84,1,1.4183749947583317
LOSO,ERT,P_kbar,85,5,1.788854801726033
LOSO,ERT,P_kbar,86,2,5.375161833384723
LOSO,ERT,P_kbar,87,2,4.458615832005748
LOSO,ERT,P_kbar,88,6,19.91230777089736
LOSO,ERT,P_kbar,89,8,4.698782264012244
LOSO,ERT,P_kbar,90,8,2.5248762345905194
LOSO,ERT,P_kbar,91,5,11.590732750798061
LOSO,ERT,P_kbar,92,4,0.0
LOSO,XGB,T_C,0,4,214.22469926180474
LOSO,XGB,T_C,1,1,14.5115966796875
LOSO,XGB,T_C,2,4,161.76975471936296
LOSO,XGB,T_C,3,4,96.18401187339157
LOSO,XGB,T_C,4,34,18.675607550962564
LOSO,XGB,T_C,5,3,23.710870259214246
LOSO,XGB,T_C,6,17,81.29799130336407
LOSO,XGB,T_C,7,10,63.17699425313012
LOSO,XGB,T_C,8,23,66.07639255036757
LOSO,XGB,T_C,9,4,96.0102782498272
LOSO,XGB,T_C,10,3,155.92763869274944
LOSO,XGB,T_C,11,4,85.09222164904361
LOSO,XGB,T_C,12,13,86.90815824296261
LOSO,XGB,T_C,13,9,25.880217240849518
LOSO,XGB,T_C,14,6,34.208737774895816
LOSO,XGB,T_C,15,1,306.340576171875
LOSO,XGB,T_C,16,1,2.861572265625
LOSO,XGB,T_C,17,7,77.83686834639589
LOSO,XGB,T_C,18,4,30.90549970365545
LOSO,XGB,T_C,19,1,31.4693603515625
LOSO,XGB,T_C,20,3,32.168044888143825
LOSO,XGB,T_C,21,23,73.50487434791093
LOSO,XGB,T_C,22,12,24.322862011230676
LOSO,XGB,T_C,23,9,82.33386878895324
LOSO,XGB,T_C,24,8,35.46135442635322
LOSO,XGB,T_C,25,9,33.267767257196105
LOSO,XGB,T_C,26,3,50.693345832957625
LOSO,XGB,T_C,27,2,64.23081334223532
LOSO,XGB,T_C,28,3,41.76810191606988
LOSO,XGB,T_C,29,3,60.109034439466114
LOSO,XGB,T_C,30,1,54.4024658203125
LOSO,XGB,T_C,31,21,70.35170755709034
LOSO,XGB,T_C,32,7,202.29606276979285
LOSO,XGB,T_C,33,1,315.6453857421875
LOSO,XGB,T_C,34,2,112.52868912190165
LOSO,XGB,T_C,35,7,58.286041582349526
LOSO,XGB,T_C,36,2,23.112939367881342
LOSO,XGB,T_C,37,5,64.08827033923389
LOSO,XGB,T_C,38,3,71.11654565469331
LOSO,XGB,T_C,39,16,41.379435374576104
LOSO,XGB,T_C,40,1,199.41845703125
LOSO,XGB,T_C,41,2,124.31130401548211
LOSO,XGB,T_C,42,1,5.5537109375
LOSO,XGB,T_C,43,6,40.02729637601959
LOSO,XGB,T_C,44,17,29.966263927242377
LOSO,XGB,T_C,45,6,32.35101837187161
LOSO,XGB,T_C,46,10,42.79090596240309
LOSO,XGB,T_C,47,1,18.802978515625
LOSO,XGB,T_C,48,1,19.4423828125
LOSO,XGB,T_C,49,5,101.22123939483248
LOSO,XGB,T_C,50,5,57.75252710279269
LOSO,XGB,T_C,51,10,67.80931997376732
LOSO,XGB,T_C,52,1,35.0537109375
LOSO,XGB,T_C,53,7,45.83171002118939
LOSO,XGB,T_C,54,2,24.16359767118321
LOSO,XGB,T_C,55,1,106.270263671875
LOSO,XGB,T_C,56,3,69.80898198344121
LOSO,XGB,T_C,57,3,106.11091933865379
LOSO,XGB,T_C,58,6,42.24518084334796
LOSO,XGB,T_C,59,6,104.80913424964163
LOSO,XGB,T_C,60,19,21.26152975519477
LOSO,XGB,T_C,61,2,30.451700494330158
LOSO,XGB,T_C,62,17,112.78415266241353
LOSO,XGB,T_C,63,3,187.8223497181408
LOSO,XGB,T_C,64,16,154.80804489032795
LOSO,XGB,T_C,65,1,64.20098407451928
LOSO,XGB,T_C,66,3,117.75586393157569
LOSO,XGB,T_C,67,11,69.8635651458212
LOSO,XGB,T_C,68,14,49.54769356042795
LOSO,XGB,T_C,69,1,33.0087890625
LOSO,XGB,T_C,70,10,21.49537217258152
LOSO,XGB,T_C,71,17,47.35531970240535
LOSO,XGB,T_C,72,5,126.40068211204972
LOSO,XGB,T_C,73,10,89.92657009056487
LOSO,XGB,T_C,74,1,217.9170396592881
LOSO,XGB,T_C,75,1,46.0408935546875
LOSO,XGB,T_C,76,12,48.95237356632059
LOSO,XGB,T_C,77,6,51.29422917333632
LOSO,XGB,T_C,78,1,53.41644287109375
LOSO,XGB,T_C,79,1,100.6976318359375
LOSO,XGB,T_C,80,3,85.65559332892897
LOSO,XGB,T_C,81,6,50.90671981508277
LOSO,XGB,T_C,82,2,81.15775438291652
LOSO,XGB,T_C,83,10,55.32227016230444
LOSO,XGB,T_C,84,1,84.0164794921875
LOSO,XGB,T_C,85,5,86.62436935247193
LOSO,XGB,T_C,86,2,32.357480298278126
LOSO,XGB,T_C,87,2,274.5383610855392
LOSO,XGB,T_C,88,6,83.26653857652197
LOSO,XGB,T_C,89,8,32.262914903657084
LOSO,XGB,T_C,90,8,233.7552262620692
LOSO,XGB,T_C,91,5,128.56706342299344
LOSO,XGB,T_C,92,4,9.44743987331458
LOSO,XGB,P_kbar,0,4,19.715866797912934
LOSO,XGB,P_kbar,1,1,2.0618509521736996
LOSO,XGB,P_kbar,2,4,1.8166252860234358
LOSO,XGB,P_kbar,3,4,5.593350573104037
LOSO,XGB,P_kbar,4,34,7.335696278960046
LOSO,XGB,P_kbar,5,3,1.7594900231118082
LOSO,XGB,P_kbar,6,17,1.6178011021196261
LOSO,XGB,P_kbar,7,10,5.044747537286656
LOSO,XGB,P_kbar,8,23,9.973318397603974
LOSO,XGB,P_kbar,9,4,3.664921358643644
LOSO,XGB,P_kbar,10,3,10.897420301533979
LOSO,XGB,P_kbar,11,4,8.8081456350376
LOSO,XGB,P_kbar,12,13,2.7165843315632796
LOSO,XGB,P_kbar,13,9,4.9244021157995554
LOSO,XGB,P_kbar,14,6,4.542369107596283
LOSO,XGB,P_kbar,15,1,5.1638994216918945
LOSO,XGB,P_kbar,16,1,0.6290383338926642
LOSO,XGB,P_kbar,17,7,2.270328317876267
LOSO,XGB,P_kbar,18,4,2.719884592359465
LOSO,XGB,P_kbar,19,1,9.153771877288978
LOSO,XGB,P_kbar,20,3,4.403487598639516
LOSO,XGB,P_kbar,21,23,9.326005436075217
LOSO,XGB,P_kbar,22,12,2.663697149493452
LOSO,XGB,P_kbar,23,9,1.8394713898405335
LOSO,XGB,P_kbar,24,8,1.228515912694384
LOSO,XGB,P_kbar,25,9,1.3964055918515794
LOSO,XGB,P_kbar,26,3,5.142265680305956
LOSO,XGB,P_kbar,27,2,0.9393182402375967
LOSO,XGB,P_kbar,28,3,5.864068045037899
LOSO,XGB,P_kbar,29,3,2.1488991140355567
LOSO,XGB,P_kbar,30,1,0.34461307525634766
LOSO,XGB,P_kbar,31,21,2.0902300472258712
LOSO,XGB,P_kbar,32,7,1.9625745998273685
LOSO,XGB,P_kbar,33,1,3.1064258664846403
LOSO,XGB,P_kbar,34,2,4.62172456474886
LOSO,XGB,P_kbar,35,7,2.4400621984908284
LOSO,XGB,P_kbar,36,2,2.0108837579001446
LOSO,XGB,P_kbar,37,5,4.77824144545376
LOSO,XGB,P_kbar,38,3,3.468813478475523
LOSO,XGB,P_kbar,39,16,2.1767249671886035
LOSO,XGB,P_kbar,40,1,13.110358715057533
LOSO,XGB,P_kbar,41,2,3.909827046459151
LOSO,XGB,P_kbar,42,1,8.50632095336914
LOSO,XGB,P_kbar,43,6,1.4948692459098818
LOSO,XGB,P_kbar,44,17,2.146935119975076
LOSO,XGB,P_kbar,45,6,1.9770947864609698
LOSO,XGB,P_kbar,46,10,2.4669193478083966
LOSO,XGB,P_kbar,47,1,8.67319320678711
LOSO,XGB,P_kbar,48,1,2.359140396118164
LOSO,XGB,P_kbar,49,5,5.998814350837575
LOSO,XGB,P_kbar,50,5,1.709942564658954
LOSO,XGB,P_kbar,51,10,5.619404629566517
LOSO,XGB,P_kbar,52,1,6.515499996210565
LOSO,XGB,P_kbar,53,7,3.743164248009868
LOSO,XGB,P_kbar,54,2,3.5919329392508272
LOSO,XGB,P_kbar,55,1,5.393583297729492
LOSO,XGB,P_kbar,56,3,5.034373358152518
LOSO,XGB,P_kbar,57,3,6.186463002127085
LOSO,XGB,P_kbar,58,6,3.8380579970478803
LOSO,XGB,P_kbar,59,6,7.24513964830425
LOSO,XGB,P_kbar,60,19,3.9623377793230286
LOSO,XGB,P_kbar,61,2,0.6603956096553452
LOSO,XGB,P_kbar,62,17,4.235592232432506
LOSO,XGB,P_kbar,63,3,2.209937062763964
LOSO,XGB,P_kbar,64,16,3.3538355380082483
LOSO,XGB,P_kbar,65,1,5.890857848308878
LOSO,XGB,P_kbar,66,3,4.005363328625321
LOSO,XGB,P_kbar,67,11,1.9840915335847786
LOSO,XGB,P_kbar,68,14,2.4864832479657135
LOSO,XGB,P_kbar,69,1,23.802865505218506
LOSO,XGB,P_kbar,70,10,1.352880341921645
LOSO,XGB,P_kbar,71,17,5.458282253069771
LOSO,XGB,P_kbar,72,5,7.032827282131632
LOSO,XGB,P_kbar,73,10,2.8887307558891355
LOSO,XGB,P_kbar,74,1,3.5165097197956463
LOSO,XGB,P_kbar,75,1,0.2888927459716797
LOSO,XGB,P_kbar,76,12,2.240881745308249
LOSO,XGB,P_kbar,77,6,2.512197789216451
LOSO,XGB,P_kbar,78,1,7.596474885940552
LOSO,XGB,P_kbar,79,1,1.4530096054077148
LOSO,XGB,P_kbar,80,3,4.240585555866822
LOSO,XGB,P_kbar,81,6,4.574681630131283
LOSO,XGB,P_kbar,82,2,6.568730235620308
LOSO,XGB,P_kbar,83,10,1.8442264378710642
LOSO,XGB,P_kbar,84,1,0.4792299270629883
LOSO,XGB,P_kbar,85,5,1.1649282355856572
LOSO,XGB,P_kbar,86,2,1.267984453320204
LOSO,XGB,P_kbar,87,2,5.570731692723306
LOSO,XGB,P_kbar,88,6,14.628705521965626
LOSO,XGB,P_kbar,89,8,5.3266579197148
LOSO,XGB,P_kbar,90,8,2.730633258350304
LOSO,XGB,P_kbar,91,5,10.162665525257054
LOSO,XGB,P_kbar,92,4,1.0294108651932776
LOSO,GB,T_C,0,4,150.67031948343885
LOSO,GB,T_C,1,1,3.640360942648158
LOSO,GB,T_C,2,4,175.72957631187018
LOSO,GB,T_C,3,4,72.11108715143945
LOSO,GB,T_C,4,34,30.33626908475441
LOSO,GB,T_C,5,3,22.266486726201254
LOSO,GB,T_C,6,17,51.70941253183674
LOSO,GB,T_C,7,10,69.90209908948466
LOSO,GB,T_C,8,23,56.414045092210905
LOSO,GB,T_C,9,4,59.82264051729912
LOSO,GB,T_C,10,3,154.26227105121953
LOSO,GB,T_C,11,4,79.9960276149713
LOSO,GB,T_C,12,13,98.93589516283427
LOSO,GB,T_C,13,9,15.12975009447588
LOSO,GB,T_C,14,6,19.976462381758655
LOSO,GB,T_C,15,1,285.71702137548414
LOSO,GB,T_C,16,1,59.529623956437945
LOSO,GB,T_C,17,7,104.62908114982629
LOSO,GB,T_C,18,4,20.71179741593861
LOSO,GB,T_C,19,1,32.28877899342933
LOSO,GB,T_C,20,3,44.987081896298896
LOSO,GB,T_C,21,23,69.01631043031551
LOSO,GB,T_C,22,12,39.4485077561524
LOSO,GB,T_C,23,9,69.07111322671324
LOSO,GB,T_C,24,8,31.769864977556853
LOSO,GB,T_C,25,9,55.899452879367026
LOSO,GB,T_C,26,3,33.06281104880248
LOSO,GB,T_C,27,2,108.80134488009438
LOSO,GB,T_C,28,3,37.072525935395255
LOSO,GB,T_C,29,3,64.50420403834897
LOSO,GB,T_C,30,1,92.8934937315139
LOSO,GB,T_C,31,21,62.30525462643846
LOSO,GB,T_C,32,7,75.79760479800774
LOSO,GB,T_C,33,1,330.13506252738944
LOSO,GB,T_C,34,2,47.23042533746046
LOSO,GB,T_C,35,7,51.539855128842305
LOSO,GB,T_C,36,2,23.257088754653648
LOSO,GB,T_C,37,5,59.15307752019143
LOSO,GB,T_C,38,3,61.30953154416426
LOSO,GB,T_C,39,16,45.447154163301796
LOSO,GB,T_C,40,1,150.42951931623452
LOSO,GB,T_C,41,2,131.81604327678434
LOSO,GB,T_C,42,1,47.07894842170526
LOSO,GB,T_C,43,6,55.24081123516225
LOSO,GB,T_C,44,17,37.08486453069038
LOSO,GB,T_C,45,6,22.930310585833926
LOSO,GB,T_C,46,10,52.01010666675504
LOSO,GB,T_C,47,1,4.2851110914568835
LOSO,GB,T_C,48,1,28.92596975683864
LOSO,GB,T_C,49,5,87.268440638515
LOSO,GB,T_C,50,5,54.5914451709271
LOSO,GB,T_C,51,10,43.63589227524392
LOSO,GB,T_C,52,1,12.190043269563148
LOSO,GB,T_C,53,7,23.119639376512755
LOSO,GB,T_C,54,2,88.40140222390856
LOSO,GB,T_C,55,1,88.79238897011874
LOSO,GB,T_C,56,3,51.56079502667592
LOSO,GB,T_C,57,3,126.43619156279071
LOSO,GB,T_C,58,6,51.146553065787295
LOSO,GB,T_C,59,6,111.10033665233999
LOSO,GB,T_C,60,19,26.17712126045169
LOSO,GB,T_C,61,2,40.86331809712481
LOSO,GB,T_C,62,17,103.72720677295027
LOSO,GB,T_C,63,3,174.9886071611446
LOSO,GB,T_C,64,16,103.83016704182342
LOSO,GB,T_C,65,1,46.17896632646671
LOSO,GB,T_C,66,3,131.27944101133556
LOSO,GB,T_C,67,11,65.02330660966832
LOSO,GB,T_C,68,14,57.87260493867993
LOSO,GB,T_C,69,1,22.874643066850467
LOSO,GB,T_C,70,10,30.736039559433983
LOSO,GB,T_C,71,17,51.8484149508948
LOSO,GB,T_C,72,5,110.23352955779143
LOSO,GB,T_C,73,10,82.47112585989554
LOSO,GB,T_C,74,1,250.41499238569804
LOSO,GB,T_C,75,1,44.70034432182706
LOSO,GB,T_C,76,12,58.72108282099351
LOSO,GB,T_C,77,6,43.36757826399102
LOSO,GB,T_C,78,1,63.096192444605094
LOSO,GB,T_C,79,1,52.42963674930115
LOSO,GB,T_C,80,3,82.73065549378144
LOSO,GB,T_C,81,6,51.70183352969594
LOSO,GB,T_C,82,2,75.02472786652856
LOSO,GB,T_C,83,10,98.45954954527598
LOSO,GB,T_C,84,1,73.15729551626987
LOSO,GB,T_C,85,5,81.12351119459714
LOSO,GB,T_C,86,2,46.61332806626081
LOSO,GB,T_C,87,2,254.09082041480508
LOSO,GB,T_C,88,6,56.068158503344556
LOSO,GB,T_C,89,8,42.12654147604818
LOSO,GB,T_C,90,8,233.86650080012853
LOSO,GB,T_C,91,5,116.8156562131965
LOSO,GB,T_C,92,4,14.71599522852068
LOSO,GB,P_kbar,0,4,20.162880618442745
LOSO,GB,P_kbar,1,1,1.0345337502639018
LOSO,GB,P_kbar,2,4,0.5787692872375905
LOSO,GB,P_kbar,3,4,6.079838765873292
LOSO,GB,P_kbar,4,34,6.849039374960055
LOSO,GB,P_kbar,5,3,1.5662152726341738
LOSO,GB,P_kbar,6,17,2.87407070282374
LOSO,GB,P_kbar,7,10,5.247959000763894
LOSO,GB,P_kbar,8,23,9.59301610208492
LOSO,GB,P_kbar,9,4,5.907603988104053
LOSO,GB,P_kbar,10,3,10.394297754026772
LOSO,GB,P_kbar,11,4,9.485394333191893
LOSO,GB,P_kbar,12,13,2.7403846953973368
LOSO,GB,P_kbar,13,9,4.141831705749795
LOSO,GB,P_kbar,14,6,4.236629885077637
LOSO,GB,P_kbar,15,1,4.263750055886315
LOSO,GB,P_kbar,16,1,1.067432676519127
LOSO,GB,P_kbar,17,7,2.5888554368828878
LOSO,GB,P_kbar,18,4,2.495279158780954
LOSO,GB,P_kbar,19,1,10.10639241307717
LOSO,GB,P_kbar,20,3,4.496620257771666
LOSO,GB,P_kbar,21,23,16.449943543958895
LOSO,GB,P_kbar,22,12,2.498718844906553
LOSO,GB,P_kbar,23,9,1.9138978282066248
LOSO,GB,P_kbar,24,8,1.229659945001415
LOSO,GB,P_kbar,25,9,2.8909226796172787
LOSO,GB,P_kbar,26,3,5.5053903714578825
LOSO,GB,P_kbar,27,2,0.4280072033752528
LOSO,GB,P_kbar,28,3,6.678001875896331
LOSO,GB,P_kbar,29,3,1.9409070173805067
LOSO,GB,P_kbar,30,1,0.7265104880644753
LOSO,GB,P_kbar,31,21,2.265929308094095
LOSO,GB,P_kbar,32,7,0.6229885987415836
LOSO,GB,P_kbar,33,1,3.6358820096296505
LOSO,GB,P_kbar,34,2,3.507272420522525
LOSO,GB,P_kbar,35,7,2.2570267364102374
LOSO,GB,P_kbar,36,2,2.811611217771765
LOSO,GB,P_kbar,37,5,4.80906861298169
LOSO,GB,P_kbar,38,3,3.9464799779866606
LOSO,GB,P_kbar,39,16,2.318599771802083
LOSO,GB,P_kbar,40,1,12.736740650619508
LOSO,GB,P_kbar,41,2,1.675030592692647
LOSO,GB,P_kbar,42,1,9.579006422350933
LOSO,GB,P_kbar,43,6,1.9988025936590093
LOSO,GB,P_kbar,44,17,1.8594804319929013
LOSO,GB,P_kbar,45,6,3.017345233601799
LOSO,GB,P_kbar,46,10,2.5910164597434187
LOSO,GB,P_kbar,47,1,10.87007611174517
LOSO,GB,P_kbar,48,1,3.5609944171673913
LOSO,GB,P_kbar,49,5,4.594620488452023
LOSO,GB,P_kbar,50,5,1.6637460914765194
LOSO,GB,P_kbar,51,10,4.867797584240171
LOSO,GB,P_kbar,52,1,5.28415729881696
LOSO,GB,P_kbar,53,7,2.414308180856674
LOSO,GB,P_kbar,54,2,2.3403640044923093
LOSO,GB,P_kbar,55,1,5.035662144601531
LOSO,GB,P_kbar,56,3,5.455612470952013
LOSO,GB,P_kbar,57,3,6.7050785880012
LOSO,GB,P_kbar,58,6,3.873409107251835
LOSO,GB,P_kbar,59,6,6.763195877394853
LOSO,GB,P_kbar,60,19,3.8485316988892673
LOSO,GB,P_kbar,61,2,1.6435753813863703
LOSO,GB,P_kbar,62,17,4.2742241330903745
LOSO,GB,P_kbar,63,3,1.4834256232526375
LOSO,GB,P_kbar,64,16,3.1695728845478293
LOSO,GB,P_kbar,65,1,4.376299495670537
LOSO,GB,P_kbar,66,3,4.992022804008549
LOSO,GB,P_kbar,67,11,2.043927075376612
LOSO,GB,P_kbar,68,14,2.75431180232586
LOSO,GB,P_kbar,69,1,22.35124437221383
LOSO,GB,P_kbar,70,10,1.4958577403344113
LOSO,GB,P_kbar,71,17,5.10101951633977
LOSO,GB,P_kbar,72,5,6.805753660112528
LOSO,GB,P_kbar,73,10,4.390296871039497
LOSO,GB,P_kbar,74,1,4.840189584378265
LOSO,GB,P_kbar,75,1,0.11860809695816776
LOSO,GB,P_kbar,76,12,4.361580403678453
LOSO,GB,P_kbar,77,6,2.37774148055474
LOSO,GB,P_kbar,78,1,6.199196876140698
LOSO,GB,P_kbar,79,1,2.1127680212600026
LOSO,GB,P_kbar,80,3,3.9161000901449863
LOSO,GB,P_kbar,81,6,2.904592776572361
LOSO,GB,P_kbar,82,2,6.83273939714766
LOSO,GB,P_kbar,83,10,2.675792415311727
LOSO,GB,P_kbar,84,1,1.5427953077205778
LOSO,GB,P_kbar,85,5,0.8832312957968098
LOSO,GB,P_kbar,86,2,2.2882064800904933
LOSO,GB,P_kbar,87,2,5.94739573924907
LOSO,GB,P_kbar,88,6,12.438319110877364
LOSO,GB,P_kbar,89,8,5.477130824570397
LOSO,GB,P_kbar,90,8,2.211066989434422
LOSO,GB,P_kbar,91,5,11.78910336912699
LOSO,GB,P_kbar,92,4,2.8262419365037204
Cluster-KFold,RF,T_C,0,301,94.77746448440134
Cluster-KFold,RF,T_C,1,207,103.25506269549797
Cluster-KFold,RF,T_C,2,92,127.33107217527257
Cluster-KFold,RF,P_kbar,0,301,6.123288118864077
Cluster-KFold,RF,P_kbar,1,207,8.505782934622848
Cluster-KFold,RF,P_kbar,2,92,3.7672830668943313
Cluster-KFold,ERT,T_C,0,301,87.7343325440288
Cluster-KFold,ERT,T_C,1,207,99.83426535664559
Cluster-KFold,ERT,T_C,2,92,197.31828586157778
Cluster-KFold,ERT,P_kbar,0,301,6.0886332938343735
Cluster-KFold,ERT,P_kbar,1,207,8.564248591805494
Cluster-KFold,ERT,P_kbar,2,92,3.9510922271396565
Cluster-KFold,XGB,T_C,0,301,100.65537751244726
Cluster-KFold,XGB,T_C,1,207,91.30136746147208
Cluster-KFold,XGB,T_C,2,92,180.8826302926741
Cluster-KFold,XGB,P_kbar,0,301,4.921807318356211
Cluster-KFold,XGB,P_kbar,1,207,8.635650835313958
Cluster-KFold,XGB,P_kbar,2,92,4.264451836337087
Cluster-KFold,GB,T_C,0,301,88.26089319902746
Cluster-KFold,GB,T_C,1,207,96.03743590994509
Cluster-KFold,GB,T_C,2,92,158.97159717743767
Cluster-KFold,GB,P_kbar,0,301,4.620507272367566
Cluster-KFold,GB,P_kbar,1,207,10.121978296694044
Cluster-KFold,GB,P_kbar,2,92,4.071490962309567
TargetBinKFold,RF,T_C,0,144,101.5557309995375
TargetBinKFold,RF,T_C,1,119,147.57717723464634
TargetBinKFold,RF,T_C,2,119,78.57711573284656
TargetBinKFold,RF,T_C,3,55,69.66772277344619
TargetBinKFold,RF,T_C,4,46,66.59413605717164
TargetBinKFold,RF,T_C,5,46,93.3479360420108
TargetBinKFold,RF,T_C,6,35,66.89757629604914
TargetBinKFold,RF,T_C,7,26,84.86050980587629
TargetBinKFold,RF,T_C,8,10,133.17076091432384
TargetBinKFold,RF,P_kbar,0,144,8.228470282686278
TargetBinKFold,RF,P_kbar,1,119,14.247803388592517
TargetBinKFold,RF,P_kbar,2,119,6.251174656806681
TargetBinKFold,RF,P_kbar,3,55,2.0851910805617684
TargetBinKFold,RF,P_kbar,4,46,5.05728253425935
TargetBinKFold,RF,P_kbar,5,46,3.3346445757644316
TargetBinKFold,RF,P_kbar,6,35,3.3771149683003636
TargetBinKFold,RF,P_kbar,7,26,6.405623528235961
TargetBinKFold,RF,P_kbar,8,10,8.42241075433092
TargetBinKFold,ERT,T_C,0,144,111.1295591633397
TargetBinKFold,ERT,T_C,1,119,154.54139223742789
TargetBinKFold,ERT,T_C,2,119,80.12959358573742
TargetBinKFold,ERT,T_C,3,55,69.84816505546986
TargetBinKFold,ERT,T_C,4,46,68.72094027914812
TargetBinKFold,ERT,T_C,5,46,95.68752253143066
TargetBinKFold,ERT,T_C,6,35,64.82244981485967
TargetBinKFold,ERT,T_C,7,26,91.3229570186625
TargetBinKFold,ERT,T_C,8,10,144.1810507434731
TargetBinKFold,ERT,P_kbar,0,144,8.155803205509246
TargetBinKFold,ERT,P_kbar,1,119,14.522369982065376
TargetBinKFold,ERT,P_kbar,2,119,5.648052089892834
TargetBinKFold,ERT,P_kbar,3,55,2.5612623159101626
TargetBinKFold,ERT,P_kbar,4,46,4.825906613301442
TargetBinKFold,ERT,P_kbar,5,46,3.1565969183202025
TargetBinKFold,ERT,P_kbar,6,35,2.903328678982087
TargetBinKFold,ERT,P_kbar,7,26,7.110616455720603
TargetBinKFold,ERT,P_kbar,8,10,8.25767652227704
TargetBinKFold,XGB,T_C,0,144,112.70343183151924
TargetBinKFold,XGB,T_C,1,119,159.46887704711236
TargetBinKFold,XGB,T_C,2,119,75.46647192487225
TargetBinKFold,XGB,T_C,3,55,65.66095398967988
TargetBinKFold,XGB,T_C,4,46,83.87387204875935
TargetBinKFold,XGB,T_C,5,46,87.8604341196236
TargetBinKFold,XGB,T_C,6,35,70.0860970348142
TargetBinKFold,XGB,T_C,7,26,79.77480547980133
TargetBinKFold,XGB,T_C,8,10,132.55832840504695
TargetBinKFold,XGB,P_kbar,0,144,7.609938916961409
TargetBinKFold,XGB,P_kbar,1,119,12.726197918730799
TargetBinKFold,XGB,P_kbar,2,119,5.5614280125368225
TargetBinKFold,XGB,P_kbar,3,55,2.18837157153544
TargetBinKFold,XGB,P_kbar,4,46,4.071049132243389
TargetBinKFold,XGB,P_kbar,5,46,3.1710871589476093
TargetBinKFold,XGB,P_kbar,6,35,6.652907593822962
TargetBinKFold,XGB,P_kbar,7,26,5.722053939367638
TargetBinKFold,XGB,P_kbar,8,10,9.283665509020441
TargetBinKFold,GB,T_C,0,144,95.41364103590969
TargetBinKFold,GB,T_C,1,119,137.9334583832008
TargetBinKFold,GB,T_C,2,119,84.76642118047423
TargetBinKFold,GB,T_C,3,55,61.79336079632094
TargetBinKFold,GB,T_C,4,46,71.63478289291412
TargetBinKFold,GB,T_C,5,46,90.84471463486466
TargetBinKFold,GB,T_C,6,35,72.98219083749353
TargetBinKFold,GB,T_C,7,26,72.11149564392109
TargetBinKFold,GB,T_C,8,10,122.57898468062442
TargetBinKFold,GB,P_kbar,0,144,7.460531001209606
TargetBinKFold,GB,P_kbar,1,119,12.230337477314276
TargetBinKFold,GB,P_kbar,2,119,6.302167981170103
TargetBinKFold,GB,P_kbar,3,55,2.123338493839258
TargetBinKFold,GB,P_kbar,4,46,4.72437366810541
TargetBinKFold,GB,P_kbar,5,46,3.325939099038625
TargetBinKFold,GB,P_kbar,6,35,7.061181325502674
TargetBinKFold,GB,P_kbar,7,26,6.41529126014965
TargetBinKFold,GB,P_kbar,8,10,9.415802280968366
