Experiment,T_C_true,P_kbar_true,T_ml_opx,P_ml_opx,T_jorgenson_cpx,P_jorgenson_cpx,T_putirka_2px_eq36,P_putirka_2px_eq39,delta_T_opx_minus_cpx,delta_P_opx_minus_cpx,equilibrium_pair_flag
RP62A,900.0000000000001,12.000000476837,948.3202563576086,9.047423235728731,995.1592039800954,8.565910447761187,1002.6294258919414,9.174177056472857,-46.838947622486785,0.48151278796754404,True
Z-342-21,980.0000000000001,2.0000000298023,1140.4445905548291,5.159692336599383,979.999999999996,2.0,991.6990896628168,3.857422361278756,160.4445905548331,3.1596923365993828,False
Z-342-02,950.0000000000001,1.938000023365,1126.0203222085474,4.799616459018638,949.999999999996,1.899999999999995,997.7773365405143,0.9895587870596181,176.02032220855142,2.8996164590186426,False
Z-342-26,930.0000000000001,2.2800000011921,1121.6515619656332,4.22685912087416,929.999999999996,2.300000000000008,1009.4760471595683,0.27581142016467286,191.65156196563714,1.926859120874152,False
Z-342-13,975.0000000000001,1.710000038147,1141.626845722837,6.147090923366045,974.999999999996,1.6999999999999937,1004.3887385627146,2.461258259372734,166.62684572284104,4.447090923366051,False
Z-342-37,975.0000000000001,1.5099999308586,1119.7870932627538,5.002373218116989,974.999999999996,1.5,1031.9615395689048,0.8853919524972174,144.78709326275782,3.502373218116989,False
Z-342-06,1000.0000000000001,1.0980000346899,1093.6595148227475,5.912488910785481,999.999999999996,1.0999999999999963,986.3611268850005,4.397311796365086,93.65951482275148,4.812488910785485,True
Z-342-12,950.0000000000001,1.0689999908209,1130.5566726687837,5.428941696199714,949.999999999996,1.0999999999999963,984.3079392792662,1.762217990616974,180.55667266878766,4.328941696199718,False
Z-342-30,942.0000000000001,1.0000000149012,1136.3036057744428,5.289137669326563,1058.9154228855687,1.6563532338308462,1003.8747495359574,1.2970089256347848,77.3881828888741,3.632784435495717,True
Z-342-08,1000.0000000000001,0.5480000004172301,1093.3817518302046,4.491520894635687,999.999999999996,0.5,992.6239241332365,4.499626926760161,93.3817518302086,3.991520894635687,True
Z-342-07,950.0000000000001,0.5930000171065299,1117.9439404941038,5.872620980166045,949.999999999996,0.5999999999999979,1021.0018682493834,-0.23171871178580883,167.94394049410778,5.272620980166047,False
Z-348-02,1000.0000000000001,2.1170000731945,1147.1538251483973,6.46279789594839,999.999999999996,2.1000000000000068,1033.707099889279,3.2628467614369985,147.15382514840132,4.3627978959483835,False
Z-348-01,950.0000000000001,2.0900000631809,1092.755354819659,4.457547009031624,949.999999999996,2.1000000000000068,976.2119371475648,2.687035882959166,142.755354819663,2.3575470090316175,False
Z-348-06,1000.0000000000001,1.1720000207424,1114.5270378100522,3.816362922938577,999.999999999996,1.1999999999999957,982.674519543233,4.028971108288234,114.52703781005619,2.616362922938581,False
704,1000.0000000000001,2.0000000298023,992.1559893909232,10.48340677942854,999.999999999996,2.0,987.8209719518105,0.6762947787052065,-7.844010609072825,8.48340677942854,False
1148,1020.0000000000001,2.0000000298023,1042.5010097154843,5.634896375291615,1096.907960199002,1.759328358208955,959.0557149605921,5.058778938728426,-54.406950483517676,3.87556801708266,True
1165,1060.0,2.0000000298023,1051.3243327764055,4.994476853933824,1059.9999999999968,2.0,1006.5675988176935,4.788164835628003,-8.67566722359129,2.994476853933824,True
1173,1020.0000000000001,2.0000000298023,1022.080918984058,2.964755999421296,1019.999999999996,2.0,971.352362790362,4.707510329455609,2.0809189840620093,0.9647559994212962,True
1174,1020.0000000000001,2.0000000298023,1016.8817050497796,3.6769229177079734,1077.7363184079572,0.9119154228855724,956.4714140928082,4.367187860196605,-60.85461335817763,2.765007494822401,True
1286,1060.0,5.0,1039.8770058164725,6.013207087863643,1059.9999999999968,5.0,1077.1657859009238,2.6165844622660988,-20.12299418352427,1.013207087863643,True
1287,1060.0,5.0,1028.9085196364151,4.182743980287504,1059.9999999999968,5.0,1022.1777512348548,4.744979615151494,-31.091480363581695,-0.8172560197124961,True
3,1095.0,0.00099999997473788,1037.9008122873993,5.43668215281681,1110.0099502487537,1.7873756218905466,1052.434634066989,8.448642214404568,-72.10913796135446,3.6493065309262636,True
4,1095.0,0.00099999997473788,1041.5728652255834,5.6635813405328985,1094.9999999999973,0.0,1013.0347997419943,9.306119123395451,-53.427134774413844,5.6635813405328985,True
11,1060.0,0.00099999997473788,1034.4860903616377,5.590316432828659,1113.38805970149,1.9416243781094522,1025.4400920831831,6.787927941232807,-78.90196933985226,3.6486920547192065,True
874,1083.0,0.00099999997473788,1045.2953076560511,2.278147859332068,1082.9999999999968,0.0,947.329494739303,5.982519997724893,-37.70469234394568,2.278147859332068,True
886,1083.0,0.00099999997473788,1138.0032065409735,7.791616864325553,1082.9999999999968,0.0,969.9571460053888,6.031562043260113,55.003206540976635,7.791616864325553,False
H141,1280.0,10.0,1276.9636732263982,11.316379672202313,1280.0000000000005,10.0,1295.5461795951387,7.285854993201145,-3.036326773602241,1.316379672202313,True
H142,1270.0,10.0,1327.718714709317,14.81509223857484,1270.0,10.0,1327.2870442425492,10.17581622687888,57.718714709317055,4.81509223857484,True
H203,1355.0,15.0,1326.3882464844544,14.842029582065354,1355.0000000000014,15.0,1311.2901796673455,18.23788925384801,-28.61175351554698,-0.15797041793464572,True
H192,1340.0,15.0,1314.3669503063807,13.629990843351484,1340.0000000000014,15.0,1302.8039980146546,16.489798937561527,-25.633049693620706,-1.370009156648516,True
HI 97,1325.0,15.0,1300.0994015279528,14.172134976966099,1325.000000000001,15.0,1296.5038454072856,16.826827133186356,-24.90059847204816,-0.8278650230339011,True
H235,1293.0,11.000000238419,1293.409250801562,11.524563246125402,1331.094527363185,13.72039800995025,1286.9628087286092,12.854424812130231,-37.68527656162314,-2.1958347638248483,True
18,1050.0,5.0,1212.1227980721173,11.093632143299303,1049.9999999999964,5.0,1085.526329976156,6.654204148093275,162.122798072121,6.093632143299303,False
22,975.0000000000001,5.0,1238.017026684344,12.992915429017176,1114.6268656716393,5.325726368159201,1014.2397877849795,3.883378461121314,123.39016101270477,7.667189060857974,False
2,1100.0,5.0,1203.037116880744,12.23268891885083,1099.9999999999973,5.0,1170.1399033409998,8.638092481517216,103.03711688074668,7.23268891885083,False
8,975.0000000000001,5.0,1205.7163155641751,10.2141307162947,1095.121890547261,5.221402985074626,1125.2948713847995,1.7407643269825783,110.5944250169141,4.992727731220075,False
15,1100.0,5.0,1007.2232051587301,4.576285442086202,1099.9999999999973,5.0,980.7381616898721,-5.260708688419458,-92.77679484126713,-0.4237145579137982,True
17,1050.0,5.0,1197.5987239026983,11.887906718889262,1049.9999999999964,5.0,1007.752968677714,7.72343176723032,147.59872390270198,6.887906718889262,False
21,975.0000000000001,5.0,1212.6075866392723,13.752072554092514,974.999999999996,5.0,1058.6882767431266,4.277583012538322,237.6075866392763,8.752072554092514,False
23,975.0000000000001,5.0,1023.9053647630979,6.063584164784837,1070.8955223880562,8.192910447761193,979.5593453698228,-5.243711477409578,-46.99015762495833,-2.129326282976356,True
D29/3,876.0000000000001,2.1299999952316,904.4051353042007,2.7302897206986048,875.9999999999962,2.1000000000000068,933.8311444992975,3.5598362202701734,28.405135304204464,0.630289720698598,True
PIR/3,876.0000000000001,2.1299999952316,1126.3917230551756,10.087175391505395,1106.0049751243755,4.459082089552239,,,20.386747930800084,5.6280933019531565,True
P1D/1,876.0000000000001,2.1299999952316,905.4023515809796,2.8394383607118425,929.3830845771105,3.646950248756219,921.5239292277635,1.2247225824365584,-23.980732996130882,-0.8075118880443766,True
P1D/2,876.0000000000001,2.1299999952316,1126.3917230551756,10.087175391505395,1106.0049751243755,4.459082089552239,,,20.386747930800084,5.6280933019531565,True
PID/5,900.0000000000001,1.9799999892712,929.8336856658764,4.8860624327023725,899.999999999996,2.0,944.9686349977707,3.054523804255439,29.833685665880353,2.8860624327023725,True
PIR/5,903.0000000000001,2.2050000727177,917.0702830314735,2.8202835502067027,1067.8159203980067,0.6216417910447771,986.0643036760945,-0.8000035333356017,-150.74563736653317,2.1986417591619256,False
PIR/8,902.0000000000001,2.1119999885559,929.8679266336713,2.7866974688599067,998.1169154228816,2.2664029850746252,959.4592989737367,4.500643220720053,-68.24898878921022,0.5202944837852814,True
PID/21,950.0000000000001,2.1170000731945,932.6312901499842,2.830098338660223,996.731343283578,8.60727860696517,990.2909001540853,-0.08421682322744317,-64.10005313359375,-5.777180268304948,True
CNM-14,1325.0,20.0,1226.355999927174,14.594809375501194,1325.000000000001,20.0,1169.7156372014551,19.840863288808375,-98.64400007282688,-5.405190624498806,True
CNM-41,1325.0,20.0,1215.5670563362137,28.23587958234012,1325.000000000001,20.0,1653.44979860092,3.7082823540285865,-109.43294366378723,8.235879582340122,False
CNM-15,1350.0,20.0,1287.5447513880363,18.92194811509921,1349.8756218905487,20.0,1241.913604162139,20.78806349064663,-62.330870502512425,-1.0780518849007912,True
B690,1230.0,12.000000476837,1256.722559612651,11.877465262649345,1229.9999999999995,12.0,1224.2745884174265,11.290167333588897,26.722559612651366,-0.12253473735065512,True
B674,1190.0,12.000000476837,1178.128093339329,11.441661120833167,1189.999999999999,12.0,1168.2443441730716,12.217715327855739,-11.871906660669993,-0.5583388791668327,True
B659,1150.0,12.000000476837,1126.0665225628538,10.169863459175579,1149.9999999999982,12.0,1137.8466132294525,11.148343790988532,-23.933477437144347,-1.8301365408244212,True
B681,1110.0,12.000000476837,1130.6408777406507,11.554146210198564,1109.9999999999977,12.0,1119.7131902820306,10.050697074110213,20.640877740652968,-0.4458537898014363,True
B726,1070.0,12.000000476837,1196.4564380351806,14.90183001320916,1069.9999999999968,12.0,1143.855660828458,8.418311595378222,126.45643803518374,2.9018300132091603,False
B714,1230.0,12.000000476837,1240.5880896074264,11.908818468237014,1229.9999999999995,12.0,1212.2087114019064,10.928720147548214,10.58808960742681,-0.09118153176298627,True
B686,1210.0,12.000000476837,1263.9937451559372,12.519793351111923,1209.999999999999,12.0,1236.7639635049954,9.069793892292024,53.993745155938086,0.5197933511119235,True
B671,1190.0,12.000000476837,1229.4951759985388,12.622419031854625,1189.999999999999,12.0,1205.650368704411,9.80674749544163,39.49517599853971,0.6224190318546245,True
B665,1150.0,12.000000476837,1172.9551069491415,11.61703130869348,1149.9999999999982,12.0,1148.2471507178889,9.865830120533243,22.955106949143328,-0.38296869130651956,True
B683,1110.0,12.000000476837,1113.1441098983546,10.448974323994136,1109.9999999999977,12.0,1097.7983062488283,9.609816903396853,3.1441098983568736,-1.5510256760058638,True
B704,1070.0,12.000000476837,1107.9272841221732,11.036248544318115,1069.9999999999968,12.0,1084.1729946489672,7.557610523421987,37.92728412217639,-0.9637514556818854,True
B679,1190.0,12.000000476837,1179.1722912069804,10.865605701622021,1189.999999999999,12.0,1168.9890506147544,12.085504819446454,-10.8277087930187,-1.1343942983779787,True
B668,1150.0,12.000000476837,1126.6033869104037,10.127334983736294,1149.9999999999982,12.0,1168.6421388392705,10.342756246887308,-23.39661308959444,-1.8726650162637064,True
B736,1230.0,12.000000476837,1242.5393397279595,12.20539352972486,1229.9999999999995,12.0,1191.6445643625261,11.31674800193743,12.539339727959941,0.20539352972486036,True
B705,1190.0,12.000000476837,1240.576091171148,12.387782700549161,1189.999999999999,12.0,1156.5158388165883,11.751373922182776,50.576091171148846,0.3877827005491614,True
B702,1150.0,12.000000476837,1181.9104858702613,10.58019048029483,1149.9999999999982,12.0,1123.3625965805422,10.602054055365933,31.910485870263074,-1.4198095197051703,True
B707,1110.0,12.000000476837,1149.6356520925442,11.258902986871043,1109.9999999999977,12.0,1108.777224081668,9.160951090661584,39.63565209254648,-0.7410970131289574,True
B708,1070.0,12.000000476837,1121.7950189384615,11.127928655851237,1069.9999999999968,12.0,1102.9836536163457,8.401886946385385,51.79501893846464,-0.8720713441487629,True
B720,1030.0,12.000000476837,1101.3289712818978,10.6350820631854,1029.999999999996,12.0,1074.9053510286608,6.431440181634322,71.32897128190189,-1.3649179368145994,True
32,1150.0,5.0,1187.172806993361,30.20745332403648,1050.9651741293496,3.4228358208955214,1100.827836888735,9.309645228532812,136.20763286401143,26.784617503140957,False
24,1100.0,5.0,1023.1146988378682,6.644051683663415,1100.5447761194,3.4856094527363175,951.1208905828361,6.599160944694212,-77.4300772815318,3.1584422309270974,True
10 dry,1220.0,10.0,1245.728311079903,9.693831837920545,1220.5771144278601,11.980597014925374,1201.8837537816435,10.826592672317146,25.151196652042927,-2.2867651770048294,True
39 dry,1260.0,12.000000476837,1263.9934421675407,11.235286487326952,1202.7064676616906,11.714626865671644,1193.0979833241431,14.057674281531035,61.28697450585014,-0.47934037834469123,True
20 dry,1210.0,12.5,1245.328095721358,15.069919361045669,1183.9104477611927,12.321094527363185,1210.9470851539977,13.118219058274983,61.41764796016537,2.748824833682484,True
23 dry,1230.0,12.999999523163,1278.392560530571,14.627103581607289,1229.9999999999995,13.0,1269.6977390379407,11.365960057897352,48.39256053057147,1.6271035816072885,True
25 dry,1260.0,15.0,1323.0816080330287,15.408834713062369,1259.9502487562186,14.71542288557214,1266.009005403037,12.85592306461341,63.131359276810144,0.6934118274902286,True
24 dry,1240.0,15.0,1250.830668288035,14.602696363463167,1239.9999999999995,15.0,1245.0330893498485,14.171046569516463,10.83066828803544,-0.397303636536833,True
26 dry,1240.0,17.5,1244.5115721758877,17.370306464451584,1313.4029850746278,18.103980099502486,1248.646487275475,15.816861545398044,-68.8914128987401,-0.7336736350509021,True
11 hydrous,1160.0,15.0,1169.681305541762,12.350124062732586,1144.681592039799,11.370875621890544,1172.864867141042,9.969410762877498,24.999713501963015,0.9792484408420421,True
17 hydrous,1180.0,17.5,1288.7671995591547,16.636831683794643,1202.6915422885563,13.472333333333333,1241.2380673808202,12.712745372912742,86.07565727059841,3.16449835046131,True
19 hydrous,1200.0,17.5,1152.1760129391728,8.932324350766157,1187.5870646766157,12.429353233830847,1186.6576158004618,13.772307858325181,-35.411051737442904,-3.49702888306469,True
8 hydrous,1200.0,18.999999761581,1339.2402209440604,17.647759946956725,1214.8159203980094,14.799999999999999,1241.3221447345068,12.473752123625676,124.42430054605097,2.8477599469567263,False
HAB3,949.0000000000001,3.987999856472,989.8678893293081,5.31241796636609,994.5820895522348,7.451820895522384,957.2491894888918,5.764791316362402,-4.714200222926706,-2.1394029291562937,True
HAB8,1000.0000000000001,4.2699998617172,1024.1651712512494,7.523923788915853,999.999999999996,4.2999999999999865,1084.3988928061422,1.2510519147137025,24.165171251253355,3.223923788915866,True
HAB19,1016.0000000000001,3.948999941349,1035.4252968044584,5.866344152023752,1015.999999999996,3.899999999999986,1061.5871994545387,1.4538725350643862,19.42529680446239,1.9663441520237654,True
HAB13,945.0000000000001,4.0020000934601,968.4806143033,4.620864610409606,1101.1492537313407,8.948606965174124,1049.7350132036145,-3.1945027341648213,-132.6686394280407,-4.327742354764518,False
HAB15,995.0000000000001,4.0479999780655,1035.281784921101,6.497375415598166,994.999999999996,4.0,1076.092339289657,-0.42499275627728483,40.281784921104986,2.4973754155981656,True
HAB21,1000.0000000000001,4.0599998831749,1051.5083624578774,8.550676833008751,1039.684079601986,3.250293532338306,1018.5107252069168,2.5531845695462474,11.824282855891397,5.300383300670445,True
HAB25,1025.0,4.058000147342701,1126.3917230551756,10.087175391505395,1014.8159203980059,5.323069651741289,,,111.57580265716967,4.764105739764107,False
1140mf #27,940.0000000000001,1.0000000149012,996.958076494842,2.410980050971402,939.999999999996,1.0,1000.229129204402,1.5784499554514806,56.958076494845955,1.4109800509714021,True
1140mf #28,925.0000000000001,1.0000000149012,984.9454749277506,18.11634166126565,924.999999999996,1.0,1113.718975112758,-3.382868512375116,59.94547492775462,17.11634166126565,False
1140mf #29,910.0000000000001,1.0000000149012,972.8270429679847,2.51950034625302,909.999999999996,1.0,978.9347828186861,0.33555457926946985,62.82704296798863,1.5195003462530199,True
1140mf #41,915.0000000000001,1.5000000596046,981.1208854083866,2.6008384745480853,914.999999999996,1.5,974.521844582288,1.8903442930858851,66.12088540839056,1.1008384745480853,True
B833,1220.0,13.999999761581,1280.931679734509,13.870143619654554,1219.999999999999,14.0,1237.8952613748393,11.832106669853843,60.93167973451,-0.129856380345446,True
D92,1340.0,16.000000238419,1327.5450401329797,19.85983101096073,1340.0000000000014,16.0,1278.3754610691112,17.92488454563605,-12.454959867021671,3.859831010960729,True
D89,1380.0,16.000000238419,1313.4204984734843,15.298012393891732,1380.0000000000018,16.0,1302.1807966604833,19.094251837499243,-66.57950152651756,-0.7019876061082684,True
D82,1340.0,20.0,1323.4671796326702,21.489877829154842,1356.9353233830857,19.83582089552239,1296.2731895073107,21.227219727524705,-33.46814375041549,1.6540569336324538,True
D81,1360.0,20.0,1345.8810590717894,21.79396355673482,1360.0000000000014,20.0,1338.6992672072538,19.476416853936623,-14.118940928211941,1.7939635567348198,True
D84,1380.0,20.0,1334.6073843948616,22.20846009072509,1380.0000000000018,20.0,1326.0545128285685,20.72503120861627,-45.392615605140236,2.20846009072509,True
#32,940.0000000000001,2.0299999415875,1037.876579709342,5.312685426602335,939.999999999996,2.0,1012.2846757932531,1.857495461567427,97.87657970934595,3.312685426602335,True
#58,980.0000000000001,1.009000018239,1351.1967332644888,31.53778190301104,1110.6666666666642,8.081119402985069,1251.6539243894376,-2.258225670627238,240.53006659782454,23.45666250002597,False
#83,980.0000000000001,5.031999945640599,1063.6098778892615,6.277311229818902,1047.077114427857,8.131427860696515,1011.5285577731366,4.939603648490665,16.532763461404556,-1.8541166308776136,True
#5,1100.0,2.0309999585152,1113.7946402266675,6.71592576964442,1099.9999999999973,2.0,1058.7862368988185,4.804106798696307,13.794640226670253,4.71592576964442,True
#10,1060.0,2.0270000398159,1120.7626385349947,17.9119559952096,1059.9999999999968,2.0,1068.3395128619877,-0.852733467736265,60.762638534997905,15.911955995209599,False
#12,1060.0,2.0270000398159,1260.3968998600337,16.527937678209586,1102.0149253731315,5.534855721393032,1122.1012380137172,1.2503804791241016,158.3819744869022,10.993081956816553,False
#13,1060.0,2.0270000398159,1262.3938525876351,21.127893554761656,1101.30845771144,5.8275970149253675,1203.1664861271693,-1.8222785971983142,161.0853948761951,15.300296539836289,False
#17,1140.0,2.0190000534058,1071.8327655304672,4.66860355135938,1139.9999999999982,2.0,1023.9189438578725,7.032690629186049,-68.16723446953097,2.6686035513593804,True
#71,1100.0,5.0199997425079,1116.5154962223417,6.20003572697468,1099.9999999999973,5.0,1085.3692001146383,6.788720225073372,16.51549622234438,1.2000357269746802,True
#72,1100.0,5.0199997425079,1104.9734103308815,5.95889478573574,1099.9999999999973,5.0,1094.220220931134,6.47005934177987,4.973410330884235,0.9588947857357404,True
#73,1100.0,5.0199997425079,1252.043838553771,15.769173426744999,1103.9253731343256,7.407407960199005,1156.7225003790209,3.464869609850889,148.11846541944533,8.361765466545993,False
#76,1130.0,5.0169998407364,1177.3109120308782,9.050626531043157,1129.9999999999977,5.0,1117.9900416628097,7.783607079865266,47.310912030880445,4.050626531043157,True
#77,1130.0,5.0169998407364,1119.3677763644155,6.28954893473475,1131.0796019900476,7.05615422885572,1112.9898645428866,7.197734561852466,-11.711825625632173,-0.7666052941209704,True
#80,1060.0,5.015000104904201,1117.2957167132072,6.272260520785371,1097.532338308455,9.969059701492533,1050.9568371533232,6.447679528796917,19.763378404752075,-3.6967991807071616,True
PEM12-11,1000.0000000000001,0.44100001454353,1078.5356936622818,5.649458167912705,1075.810945273629,2.0021144278606955,1007.1511535134138,4.525369170365468,2.72474838865287,3.6473437400520097,True
PEM12-19,975.0000000000001,1.0080000013113,1078.3029579843505,5.57350078570257,974.999999999996,1.0,1037.3151454917506,2.9274400248834382,103.30295798435452,4.57350078570257,False
PEM12-22,960.0000000000001,0.7100000232458099,1080.3254969601526,4.447023320449547,959.999999999996,0.7000000000000008,1069.7781014486577,-3.0197677867329027,120.32549696015656,3.7470233204495456,False
PEM12-10,950.0000000000001,1.4550000429153,1070.8789749667249,5.56450595005754,1118.0398009950222,3.689388059701492,1010.8455958739188,3.8653930918008292,-47.16082602829738,1.875117890356048,True
PEM1 2-5,950.0000000000001,1.0100000351667,1057.9214124462308,4.405225965723216,1088.4029850746242,7.837159203980098,960.2185816345906,4.72259092469878,-30.48157262839345,-3.4319332382568826,True
WD-7A,1099.0,0.00099999997473788,1133.3333203054385,10.636582995340268,1087.86069651741,11.40189054726368,1210.5701973026717,-9.74670018860531,45.47262378802861,-0.7653075519234118,True
64,1030.0,2.0000000298023,1105.951539795149,4.459205489868277,1029.999999999996,2.0,1054.853859533161,4.193143856842114,75.95153979515317,2.4592054898682774,True
911NNOp1,1130.0,4.0,1138.060337093381,7.794172057631649,1124.8905472636793,5.188796019900494,1113.5478155792503,5.362171855235057,13.169789829701585,2.6053760377311557,True
948NNOp1,1120.0,4.0,1151.8642972829607,8.100682349944314,1128.3532338308437,5.433363184079599,1126.391371002565,5.117746786108298,23.511063452117014,2.6673191658647157,True
937NNOp1,1130.0,4.0,1195.1164869289692,9.599361345751765,1116.208955223878,4.572288557213924,1073.615486908479,10.509466183225214,78.90753170509106,5.027072788537841,True
950NNOp1,1100.0,4.0,1156.673521871575,8.214844216335647,1075.6169154228824,6.571910447761188,1081.1035565626148,6.597759707647418,81.05660644869272,1.6429337685744594,True
832NNOp1,1200.0,7.0,1164.0291187692503,9.049426053313919,1141.0646766169134,8.59741791044776,1182.4190942234204,9.068355305688646,22.964442152336915,0.4520081428661591,True
829NNOp1,1200.0,7.0,1158.4762954489038,10.03629279840183,1217.2686567164174,9.732766169154223,1162.4082900205308,10.115138967447617,-58.79236126751357,0.30352662924760665,True
822NNOp1,1190.0,7.0,1168.3538630567584,9.350766300581277,1147.4029850746251,7.111865671641788,1155.5904950472732,12.136806308719983,20.950877982133306,2.238900628939489,True
820NNOp1,1160.0,7.0,1131.572551702071,8.441772845048593,1129.6119402985055,6.913696517412933,1136.6306021419373,6.698446144683336,1.9606114035655082,1.5280763276356604,True
855NNOp1,1140.0,7.0,1158.1190577573009,9.481726848203564,1071.3383084577085,7.702950248756216,1121.4051800500015,5.9617024259435025,86.78074929959234,1.7787765994473483,True
852NNOp1,1130.0,7.0,1170.1680846448749,9.094954171829226,1172.3383084577104,7.889572139303481,1160.9366265560038,6.832500218437024,-2.170223812835502,1.205382032525745,True
848NNOp1,1110.0,7.0,1155.863827636872,9.877122989059702,1162.7412935323368,7.664333333333331,1142.3781931040298,6.917126550770957,-6.877465895464866,2.212789655726371,True
879NNOm1,1110.0,7.0,1168.0603384911044,7.947605173175629,1177.432835820894,8.468621890547258,1141.5934260040885,3.559757986564815,-9.372497329789667,-0.5210167173716291,True
884NNOm1,1080.0,7.0,1135.1302878445945,9.099534077207302,1093.3034825870618,7.219467661691537,1108.4297139297,5.193340425429675,41.82680525753267,1.8800664155157651,True
883NNOm1,1070.0,7.0,1166.6526166796261,7.55475341286701,1134.865671641789,5.477835820895517,1125.7667041093837,4.377652481494651,31.786945037837086,2.076917591971493,True
887NNOm1,1060.0,7.0,1116.8776800695175,9.587948531043306,1090.6915422885545,4.632044776119398,1059.7632524124965,8.068274447952133,26.18613778096301,4.9559037549239084,True
B1038,1050.0,8.0,1149.50539085442,6.730125671375378,1049.9999999999964,8.0,1096.2804798053662,4.604265034300009,99.5053908544237,-1.2698743286246224,True
B1133,1000.0000000000001,8.0,1153.8218539923976,7.174045296420513,999.999999999996,8.0,1104.817194988289,1.966913288740388,153.82185399240154,-0.8259547035794874,False
B1160,1000.0000000000001,8.0,1134.4133925826675,5.326908073072053,999.999999999996,8.0,1082.3175243246178,3.3054322341542326,134.41339258267146,-2.673091926927947,False
41c-103a,945.0000000000001,4.89,1113.8809468265556,5.19752685981768,1063.830845771141,4.357069651741291,1058.9125178418276,-0.25007325990428875,50.05010105541464,0.8404572080763888,True
41c-103b,945.0000000000001,4.89,1101.0061758659451,5.918189054990007,944.999999999996,4.889999999999989,1040.7659221306553,1.2565713344545504,156.0061758659491,1.0281890549900181,False
41c-106,975.0000000000001,4.9,1166.0815848741015,11.508331981373802,974.999999999996,4.899999999999984,1079.126385133619,-0.08684872453631343,191.0815848741055,6.6083319813738175,False
41c-107a,975.0000000000001,4.9,1180.7615551277863,8.899063173455438,974.999999999996,4.899999999999984,1080.8568350996056,2.055015069103429,205.7615551277903,3.999063173455454,False
41c-107b,975.0000000000001,4.9,1255.7318243868033,12.605720209373489,974.999999999996,4.899999999999984,1091.3262919316994,2.2049416674163584,280.73182438680726,7.705720209373505,False
41c-110,1000.0000000000001,4.76,1164.7591238953594,8.63080474420416,999.999999999996,4.759999999999993,1088.1598145373619,2.0115941259431924,164.75912389536336,3.870804744204168,False
41c-116b,950.0000000000001,5.0,1105.0958103836315,7.505405500729472,949.999999999996,5.0,1043.6451216312175,1.7681192475760437,155.09581038363547,2.5054055007294718,False
41c-117,975.0000000000001,5.0,1140.1727237117702,8.367101373408046,974.999999999996,5.0,1049.2203035423113,2.0990295193812374,165.1727237117742,3.3671013734080457,False
41c-118,975.0000000000001,5.0,1167.1660182836736,10.621585097202136,1089.174129353231,6.166343283582087,1072.9679882812575,1.7347255572462927,77.99188893044266,4.455241813620049,True
41c-119b,975.0000000000001,5.0,1184.3028020355503,12.223612874293684,974.999999999996,5.0,1048.4068144360012,3.670028772417921,209.30280203555424,7.223612874293684,False
41c-129,915.0000000000001,2.01,1083.4531971232784,3.201312061787423,1091.4726368159172,1.5117736318407962,1004.5514416676561,0.25233576471305064,-8.019439692638798,1.6895384299466267,True
41c-141,930.0000000000001,2.08,1088.6768071623055,3.069760617346455,929.999999999996,2.0799999999999974,1005.8065711712335,0.6936560185720424,158.6768071623095,0.9897606173464575,False
Run 47,900.0000000000001,5.0,993.1706529823533,7.3516200678180725,1025.7139303482545,6.395129353233827,1015.7345704338496,2.396945889661943,-32.54327736590119,0.9564907145842456,True
40,1050.0,2.02,1029.015601304945,18.763595526871033,1049.9999999999964,2.019999999999996,1143.323071410597,-33.467793615284414,-20.984398695051368,16.743595526871037,False
39,1050.0,2.02,1028.5749008419818,26.922029699880838,1049.9999999999964,2.019999999999996,1233.8515389176869,-9.607965006274986,-21.42509915801452,24.902029699880842,False
35,1000.0000000000001,2.05,1140.6199238563993,6.219855379573435,999.999999999996,2.050000000000007,1031.9212401103455,1.6243635353644077,140.61992385640326,4.169855379573428,False
34,1000.0000000000001,2.05,1154.704903202507,7.649414138807426,999.999999999996,2.050000000000007,1049.997859473387,1.0020595018416003,154.704903202511,5.599414138807419,False
49,950.0000000000001,2.03,1168.7574784252972,20.021980954935167,949.999999999996,2.0299999999999905,1055.1958312353795,0.06692576158539243,218.7574784253012,17.991980954935176,False
48,950.0000000000001,2.03,1115.6167875124504,6.579406213041912,1027.2935323383044,3.0551940298507447,1008.3844711739472,0.769545548110318,88.32325517414597,3.524212183191167,True
WD52,925.0000000000001,1.0,972.2388593111507,6.469064629278965,1061.330845771141,2.9923009950248733,907.922797860073,13.930891340501583,-89.09198645999027,3.476763634254092,True
e147,980.0000000000001,1.023,1167.5827680948496,6.794583607794575,1102.8805970149228,4.262644278606964,1063.098723167806,-2.0454123134750444,64.70217107992676,2.531939329187611,True
4_6,1050.0,4.002,1139.119398199512,8.25450469451608,1104.3134328358183,5.032691542288554,1075.6863244019564,-13.941128042005335,34.80596536369376,3.221813152227525,True
3_6,1092.0,4.015,1184.286151441263,9.603207729810908,1101.5671641791018,5.096547263681587,1130.8693235480296,-11.698035841482533,82.71898726216114,4.506660466129321,True
6_5,1155.0,4.147,1157.6184118592898,7.070269822321077,1195.7611940298498,8.794616915422882,1168.859354952211,-8.622311389109033,-38.14278217055994,-1.7243470931018052,True
272Ja-1,920.0000000000001,1.0,951.0476130351122,2.9295896177508713,928.9452736318368,2.1537786069651728,878.4545331902731,5.269875753505441,22.102339403275437,0.7758110107856986,True
272Ja-2b,900.0000000000001,1.0,948.2984107744103,3.036711449803422,923.0049751243743,2.4320721393034828,886.8259002230812,4.4177051282731705,25.29343565003603,0.6046393104999392,True
"RN7, 1040°C",1040.0,7.0,1122.97804210794,8.281645723254721,1039.999999999996,7.0,1081.4580446498921,6.022824966377371,82.97804210794402,1.2816457232547211,True
2364,975.0000000000001,9.0,1083.3955443004068,7.182576863847189,1094.1492537313407,8.360915422885565,1085.5776308629356,1.7072854006380087,-10.753709430933895,-1.1783385590383757,True
2358,995.0000000000001,9.0,1096.8616901068585,8.40867035818435,1075.9004975124349,7.474094527363182,1066.2050478234783,4.398115650743052,20.961192594423665,0.9345758308211689,True
2360,1015.0000000000001,9.0,1099.3809917869817,8.78602278329111,1081.8407960198974,8.81775621890546,1070.469105345163,5.497733497745039,17.540195767084242,-0.031733435614350824,True
2359,1035.0,9.0,1125.9710740506655,9.10147581553597,1082.547263681589,8.999288557213923,1086.007512703341,5.624013123663179,43.42381036907659,0.10218725832204711,True
2357,1055.0,9.0,1147.1222983687765,9.650242219478951,1059.9004975124344,10.305920398009945,1098.228149266361,6.02569084055118,87.22180085634204,-0.6556781785309944,True
2356,1075.0,9.0,1130.0031388111877,9.184063823709716,1116.691542288555,10.465328358208948,1112.418028704084,6.327946567531926,13.311596522632726,-1.2812645344992326,True
2363,1095.0,9.0,1128.7387218639742,8.957999941349467,1126.2039800995003,10.050552238805967,1115.9114396151313,7.3699937700106535,2.5347417644738925,-1.0925522974564998,True
2354,1115.0,9.0,1130.9119088369732,8.165764742341738,1113.0796019900472,9.916940298507459,1120.0449822538349,6.694661552637665,17.83230684692603,-1.7511755561657214,True
2353,1135.0,9.0,1143.1268590015252,8.971780865269285,1127.8805970149233,10.289850746268653,1143.9642809904149,7.753659748890516,15.246261986601894,-1.318069880999369,True
2370,950.0000000000001,7.0,1100.2547074638496,6.0993126445749155,1050.711442786066,4.846592039800993,1052.574677931479,0.05486765749255795,49.543264677783554,1.2527206047739226,True
2376,975.0000000000001,7.0,1048.6790839517737,6.7677162406738125,1027.1691542288518,4.9550447761194,1040.4469661902767,3.2783018806737596,21.509929722921925,1.8126714645544126,True
2387,1000.0000000000001,7.0,1120.598854608787,7.552976887397271,1072.3333333333303,4.6086915422885575,1066.3126146348982,1.9090977560846891,48.26552127545665,2.944285345108714,True
2388,1025.0,7.0,1108.5651949442968,8.186373385418042,1086.0398009950222,5.814402985074623,1066.6424026055479,3.7287667996882767,22.52539394927453,2.371970400343419,True
2374,1050.0,7.0,1118.8893240627156,8.175607204956703,1097.9577114427834,7.400805970149247,1073.648102566725,4.428722853742414,20.93161261993214,0.7748012348074562,True
2381,975.0000000000001,4.0,1086.5259195911622,5.967156677246113,1050.6517412935286,3.8499179104477594,1026.7333986497974,1.52710800820834,35.874178297633534,2.117238766798353,True
2390,1000.0000000000001,4.0,1217.829520883782,16.47658684796906,1040.5970149253694,3.2021990049751237,1102.5245802714908,-0.46510789732613045,177.2325059584125,13.274387842993935,False
2619,1050.0,4.0,1238.839284177767,10.944370816666343,1107.3731343283557,5.095631840796017,1027.8921460225142,4.691007940653406,131.4661498494113,5.848738975870326,False
2658,1025.0,4.0,1158.0248386406452,6.1280890548432065,1126.378109452734,3.5773258706467628,1058.9169667057586,2.5480608873011246,31.646729187911205,2.5507631841964438,True
2614,1000.0000000000001,4.0,1160.5659800725703,5.3673558126941145,1126.9601990049728,2.0155472636815914,1035.7608282309698,2.323476217881945,33.60578106759749,3.351808549012523,True
2617,1000.0000000000001,4.0,1157.3723137189386,5.2696367186538335,1136.7960199004956,2.2895920398009952,1046.8802899543484,2.2176828325100963,20.57629381844299,2.9800446788528383,True
2625,1050.0,7.0,1294.948918791816,11.634441923328064,1119.711442786067,5.675731343283579,1042.8074457363527,4.611919170651994,175.23747600574893,5.958710580044484,False
2621,1050.0,9.0,1298.829974571402,11.755084443720857,1120.4228855721367,6.466761194029849,1033.4350765532909,4.705737265567833,178.4070889992654,5.288323249691008,False
2620,1000.0000000000001,9.0,1281.6104939535542,12.044103072970385,1108.6467661691518,8.724467661691541,1006.5806753843868,4.5856877006844625,172.9637277844024,3.3196354112788438,False
2656,925.0000000000001,4.0,1129.242763963655,10.094657177566743,1128.8507462686543,8.10441293532338,976.2267477670381,1.304414339561597,0.3920176950007317,1.9902442422433637,True
RSV49_6,1230.0,10.0,1230.5039550262693,13.952363559212413,1229.9999999999995,10.0,1167.3731355972636,11.454576826513371,0.5039550262697503,3.9523635592124133,True
RSV49_10,1130.0,10.0,1139.0346820468621,10.954152490872698,1129.9999999999977,10.0,1113.4732202153782,9.968617392162557,9.034682046864418,0.9541524908726977,True
RSV49_9,1080.0,10.0,1130.461188887758,9.263698387802245,1079.9999999999968,10.0,1071.238620768359,9.417576459529197,50.46118888776118,-0.7363016121977548,True
RSV49_8,1030.0,10.0,1128.1744804621098,9.35708287484823,1040.1542288557175,10.651940298507462,1048.9682292738075,7.365527008979938,88.02025160639232,-1.2948574236592325,True
BM39,1050.0,7.0,1184.2280036990862,12.519452492236894,1050.1990049751207,7.378606965174129,1064.9472367847065,7.092705639178986,134.02899872396551,5.1408455270627655,False
BM58,1000.0000000000001,7.0,1323.7940050297323,20.503580660750927,1080.5497512437782,6.672517412935321,1136.2127734906776,5.616559204049251,243.24425378595402,13.831063247815607,False
BM16,1080.0,10.0,1199.7158048993545,10.723032599142538,1123.1442786069629,10.249606965174129,1155.6909794282228,6.276529678818937,76.57152629239158,0.4734256339684091,True
BM41,1065.0,10.0,1188.647901112775,11.23915177119381,1091.7164179104452,9.682840796019898,1130.2402802881525,6.349293128785327,96.93148320232967,1.556310975173913,True
BM13,1050.0,10.0,1129.572728470318,9.15504366168362,1075.7114427860665,10.932860696517414,1066.2634344456014,7.194357521826734,53.86128568425147,-1.7778170348337934,True
BM52,1000.0000000000001,10.0,1139.1431014457469,8.140243465567833,1075.3034825870618,11.185721393034823,1059.4783211840181,4.631282015425346,63.83961885868507,-3.0454779274669903,True
BM60,950.0000000000001,10.0,1318.2233023744502,18.31933457010708,1095.5273631840769,10.61425870646766,1153.840790802652,1.5493626401167537,222.69593919037334,7.70507586363942,False
BM15,920.0000000000001,10.0,1213.9912262622756,17.279627581818076,1106.0049751243755,4.459082089552239,,,107.98625113790013,12.820545492265836,False
BM56,1150.0,13.0,1207.2329548168461,18.272335291094834,1064.1815920397976,11.669154228855714,1114.1078054930504,12.841409405576808,143.05136277704855,6.60318106223912,False
BM30,1100.0,13.0,1251.464481731217,19.104362866252654,1141.7910447761174,12.424034825870644,1187.2342688674462,7.681511624330586,109.67343695509953,6.68032804038201,False
BM57,1050.0,13.0,1188.487263590636,15.172096213359103,1065.7860696517378,11.15189054726368,1126.2446585289158,7.857381005584236,122.70119393889831,4.020205666095423,False
BM36,1050.0,7.0,1168.7669716940125,13.837647060406328,1081.9900497512408,7.870853233830845,1062.8780208463409,6.3864610370572725,86.77692194277165,5.966793826575483,True
BM49,1150.0,13.0,1196.6800720931956,12.833589661113733,1095.8557213930321,11.703134328358209,1122.589212985008,11.956224288357948,100.82435070016345,1.130455332755524,False
BM32,1100.0,13.0,1205.833625095361,12.539887423370644,1108.3084577114405,11.827082089552238,1128.1958788117531,9.278777553873812,97.52516738392046,0.7128053338184053,True
BM50,1050.0,13.0,1146.166861739489,10.304601900476646,1071.9502487562158,11.583208955223878,1089.8175840065974,9.318958367509621,74.21661298327308,-1.2786070547472317,True
PU1005,1000.0000000000001,10.0,1125.5923545361836,10.708528044562968,1066.5522388059667,7.467216417910446,1072.8564984713612,4.184464841752769,59.04011573021694,3.2413116266525215,True
PU906,980.0000000000001,10.0,1107.0903876986213,10.20729218466094,979.999999999996,10.0,1074.3733471890869,3.3656056794152853,127.09038769862525,0.20729218466093968,False
ZP1060,1060.0,10.0,1120.5643232621408,9.035451980112537,1059.9999999999968,10.0,1079.0714784345446,6.82947912344992,60.564323262143944,-0.964548019887463,True
ZP1000,1000.0000000000001,10.0,1123.0962697991788,10.193557035527968,999.999999999996,10.0,1040.0176899169378,5.223532153807296,123.09626979918278,0.19355703552796832,False
rk56,1170.0,10.0,1149.174938396365,6.667154448719822,1169.9999999999986,10.0,1113.119072339019,10.513854798863076,-20.825061603633685,-3.332845551280178,True
rk60,1140.0,10.0,1105.0933087231983,6.0292422480411485,1139.9999999999982,10.0,1089.6648888795553,9.738566593349395,-34.90669127679985,-3.9707577519588515,True
rk63,1110.0,10.0,1107.8091918865557,6.091628669867586,1109.9999999999977,10.0,1060.892593103919,9.754424627249904,-2.190808113442017,-3.9083713301324137,True
rk66,1080.0,10.0,1095.8116391757585,6.63607297593589,1079.9999999999968,10.0,1028.7464230089327,8.50066965475855,15.811639175761684,-3.36392702406411,True
rk57,1110.0,10.0,1110.3601590486903,7.581551173686322,1109.9999999999977,10.0,1056.8890339773125,9.4749507320322,0.3601590486925943,-2.4184488263136776,True
rk58,1080.0,10.0,1083.1709226927017,7.359535483965127,1079.9999999999968,10.0,1022.8973057327345,8.798026615030652,3.170922692704835,-2.640464516034873,True
rk13,1140.0,10.0,1153.0055992641023,9.135458210582296,1139.9999999999982,10.0,1126.7036314343513,8.383309738083938,13.005599264104148,-0.8645417894177037,True
rk55,1110.0,10.0,1012.9482356839444,8.756526332068754,1109.9999999999977,10.0,1082.8852292318247,8.578455781443939,-97.05176431605332,-1.2434736679312461,True
AB15,1140.0,7.02,1119.298946308411,9.682934355839185,1133.955223880595,6.946965174129339,1138.0622152807978,6.705932608400713,-14.65627757218408,2.735969181709846,True
AB25,1120.0,7.03,1026.7560187750162,6.425843142042719,1119.9999999999977,7.029999999999978,1069.1746264997446,7.885919424862153,-93.24398122498155,-0.6041568579572587,True
AB11,1100.0,7.04,1013.3589528758798,6.961187866544345,1099.751243781092,7.0399999999999805,990.9682519958632,11.375465381782561,-86.39229090521212,-0.07881213345563509,True
AB12,1100.0,7.04,1099.5760412009513,8.403052795052565,1099.9999999999973,7.0399999999999805,1082.6644192746026,6.38202608737205,-0.4239587990459768,1.3630527950525844,True
AB26,1080.0,7.03,1103.4607528121242,8.052417800904898,1079.9999999999968,7.029999999999978,1071.3844947524194,6.344598075318701,23.46075281212734,1.02241780090492,True
AB30,1080.0,7.03,1138.4011955193807,8.961385691880379,1079.9999999999968,7.029999999999978,1085.4477447702557,5.398694300826896,58.40119551938392,1.9313856918804007,True
AB20,1050.0,7.03,1034.0060189483563,6.665840742604611,1049.9999999999964,7.029999999999978,1033.2043811904682,6.15970231188944,-15.993981051640048,-0.36415925739536714,True
AB21,1050.0,7.03,1102.8176035972942,7.345254504003614,1049.9999999999964,7.029999999999978,1042.996289319744,5.543967601993111,52.817603597297875,0.31525450400363564,True
AB22,1050.0,7.03,1101.8629164250187,7.3910580638272645,1049.9999999999964,7.029999999999978,1068.4767007949195,4.047558793260485,51.86291642502238,0.36105806382728645,True
AB71,1040.0,1.02,1160.9686180657366,7.392204246710675,1039.999999999996,1.0399999999999987,1108.4684323832444,0.4664557619826555,120.96861806574066,6.352204246710677,False
AB72,1040.0,1.02,1194.2106480021318,9.457443994081496,1039.999999999996,1.0399999999999987,1095.6662166132082,2.1329134606709923,154.21064800213594,8.417443994081497,False
AB73,1040.0,1.02,1209.8203226938772,10.971376218566432,1039.999999999996,1.0399999999999987,1106.851538817055,1.3863017597999958,169.82032269388128,9.931376218566433,False
AB74,1040.0,1.02,1213.7472299133924,10.704323451001859,1039.999999999996,1.0399999999999987,1117.6340775027643,1.6458795407587878,173.7472299133965,9.66432345100186,False
AB62,1000.0000000000001,1.02,1136.060931392494,15.352697815503063,999.999999999996,1.0200000000000031,1015.2710431799243,2.3200011162665355,136.060931392498,14.33269781550306,False
AB60,1000.0000000000001,1.02,1132.8949491201415,8.569963716631799,999.999999999996,1.0200000000000031,1034.1169250469202,0.5211861849863215,132.8949491201455,7.549963716631796,False
AB61,1000.0000000000001,1.02,1144.9561384025976,8.368398413200648,999.999999999996,1.0200000000000031,1059.0535695506032,-0.10337524458561465,144.9561384026016,7.348398413200645,False
AB54,975.0000000000001,1.02,1112.7474717866658,7.710147221915188,974.999999999996,1.0200000000000031,1027.287602858245,-0.516136194447733,137.74747178666973,6.6901472219151845,False
s0968-18     ,1040.0,2.0,1131.4001343850737,10.060473050070213,1080.9054726368126,4.576328358208954,1044.856791515946,3.4468881365905935,50.494661748261024,5.484144691861259,True
s0968-19     ,1040.0,2.0,1166.5773067611196,9.089312830711838,1045.567164179101,2.392253731343283,1060.5182351049216,2.026782910942635,121.01014258201872,6.6970590993685555,False
Minoan_FMQ_900C_2kbar_0.7,902.0000000000001,2.022,968.9947593624504,6.846286270710456,1041.721393034822,2.6649875621890504,1025.1512212624543,-5.630159298809812,-72.72663367237169,4.181298708521405,True
Minoan_FMQ_900C_2kbar_0.6,902.0000000000001,2.022,963.8805815082278,4.9423464194902715,978.5671641791006,1.724094527363183,1017.7485051620675,-9.352332152007776,-14.686582670872781,3.2182518921270886,True
Minoan_FMQ_850C_2kbar_0.9,850.0000000000001,2.004,936.9411858190543,2.893879656766083,986.589552238802,4.534373134328357,854.4798937821907,7.372010402499168,-49.64836641974762,-1.640493477562274,True
Minoan_NNOp1_850C_2kbar_1,850.0000000000001,2.104,921.1507450994981,3.46794515631651,964.0696517412897,4.495139303482585,830.5820878177793,2.976789475437654,-42.91890664179164,-1.027194147166075,True
CR_FMQ_900C_2kbar_0.8,902.0000000000001,2.022,1013.6020190481233,18.356180003479825,938.5870646766131,4.505810945273632,1235.552683020052,-41.7004677692511,75.01495437151027,13.850369058206192,False
CR_FMQ_900C_4kbar_0.6,901.0000000000001,4.135,908.1299426089208,3.211298304320855,965.3084577114388,3.1675671641791023,923.4579116471692,5.3834738695280375,-57.17851510251796,0.04373114014175261,True
#8,1000.0000000000001,2.0,1080.9830343160384,4.970087565024945,999.999999999996,2.0,976.820245572411,3.726735868331362,80.98303431604234,2.9700875650249454,True
#9,1000.0000000000001,2.0,1110.8331248128065,7.113033554533708,1061.4427860696483,5.257159203980097,1006.0131082129643,2.33437839874271,49.39033874315828,1.8558743505536102,True
1650,875.0000000000001,7.0,1125.2530902424025,8.625882373618108,1025.4850746268617,3.829141791044775,1107.3979196329465,-4.084204891780339,99.76801561554089,4.796740582573333,True
1644,850.0000000000001,7.0,1103.5554109046423,7.531043610902623,1076.0820895522356,8.805223880597014,1095.0318861446153,-4.383268104840813,27.47332135240663,-1.2741802696943907,True
1642,825.0000000000001,7.0,1098.0860678936756,7.41955324586881,1086.4253731343256,7.927631840796018,1111.2598623083973,-6.831157178998782,11.660694759350008,-0.5080785949272073,True
1695,875.0000000000001,7.0,1089.9601316947144,9.35977281714996,1068.4079601990015,7.806328358208951,1066.8825626681614,-0.5629428577798956,21.552171495712855,1.5534444589410086,True
1637,925.0000000000001,7.0,1095.343997843331,7.734399779902508,1027.6915422885531,7.947756218905471,1021.9786653654206,2.4202091616511243,67.65245555477782,-0.21335643900296297,True
1668,900.0000000000001,7.0,1102.8075453357583,8.086068950583535,1040.41044776119,6.2078855721393005,1037.5665973026744,0.13013668099972797,62.397097574568306,1.878183378444234,True
1669,875.0000000000001,7.0,1083.9788675331927,7.681420987778503,1038.4925373134288,6.1887761194029824,1030.4398201353224,-0.6939925590236546,45.486330219763886,1.4926448683755202,True
1586,850.0000000000001,7.0,915.3352045084545,3.9322861919895598,1085.407960199002,10.285039800995019,955.4120744401813,8.50486253009166,-170.07275569054752,-6.352753609005459,False
1603,975.0000000000001,7.0,998.1248909029688,9.360330021168243,1020.6492537313392,10.807104477611935,1037.2140394348976,5.4310479909013285,-22.524362828370386,-1.4467744564436913,True
1604,925.0000000000001,7.0,1013.290160980848,12.591634322516832,1036.860696517409,9.234965174129348,1089.4204649622902,0.6710213486638947,-23.57053553656101,3.3566691483874838,True
1666,925.0000000000001,7.0,1031.0072424301532,8.065405119644502,1080.3034825870618,8.867457711442785,927.4006060362614,5.6561607030251775,-49.29624015690865,-0.802052591798283,True
55,1030.0,2.0,1003.2876093266165,7.6196952627364025,1006.6567164179063,3.0964203980099496,1061.6607819637484,-1.8311186970524749,-3.369107091289834,4.523274864726453,True
66,950.0000000000001,2.0,1036.9048011434836,22.155442137213598,937.2786069651703,6.318129353233827,1169.4615931933959,-20.221096254346115,99.62619417831331,15.83731278397977,False
30,1030.0,2.0,1038.7895082734947,8.412444145798204,1004.2810945273592,3.6010995024875596,1209.5813521371642,-28.058541846837702,34.50841374613549,4.811344643310645,True
29,1030.0,2.0,1116.4131084402509,28.549839380343336,996.136815920394,4.97317412935323,1279.9874923512139,0.3396657298560699,120.27629251985684,23.576665250990107,False
14,990.0000000000001,2.0,1219.949367442738,9.019228153873026,979.1293532338269,5.760746268656709,1179.4419342549268,-0.23026387180792263,240.82001420891118,3.2584818852163178,False
25,950.0000000000001,2.0,1035.1363265936004,7.784662684041353,967.1791044776081,6.8478258706467585,1032.1516836480878,0.03358821243829979,67.9572221159923,0.9368368133945948,True
HG-605L,825.0000000000001,1.299999952316284,921.8636146267177,4.257554107252729,1031.7114427860656,1.4186069651741293,866.6924656472949,5.402300982273596,-109.84782815934796,2.8389471420785997,False
HG-597L,825.0000000000001,1.5,915.1064512669295,3.341832035788295,994.2786069651701,1.5637064676616907,866.2404845169086,2.359019655374483,-79.17215569824054,1.7781255681266044,True
HG-629N,840.0000000000001,1.600000023841858,911.7567021551737,2.3610068289280495,1025.9402985074585,1.3444975124378113,886.3569076345133,0.3483223196981582,-114.18359635228478,1.0165093164902381,False
HG-629L,840.0000000000001,1.600000023841858,903.1308304851768,2.4046876173139315,1019.5820895522348,1.37097512437811,898.3836147639662,1.4124133433329087,-116.451259067058,1.0337124929358215,False
HG-604N,850.0000000000001,1.299999952316284,920.7380948319412,2.3588475213145212,1016.0149253731303,1.418845771144278,887.2908256166462,-0.28494981228407035,-95.27683054118904,0.9400017501702433,True
HG-604L,850.0000000000001,1.299999952316284,918.9442939060153,2.394033875023797,1018.5970149253691,1.4040646766169151,878.5654980186042,2.0697887895785305,-99.65272101935375,0.9899691984068817,True
HG-596N,850.0000000000001,1.5,915.0511173418387,2.503556721126103,1024.2487562189012,1.0283781094527367,900.9356823901447,1.0743309498367504,-109.19763887706256,1.4751786116733663,False
HG-596L,850.0000000000001,1.5,909.4407506992222,2.3317591176042227,1045.9950248756181,0.852736318407961,909.1471933883746,1.5463875905102569,-136.5542741763959,1.4790227991962617,False
HG-607N,850.0000000000001,1.700000047683716,918.5228202544236,2.660355135889848,1028.4129353233789,1.2853930348258717,905.2465064714708,1.4862364010760345,-109.89011506895531,1.374962101063976,False
HG-607L,850.0000000000001,1.700000047683716,947.7535160560874,3.42919152754868,1040.2985074626827,0.7818258706467671,941.8651439296128,-3.769109610732555,-92.54499140659527,2.647365656901913,True
HG-595N,875.0000000000001,1.5,915.8501707999548,2.583371047381604,1014.2288557213889,1.4995721393034818,922.4301329077931,0.7735916926418787,-98.37868492143411,1.0837989080781223,True
HG-595L,875.0000000000001,1.5,915.9550327515099,2.6312277308613896,1030.7960199004933,1.2814079601990054,923.0149369447794,1.0051611807780594,-114.84098714898346,1.3498197706623842,False
HG-643L,900.0000000000001,1.0,988.6876744558679,3.692860466707891,1055.0796019900463,1.1814079601990064,981.5932508217965,-8.684042318311873,-66.39192753417842,2.511452506508885,True
3040+gnt,1000.0000000000001,10.0,1071.570225140552,9.26071964766055,1052.5721393034792,11.098407960199003,1060.7696938176632,6.731454447123871,18.99808583707295,-1.8376883125384538,True
2695,1250.0,12.0,1253.6445202179848,13.640478134681187,1252.2288557213928,13.569850746268656,1246.1462940485867,10.256230128967646,1.415664496591944,0.07062738841253058,True
2691,1200.0,12.0,1193.0069287409874,11.716556743227054,1224.9751243781088,14.770582089552237,1181.8350498567825,12.089126641610372,-31.968195637121426,-3.054025346325183,True
2708,1150.0,12.0,1210.8721688114363,14.918219416861659,1195.6169154228846,15.647761194029849,1179.451854594669,10.545057466881207,15.255253388551637,-0.7295417771681905,True
2777,1125.0,12.0,1160.0997862787842,12.298647615172985,1202.3830845771136,15.971955223880599,1164.4086551683786,8.875191491511199,-42.28329829832933,-3.6733076087076135,True
2999+gnt,1100.0,12.0,1122.3113843818014,9.768712538760077,1148.0945273631824,13.229154228855721,1108.2377274373152,9.303072646128573,-25.783142981380934,-3.460441690095644,True
2693,1100.0,12.0,1172.3638848152964,10.642574760372222,1172.8333333333321,16.03566169154229,1140.137883819671,10.30999288266224,-0.4694485180357333,-5.393086931170069,True
2776,1075.0,12.0,1151.4289320557273,12.123732835989786,1150.3731343283562,15.168303482587072,1132.8096408048787,8.157578746265132,1.0557977273711003,-3.044570646597286,True
3002+gnt,1050.0,12.0,1155.9567235128657,10.172565130900685,1116.4701492537288,14.361805970149256,1100.9078131067517,8.544265778629445,39.48657425913689,-4.189240839248571,True
2694,1050.0,12.0,1131.8231652779195,11.782991904050881,1102.681592039798,14.198447761194036,1120.439838877444,7.723066522936604,29.14157323812151,-2.4154558571431544,True
2996+gnt,1000.0000000000001,12.0,1091.5902012193258,9.259229537275186,1058.1218905472601,13.376179104477616,1048.8261313936591,7.281304715799017,33.46831067206563,-4.116949567202431,True
2697,1000.0000000000001,12.0,1123.6279071239605,11.410668202865498,1061.8905472636784,14.01564179104478,1109.2624429657812,7.908481182000766,61.73735986028214,-2.6049735881792824,True
2778,950.0000000000001,12.0,1042.6201039270165,9.650378934582486,1074.4701492537283,9.774263681592032,1067.4873970392578,4.464516764942488,-31.85004532671178,-0.1238847470095461,True
2992+gnt,950.0000000000001,13.0,1107.8575751727446,10.963731863316921,1047.2313432835786,11.292353233830845,1042.0139942030273,6.229380120211962,60.62623188916609,-0.3286213705139236,True
2814,1100.0,13.1,1155.6028066628905,10.641899396429821,1208.5845771144272,15.780741293532346,1148.6614050514077,9.386256723347412,-52.981770451536704,-5.138841897102525,True
2802,1100.0,13.4,1166.7047377751749,10.64962752040259,1201.082089552238,16.913323383084578,1165.7725913846061,9.936323235313614,-34.37735177706304,-6.263695862681988,False
2799,1100.0,13.8,1179.7709496469452,12.675115928396238,1216.442786069651,17.6318407960199,1174.3563964873301,10.59091028100585,-36.67183642270584,-4.956724867623663,True
2712,1250.0,14.6,1223.5775848151006,13.669536988312977,1277.9601990049755,15.371641791044775,1240.7732583542488,12.614075390869964,-54.38261418987486,-1.7021048027317978,True
2887,1200.0,14.6,1180.5747244742531,10.809630440600044,1209.3582089552233,13.202985074626866,1186.8740755668518,11.339870651594204,-28.783484480970174,-2.3933546340268226,True
2709,1150.0,14.6,1198.7397805265616,15.210677890901984,1179.2338308457697,17.07745273631841,1184.996131805372,12.73625704122353,19.5059496807919,-1.8667748454164261,True
2702,1100.0,14.6,1182.9435929994393,14.54988975690392,1165.5771144278592,17.816258706467664,1171.5592508036416,12.226221101792392,17.366478571580046,-3.266368949563745,True
2868,1050.0,14.6,1132.1298857547097,11.884045488281457,1135.9875621890524,15.597208955223884,1138.7698314339177,9.391304573871501,-3.857676434342693,-3.7131634669424276,True
2899,1050.0,14.6,1133.3254510943464,12.007257182990301,1116.7736318407938,15.963283582089556,1105.8147490305842,9.86146252402626,16.551819253552594,-3.9560263990992546,True
2790,1000.0000000000001,14.6,1078.842669100632,10.9104371875775,1069.9029850746233,13.746303482587066,1073.596913022358,8.234157622367029,8.939684026008763,-2.8358662950095663,True
2789,1250.0,16.7,1227.2419428439223,15.329561289368145,1285.7164179104484,15.964179104477612,1268.6209796011617,13.547153241102592,-58.47447506652611,-0.6346178151094666,True
2787,1200.0,16.7,1221.3580363611989,14.109437373317748,1272.1592039800998,17.756716417910447,1239.1291272588192,13.806993950656718,-50.80116761890099,-3.6472790445926986,True
3039+gnt,950.0000000000001,11.0,1019.4788357649423,7.632070107385775,1012.4577114427819,11.241557213930347,976.3661552597165,7.00845621283613,7.021124322160404,-3.609487106544573,True
2980,1100.0,12.0,1205.7708318353084,10.496339614783853,1110.8507462686543,10.028144278606964,1076.4199998094132,8.33165253743839,94.92008556665405,0.4681953361768887,True
2979,1050.0,12.0,1118.5588653538068,8.317071339813088,1109.9402985074603,10.476373134328357,1071.842292628759,6.463538132816757,8.618566846346539,-2.159301794515269,True
3000+gnt,1000.0000000000001,12.0,1097.1220072287842,7.794787082144499,1074.2537313432804,9.934592039800993,1028.817822475753,7.2956598596167535,22.868275885503863,-2.1398049576564944,True
2995+gnt,950.0000000000001,12.0,1072.406401829113,7.960094195177565,1040.803482587061,10.992029850746265,992.830419544271,5.631805415271629,31.602919242052167,-3.0319356555687005,True
2987,950.0000000000001,12.0,1074.4482469950535,7.633710994367521,1069.2562189054693,9.597746268656714,1004.7961446774713,4.3214707485949955,5.192028089584255,-1.9640352742891922,True
2985,900.0000000000001,12.0,987.1094188486387,6.361034347683294,1047.303482587061,9.656825870646767,974.054668347044,4.259716550281125,-60.19406373842219,-3.295791522963473,True
2823,1000.0000000000001,13.1,1117.4328493233331,10.261096468769502,1078.2562189054697,10.539447761194026,1038.7756012003056,6.710720757425415,39.17663041786341,-0.2783512924245244,True
2832,1100.0,14.6,1135.8515568400837,8.618958589031914,1118.3159203980076,12.065776119402983,1083.6114011065888,9.653834907784113,17.53563644207611,-3.446817530371069,True
2956,1100.0,14.0,1137.3848556722762,10.977261572402663,1149.452736318406,13.493716417910449,1116.8757036367783,9.705887943902525,-12.067880646129879,-2.516454845507786,True
2826,1050.0,14.6,1102.3057338172393,6.772875319673297,1077.1194029850717,12.808532338308456,1051.5048089197967,7.483670162189728,25.18633083216764,-6.03565701863516,False
2967,1050.0,14.0,1145.6142118829055,10.522921084029502,1110.5174129353209,14.503009950248757,1105.007309049503,8.78678637568293,35.0967989475846,-3.980088866219255,True
2982,1025.0,14.0,1160.9843428994234,11.077144533524534,1054.7064676616878,12.587711442786066,1024.6118803546228,7.075214080964885,106.27787523773554,-1.5105669092615326,False
2952,1000.0000000000001,14.0,1119.3472205832109,10.477015548962916,1045.7238805970114,15.221890547263682,1058.8199537535534,5.82625079262527,73.62333998619943,-4.744874998300766,True
2972,1000.0000000000001,14.0,1132.7456286374368,11.503210776392507,1059.1567164179073,13.52358208955224,1047.7571330492115,7.938318185283062,73.58891221952945,-2.0203713131597336,True
2964,950.0000000000001,14.0,1101.3110588870868,9.662883581662948,1051.1492537313397,14.77696517412936,1041.404543930334,5.949459396024391,50.16180515574706,-5.1140815924664125,True
2961,900.0000000000001,14.0,1093.7237487690554,9.500218471647674,1030.1293532338268,14.51008955223881,1034.8550919368963,4.921816545539139,63.594395535228614,-5.009871080591136,True
2984,1100.0,16.0,1134.7644425668543,9.05338011275187,1142.1641791044758,11.524482587064679,1109.2283873347037,9.041458364436009,-7.399736537621493,-2.471102474312808,True
2973,1050.0,16.0,1123.5236294555705,10.126083615537777,1111.621890547261,14.208059701492537,1091.0711313325455,8.50906500017952,11.901738908309426,-4.081976085954761,True
2976,1000.0000000000001,16.0,1121.871591218158,10.069223548876662,1077.1094527363152,13.052129353233827,1072.6991924161089,6.817853361664584,44.76213848184284,-2.9829058043571646,True
3036,950.0000000000001,16.0,1098.9831868049214,11.31765352688345,1083.3258706467632,18.44179104477612,1031.8123201256626,9.028121304462184,15.65731615815821,-7.12413751789267,False
2825,950.0000000000001,13.1,1038.571682932063,8.930453785599415,1016.1741293532297,14.47834825870647,1002.4178617310687,9.466395728317382,22.397553578833254,-5.547894473107055,True
2927,1000.0000000000001,14.6,1086.7474806171406,8.837174141305544,1067.20149253731,13.086681592039803,1049.8871351795915,8.959662392677888,19.545988079830522,-4.249507450734258,True
